place_id,city,n_obs,last_year,last_population,best_model,mae_ets,rmse_ets,2025_ets,2026_ets,2027_ets,2028_ets,2029_ets,mae_arima,rmse_arima,2025_arima,2026_arima,2027_arima,2028_arima,2029_arima,2025_forecast,2025_lower,2025_upper,2026_forecast,2026_lower,2026_upper,2027_forecast,2027_lower,2027_upper,2028_forecast,2028_lower,2028_upper,2029_forecast,2029_lower,2029_upper,pct_change_5y
3651000,"New York city, New York",19,2024,8478072,arima,248497,286819,8449575,8450503,8451246,8451840,8452316,152525,189635,8483923,8485825,8486442,8486643,8486708,8483923,8280410,8687437,8485825,8193505,8778145,8486442,8125401,8847484,8486643,8067674,8905612,8486708,8016803,8956614,0.1
0644000,"Los Angeles city, California",19,2024,3878718,ets,175681,201438,3880178,3881413,3882459,3883344,3884094,183748,205472,3879429,3880012,3880489,3880879,3881199,3880178,3805595,3956533,3881413,3772725,3984054,3882459,3750414,4009029,3883344,3728180,4028615,3884094,3710134,4048486,0.14
1714000,"Chicago city, Illinois",19,2024,2721326,ets,28727,30784,2685789,2682859,2679944,2677043,2674157,28782,31862,2722217,2722108,2722121,2722120,2722120,2685789,2624160,2748882,2682859,2621190,2742897,2679944,2617487,2742414,2677043,2615509,2739032,2674157,2611003,2735081,-1.73
4835000,"Houston city, Texas",19,2024,2387910,arima,84358,91108,2367428,2376445,2384879,2392767,2400145,46469,65249,2392202,2391879,2391903,2391901,2391901,2392202,2322858,2461545,2391879,2291001,2492756,2391903,2267400,2516406,2391901,2247579,2536223,2391901,2230172,2553631,0.17
0455000,"Phoenix city, Arizona",19,2024,1673122,arima,69454,84860,1687875,1699823,1711712,1723540,1735310,68507,85800,1665264,1672595,1665755,1672137,1666183,1665264,1590318,1740210,1672595,1567536,1777654,1665755,1536755,1794756,1672137,1523564,1820709,1666183,1499853,1832514,-0.41
4260000,"Philadelphia city, Pennsylvania",19,2024,1573916,arima,45389,45920,1581110,1581920,1582595,1583156,1583623,23967,27071,1574950,1575811,1576528,1577126,1577624,1574950,1557600,1592299,1575811,1551020,1600601,1576528,1545888,1607168,1577126,1541460,1612793,1577624,1537462,1617786,0.24
4865000,"San Antonio city, Texas",19,2024,1526621,arima,99162,104184,1522628,1528916,1534723,1540086,1545039,87119,87718,1531694,1536211,1540233,1543816,1547005,1531694,1471809,1591578,1536211,1450284,1622137,1540233,1433586,1646880,1543816,1419157,1668474,1547005,1406060,1687951,1.34
0666000,"San Diego city, California",19,2024,1404461,arima,74491,80932,1405837,1406990,1407955,1408764,1409441,50569,54708,1405833,1406985,1407952,1408764,1409445,1405833,1380277,1431390,1406985,1370382,1443588,1407952,1362618,1453286,1408764,1355894,1461633,1409445,1349811,1469079,0.35
4819000,"Dallas city, Texas",19,2024,1326093,arima,58152,59859,1334042,1337571,1340868,1343950,1346831,40862,47713,1315504,1325710,1315874,1325354,1316217,1315504,1264537,1366472,1325710,1254180,1397240,1315874,1228059,1403688,1325354,1224196,1426512,1316217,1202969,1429465,-0.74
4827000,"Fort Worth city, Texas",19,2024,1014376,ets,22334,23778,1029406,1050029,1070529,1090905,1111159,29246,29494,1035480,1056419,1077194,1097807,1118259,1029406,1011711,1047522,1050029,1028615,1069947,1070529,1046361,1093913,1090905,1064324,1116435,1111159,1081901,1138090,9.54
1235000,"Jacksonville city, Florida",19,2024,1009831,ets,55251,56567,1031181,1052834,1074379,1095817,1117147,74795,76203,1023125,1036418,1049711,1063002,1076293,1031181,1011744,1051079,1052834,1023504,1080593,1074379,1031994,1116356,1095817,1034209,1154343,1117147,1036981,1193366,10.63
0668000,"San Jose city, California",19,2024,997395,arima,84598,91791,996396,997694,998836,999841,1000726,73852,79252,998099,998690,999186,999602,999951,998099,969194,1027004,998690,957359,1040021,999186,948070,1050302,999602,940065,1059138,999951,932873,1067029,0.26
4805000,"Austin city, Texas",19,2024,993771,arima,57572,59059,1004240,1014278,1023902,1033131,1041979,45634,48478,1000439,1006542,1012129,1017242,1021923,1000439,978756,1022122,1006542,975246,1037838,1012129,973066,1051192,1017242,971334,1063151,1021923,969746,1074100,2.83
3712000,"Charlotte city, North Carolina",19,2024,943474,arima,22691,26225,942436,953181,963485,973366,982841,12148,15826,954363,964652,974375,983562,992242,954363,938606,970120,964652,941945,987360,974375,946062,1002687,983562,950309,1016814,992242,954459,1030025,5.17
3918000,"Columbus city, Ohio",19,2024,931551,ets,13191,17348,936242,944170,951777,959076,966079,18491,20872,939421,946902,954013,960772,967196,936242,922594,950213,944170,928661,959121,951777,934258,968810,959076,940315,977147,966079,945961,984980,3.71
1836003,"Indianapolis city (balance), Indiana",19,2024,890315,ets,5342,7704,889608,892871,895954,898866,901616,12668,14155,893125,895705,898072,900245,902240,889608,880806,898619,892871,884064,901446,895954,887034,904876,898866,890077,907719,901616,892597,910318,1.27
0667000,"San Francisco city, California",19,2024,827526,arima,71537,80708,828358,829049,829625,830103,830501,59719,66685,827455,827400,827356,827323,827296,827455,794684,860226,827400,780161,874639,827356,768564,886149,827323,758506,896139,827296,749464,905128,-0.03
5363000,"Seattle city, Washington",19,2024,780992,ets,27971,32878,786803,796698,806345,815749,824919,35635,38182,791429,801600,811511,821168,830578,786803,765770,808335,796698,770523,821158,806345,776424,835075,815749,782403,847617,824919,788038,858952,5.62
0820000,"Denver city, Colorado",19,2024,729019,ets,32996,36565,735881,742544,749015,755299,761401,35498,36284,733712,738074,742129,745898,749402,735881,719344,752810,742544,718446,765302,749015,719738,777078,755299,720896,787508,761401,722830,797850,4.44
4055000,"Oklahoma City city, Oklahoma",19,2024,713014,ets,11021,12751,720175,730091,739956,749771,759535,28928,30043,722723,732314,741791,751153,760402,720175,708013,732626,730091,717921,741939,739956,727631,752285,749771,737627,762004,759535,747072,771558,6.52
4752006,"Nashville-Davidson metropolitan government (balance), Tennessee",19,2024,704965,ets,4969,5990,713106,719618,724828,728996,732330,22515,23544,706714,708013,708978,709694,710226,713106,698312,728250,719618,694314,743919,724828,688524,760489,728996,681111,775186,732330,673379,785981,3.88
1150000,"Washington city, District of Columbia",19,2024,702250,arima,46460,50603,698675,700488,702077,703470,704690,22054,29876,705333,705702,705746,705751,705752,705333,682974,727692,705702,671913,739491,705746,663301,748191,705751,656116,755386,705752,649841,761662,0.5
4824000,"El Paso city, Texas",19,2024,681724,arima,29413,30160,683723,685549,687215,688736,690125,28831,30387,682846,683827,684686,685437,686094,682846,674510,691182,683827,671896,695758,684686,669914,699458,685437,668211,702664,686094,666660,705529,0.64
3240000,"Las Vegas city, Nevada",19,2024,678924,ets,10459,15134,680215,686642,693027,699371,705675,29628,30774,680219,679379,679924,679571,679800,680215,668363,692349,686642,674782,698188,693027,681016,705041,699371,687537,711293,705675,693529,717392,3.94
2507000,"Boston city, Massachusetts",19,2024,673822,arima,36099,39175,678561,679652,680605,681437,682164,31446,32744,675702,676694,677217,677493,677638,675702,649819,701584,676694,638216,715171,677217,628526,725907,677493,620008,734977,677638,612357,742919,0.57
2622000,"Detroit city, Michigan",19,2024,645702,arima,50650,55232,600695,591319,582221,573392,564824,24456,33283,641166,637141,633569,630400,627587,641166,562443,719889,637141,528271,746010,633569,503006,764131,630400,482592,778207,627587,465382,789793,-2.81
2148006,"Louisville/Jefferson County metro government (balance), Kentucky",19,2024,640793,arima,19627,22105,633943,635302,636529,637635,638633,13240,14554,643331,645701,647916,649985,651917,643331,627359,659303,645701,622952,668451,647916,619863,675969,649985,617382,682587,651917,615242,688592,1.74
4159000,"Portland city, Oregon",19,2024,636958,arima,35123,41223,637269,637549,637803,638031,638237,27003,29277,637803,638526,639143,639670,640120,637803,627678,647929,638526,623946,653105,639143,620997,657288,639670,618414,660925,640120,616049,664191,0.5
4748000,"Memphis city, Tennessee",19,2024,610936,arima,29388,32035,604199,596048,587938,579869,571840,24023,28044,610962,610969,610972,610972,610972,610962,595982,625942,610969,589813,632126,610972,585079,636865,610972,581086,640858,610972,577567,644377,0.01
2404000,"Baltimore city, Maryland",19,2024,568271,arima,38154,39690,564820,561386,557970,554570,551188,36436,37731,568340,568356,568359,568360,568360,568340,557124,579556,568356,552178,584533,568359,548359,588360,568360,545146,591574,568360,542324,594397,0.02
5553000,"Milwaukee city, Wisconsin",19,2024,563512,arima,31727,33132,558580,556730,555173,553862,552759,24722,26728,563302,563150,563039,562959,562902,563302,552614,573990,563150,547868,578431,563039,544156,581922,562959,540997,584922,562902,538201,587603,-0.11
3502000,"Albuquerque city, New Mexico",19,2024,560333,ets,12646,15161,561059,561655,562163,562597,562968,13242,15242,560832,561254,561612,561916,562172,561059,552498,569824,561655,549403,573209,562163,547314,576320,562597,545124,578742,562968,543536,581294,0.47
0477000,"Tucson city, Arizona",19,2024,554011,ets,13746,14015,549868,551384,552893,554395,555889,14221,14904,554140,554088,554109,554100,554104,549868,535481,564596,551384,536989,565400,552893,538314,567477,554395,540030,568866,555889,541146,570111,0.34
0627000,"Fresno city, California",19,2024,550091,ets,4572,5133,556320,560370,564372,568326,572232,6017,8863,554116,558141,562166,566190,570214,556320,548237,564596,560370,552281,568245,564372,556180,572566,568326,560254,576457,572232,563948,580223,4.02
0664000,"Sacramento city, California",19,2024,535787,arima,8250,8904,537931,542730,547505,552256,556984,6248,7167,540716,545644,550572,555500,560428,540716,533956,547475,545644,536039,555249,550572,538753,562392,555500,541788,569212,560428,545027,575830,4.6
1304000,"Atlanta city, Georgia",19,2024,520066,ets,32253,33319,511356,515155,518935,522696,526438,33006,35298,520784,521242,521535,521721,521840,511356,461121,562785,515155,464887,564094,518935,468025,569857,522696,472538,573226,526438,474960,576099,1.23
0446000,"Mesa city, Arizona",19,2024,517142,arima,40653,46812,519281,521889,524484,527066,529635,31602,35941,518085,517782,517879,517848,517858,518085,503107,533063,517782,495225,540338,517879,490074,545685,517848,485539,550157,517858,481629,554087,0.14
2938000,"Kansas City city, Missouri",19,2024,516045,ets,10952,11647,518098,522171,526223,530255,534267,21714,25516,515455,515959,515529,515897,515582,518098,502592,533973,522171,506654,537277,526223,510508,541941,530255,514773,545852,534267,518377,549596,3.53
3755000,"Raleigh city, North Carolina",19,2024,499637,arima,16913,18078,502021,506989,511693,516145,520359,8646,10126,503158,506303,509113,511622,513863,503158,491810,514507,506303,489788,522819,509113,488352,529873,511622,487074,536170,513863,485818,541908,2.85
0816000,"Colorado Springs city, Colorado",19,2024,493540,ets,9033,10507,502432,507286,512011,516608,521082,12367,16052,497786,501862,505773,509528,513131,502432,492993,512094,507286,497842,516481,512011,502445,521578,516608,507184,526102,521082,511410,530412,5.58
3137000,"Omaha city, Nebraska",19,2024,489263,ets,7957,10327,498421,503080,507597,511976,516221,25258,26856,489309,489316,489317,489317,489317,498421,474287,523128,503080,478931,526591,507597,483140,532061,511976,487880,536251,516221,491491,540079,5.51
1245000,"Miami city, Florida",19,2024,487006,arima,32282,35594,477533,480766,483796,486636,489298,26403,31457,485927,485753,485724,485720,485719,485927,461213,510642,485753,451377,520129,485724,443936,527513,485720,437659,533780,485719,432117,539321,-0.26
5182000,"Virginia Beach city, Virginia",19,2024,454808,ets,5811,6852,455377,455899,456380,456822,457228,5928,7068,454825,454823,454823,454823,454823,455377,450359,460513,455899,448588,462804,456380,447497,464894,456822,446384,466594,457228,445525,468287,0.53
0643000,"Long Beach city, California",19,2024,450917,arima,17558,19568,447785,446821,446049,445432,444938,14613,15710,451069,450952,451042,450972,451026,451069,445667,456472,450952,443233,458671,451042,441606,460479,450972,440054,461891,451026,438826,463227,0.02
0653000,"Oakland city, California",19,2024,443575,ets,10856,11623,445642,448438,451133,453730,456232,12561,14255,442352,443526,442399,443481,442442,445642,430139,461514,448438,432925,463541,451133,435421,466848,453730,438250,469324,456232,440345,471558,2.85
2743000,"Minneapolis city, Minnesota",19,2024,428572,arima,14716,16770,433767,435395,436878,438231,439464,13086,15641,428572,428572,428572,428572,428572,428572,414531,442613,428572,408715,448429,428572,404252,452892,428572,400490,456654,428572,397175,459968,0.0
0603526,"Bakersfield city, California",19,2024,417461,ets,12552,13628,419089,423083,426905,430562,434062,17344,19676,420633,423554,426244,428722,431004,419089,407574,430877,423083,411561,434300,426905,415236,438577,430562,419066,442144,434062,422262,445445,3.98
1271000,"Tampa city, Florida",19,2024,414575,ets,14275,18850,418038,423069,428075,433055,438011,17102,22061,420150,425723,431292,436858,442421,418038,406598,429749,423069,408457,436808,428075,411026,444152,433055,413841,451558,438011,416499,458132,5.65
4075000,"Tulsa city, Oklahoma",19,2024,413652,ets,3869,4872,412996,413940,414830,415669,416461,7223,8183,413754,413806,413833,413847,413854,412996,406859,419279,413940,407799,419918,414830,408610,421050,415669,409542,421842,416461,410172,422527,0.68
4804000,"Arlington city, Texas",19,2024,403657,ets,9514,10470,404384,405898,407333,408693,409981,13064,13467,405231,406710,408100,409406,410634,404384,395668,413308,405898,397176,414390,407333,398499,416169,408693,399990,417460,409981,401049,418598,1.57
0804000,"Aurora city, Colorado",19,2024,402452,ets,2108,2758,407524,412649,417692,422654,427536,4203,4824,407665,412790,417829,422783,427653,407524,402605,412559,412649,407727,417441,417692,412707,422678,422654,417743,427601,427536,422496,432398,6.23
2079000,"Wichita city, Kansas",19,2024,400993,arima,6485,7925,401973,402869,403688,404436,405121,5602,7087,402009,402939,403791,404571,405285,402009,396884,407134,402939,395640,410239,403791,394792,412790,404571,394115,415027,405285,393526,417044,1.07
3916000,"Cleveland city, Ohio",19,2024,365391,ets,6454,7020,362646,360103,357574,355056,352552,14389,15163,365335,365321,365317,365316,365316,362646,347154,378506,360103,344602,375195,357574,341874,373277,355056,339589,370639,352552,336677,367866,-3.51
2255000,"New Orleans city, Louisiana",19,2024,362701,arima,56103,59405,388680,389742,390683,391517,392257,18949,20448,364817,364460,364520,364510,364512,364817,350261,379374,364460,348087,380833,364520,345985,383055,364510,344125,384895,364512,342418,386606,0.5
3231900,"Henderson city, Nevada",19,2024,350020,arima,18272,19518,353513,359866,366188,372477,378736,12998,15793,356978,363936,370892,377848,384804,356978,348722,365234,363936,352143,375728,370892,356309,385476,377848,360847,394850,384804,365618,403990,9.94
1571550,"Urban Honolulu CDP, Hawaii",14,2024,344977,arima,9365,9840,345607,346111,346514,346837,347095,6479,7415,345003,345021,345033,345041,345046,345003,341682,348324,345021,340292,349749,345033,339211,350854,345041,338290,351791,345046,337474,352619,0.02
0602000,"Anaheim city, California",19,2024,344579,arima,9328,10712,344160,344279,344381,344470,344548,6874,7380,344792,344790,344790,344790,344790,344792,340151,349433,344790,338062,351517,344790,336486,353094,344790,335164,354416,344790,334003,355577,0.06
1253000,"Orlando city, Florida",19,2024,334871,ets,10911,13373,341781,351500,361170,370791,380365,13201,14822,341165,347458,353752,360045,366339,341781,332985,350785,351500,339460,363016,361170,344379,377746,370791,347495,393095,380365,350202,409419,13.59
2146027,"Lexington-Fayette urban county, Kentucky",19,2024,329437,arima,6617,8431,328571,329588,330498,331313,332043,5002,5772,330124,330692,331161,331549,331869,330124,324288,335960,330692,322244,339140,331161,320604,341718,331549,319142,343956,331869,317783,345955,0.74
0675000,"Stockton city, California",19,2024,324980,ets,2478,3209,326297,328599,330889,333168,335435,11910,12387,324720,324938,324755,324909,324780,326297,318794,333979,328599,321090,335909,330889,323285,338495,333168,325676,340715,335435,327746,342853,3.22
0662000,"Riverside city, California",19,2024,323792,arima,10586,10842,326659,327258,327817,328339,328826,8328,8959,324090,324127,324131,324132,324132,324090,315576,332604,324127,311709,336545,324131,308733,339529,324132,306240,342024,324132,304053,344211,0.11
0636770,"Irvine city, California",19,2024,318693,arima,10765,12361,328620,336165,343672,351142,358574,8438,10102,326723,334751,342775,350797,358816,326723,314671,338776,334751,317493,352008,342775,321382,364169,350797,325800,375793,358816,330544,387087,12.59
4817000,"Corpus Christi city, Texas",19,2024,317314,arima,24323,25955,318157,318932,319643,320295,320894,21619,22842,317780,318193,318557,318880,319165,317780,308655,326905,318193,305167,331218,318557,302468,334647,318880,300155,337605,319165,298079,340251,0.58
3451000,"Newark city, New Jersey",19,2024,317303,ets,14720,18128,315099,317795,320477,323145,325801,18161,21763,317875,318005,318034,318041,318042,315099,302398,328102,317795,303608,331596,320477,304603,335944,323145,306135,339732,325801,307797,342828,2.68
0669000,"Santa Ana city, California",19,2024,316188,arima,18747,20649,313975,312706,311692,310880,310230,16084,19082,317304,317042,317103,317089,317092,317304,305105,329502,317042,298159,335925,317103,293660,340547,317089,289775,344403,317092,286405,347779,0.29
3915000,"Cincinnati city, Ohio",19,2024,314914,ets,8292,9053,307413,307799,308184,308566,308947,11003,11468,315039,315021,315024,315024,315024,307413,290435,324794,307799,290811,324339,308184,290978,325394,308566,291615,325643,308947,291549,325730,-1.89
7276770,"San Juan zona urbana, Puerto Rico",19,2024,313579,arima,24215,27583,309712,305865,302036,298227,294437,15876,19192,313639,313633,313634,313634,313634,313639,300070,327208,313633,294153,333114,313634,289681,337587,313634,285919,341349,313634,282610,344658,0.02
4261000,"Pittsburgh city, Pennsylvania",19,2024,307670,arima,7338,7919,305016,305077,305128,305169,305203,3684,4292,307928,307852,307874,307868,307870,307928,304129,311727,307852,302326,313377,307874,301082,314666,307868,300002,315734,307870,299062,316677,0.07
2758000,"St. Paul city, Minnesota",19,2024,307484,arima,12907,13418,308088,309126,310091,310989,311824,5533,7270,307645,307598,307612,307608,307609,307645,303672,311618,307598,301826,313371,307612,300517,314707,307608,299392,315824,307609,298410,316808,0.04
3728000,"Greensboro city, North Carolina",19,2024,307372,ets,6221,7261,302819,303523,304125,304642,305085,9282,9307,308271,308980,309537,309977,310323,302819,296163,309633,303523,296863,310007,304125,297380,310872,304642,297996,311337,305085,298264,311664,-0.74
3436000,"Jersey City city, New Jersey",19,2024,302822,ets,10553,11277,291480,294397,297299,300186,303060,19241,21685,302350,302164,302090,302061,302049,291480,276022,307306,294397,278929,309456,297299,281633,312968,300186,284752,315735,303060,287219,318341,0.08
3719000,"Durham city, North Carolina",19,2024,301877,ets,6416,6617,306248,311313,316320,321270,326164,12126,12344,306335,310652,314831,318877,322795,306248,301258,311355,311313,306320,316173,316320,311264,321378,321270,316289,326289,326164,321051,331096,8.05
3128000,"Lincoln city, Nebraska",19,2024,300626,ets,6184,8576,301578,303779,305888,307909,309845,10330,10873,301889,303005,303991,304862,305632,301578,296359,306922,303779,298556,308864,305888,300599,311179,307909,302698,313159,309845,304496,315005,3.07
3251800,"North Las Vegas city, Nevada",19,2024,294042,ets,26886,29155,299739,304296,307942,310859,313192,32861,34624,296376,297819,298711,299263,299604,299739,287411,312360,304296,282597,325103,307942,276393,339099,310859,268662,351374,313192,261541,360661,6.51
4858016,"Plano city, Texas",19,2024,292615,ets,5525,6867,294396,295814,297192,298531,299831,6574,7527,291118,292615,291118,292615,291118,294396,287167,301796,295814,288581,302856,297192,289867,304520,298531,291313,305802,299831,292424,306977,2.47
0203000,"Anchorage municipality, Alaska",19,2024,289600,arima,18129,20078,289686,289757,289815,289863,289902,8970,9649,289784,289803,289805,289805,289805,289784,284840,294729,289803,282622,296984,289805,280919,298691,289805,279491,300119,289805,278238,301372,0.07
0427400,"Gilbert town, Arizona",19,2024,288797,ets,9597,11839,287472,292302,297033,301668,306209,29083,30430,287637,288624,287784,288499,287891,287472,272040,303271,292302,276859,307335,297033,281393,312676,301668,286259,317191,306209,290395,321465,6.03
5548000,"Madison city, Wisconsin",19,2024,285318,ets,10079,11457,288656,292675,296674,300653,304612,15586,16305,288838,292266,295607,298861,302032,288656,282067,295401,292675,284476,300335,296674,287305,305671,300653,290215,310627,304612,293066,315269,6.76
3260600,"Reno city, Nevada",19,2024,281684,arima,9163,10768,284707,288740,292754,296747,300720,6942,8496,285940,290196,294451,298706,302961,285940,279876,292004,290196,281553,298838,294451,283785,305117,298706,286296,311116,302961,288983,316939,7.55
0412000,"Chandler city, Arizona",19,2024,281243,ets,12599,13970,279228,281665,284090,286502,288903,19524,21868,281205,281222,281215,281218,281216,279228,266463,292296,281665,268892,294100,284090,271153,297029,286502,273757,299342,288903,275822,301522,2.72
2965000,"St. Louis city, Missouri",19,2024,279695,ets,6370,8136,278793,275165,271556,267965,264392,21450,21819,279552,279516,279507,279504,279504,278793,262581,295390,275165,258943,290959,271556,255126,287990,267965,251778,284272,264392,247778,280418,-5.47
0613392,"Chula Vista city, California",19,2024,278548,arima,14557,15242,283921,285577,287112,288535,289855,10476,11155,280467,282277,283983,285592,287109,280467,270525,290409,282277,268053,296500,283983,266369,301597,285592,265038,306146,287109,263897,310322,3.07
3611000,"Buffalo city, New York",19,2024,276618,arima,13690,15170,277279,278097,278910,279719,280524,13363,15418,276674,276708,276728,276740,276748,276674,266415,286933,276708,262116,291300,276728,258781,294675,276740,255953,297528,276748,253452,300044,0.05
1825000,"Fort Wayne city, Indiana",19,2024,273425,ets,8058,9242,270327,271267,272159,273008,273814,9269,10354,273607,273604,273604,273604,273604,270327,258661,282271,271267,259593,282632,272159,260336,283985,273008,261359,284743,273814,261859,285347,0.14
4845000,"Lubbock city, Texas",19,2024,272085,ets,3477,4216,272228,274420,276517,278522,280439,4233,5279,274183,276151,277996,279727,281351,272228,267768,276793,274420,269958,278765,276517,271997,281038,278522,274069,283007,280439,275869,284847,3.07
1263000,"St. Petersburg city, Florida",19,2024,267073,ets,3961,6282,267125,268346,269562,270771,271974,4863,7714,268267,267596,267973,267761,267880,267125,255780,278739,268346,256994,279398,269562,258064,281061,270771,259444,282182,271974,260349,283189,1.84
3977000,"Toledo city, Ohio",19,2024,265651,ets,9714,10059,266674,265419,264170,262928,261692,9926,10079,265660,265658,265658,265658,265658,266674,252676,281005,265419,251412,279056,264170,249984,278360,262928,248951,277008,261692,247347,275530,-1.49
4841464,"Laredo city, Texas",19,2024,261408,arima,19338,20079,262368,263440,264426,265332,266166,13176,14205,262208,262919,263551,264114,264614,262208,254710,269706,262919,252151,273687,263551,250176,276926,264114,248469,279759,264614,246914,282314,1.23
1258715,"Port St. Lucie city, Florida",19,2024,258578,ets,30311,33202,271734,284824,297848,310808,323703,40040,42228,263001,266275,268698,270491,271819,271734,261970,281730,284824,267181,301784,297848,271287,324012,310808,273097,346688,323703,275208,368789,25.19
0427820,"Glendale city, Arizona",19,2024,258121,arima,13611,13729,256776,257848,258915,259977,261033,10079,10803,258223,258267,258286,258294,258298,258223,247532,268915,258267,243001,273534,258286,239477,277095,258294,236492,280096,258298,233860,282735,0.07
4837000,"Irving city, Texas",19,2024,258052,ets,3639,3903,261688,264736,267768,270785,273787,14310,14686,260544,263036,265528,268019,270511,261688,252905,270680,264736,255947,273292,267768,258867,276671,270785,262015,279619,273787,264786,282469,6.1
3775000,"Winston-Salem city, North Carolina",19,2024,255782,ets,5257,5727,258041,259896,261410,262645,263652,6296,6340,256376,256831,257178,257444,257647,258041,251391,264849,259896,246159,273004,261410,240332,281781,262645,232852,291250,263652,225288,299218,3.08
5116000,"Chesapeake city, Virginia",19,2024,254997,arima,5289,5588,257419,259486,261543,263590,265627,4571,5845,257200,259402,261603,263804,266004,257200,254624,259775,259402,255738,263065,261603,257091,266115,263804,258565,269043,266004,260115,271894,4.32
4829000,"Garland city, Texas",19,2024,250571,arima,9359,9500,248389,249044,249695,250344,250989,6046,6193,250786,250620,250748,250650,250725,250786,244872,256699,250620,242065,259176,250748,240312,261183,250650,238544,262755,250725,237209,264241,0.06
3223770,"Enterprise CDP, Nevada",18,2024,250461,arima,58411,61250,260737,270241,279697,289106,298469,54531,60390,260227,269993,279758,289523,299288,260227,236516,283938,269993,235835,304150,279758,237172,322344,289523,239496,339551,299288,242418,356158,19.49
0465000,"Scottsdale city, Arizona",19,2024,246183,arima,13922,17908,247363,248455,249511,250532,251519,13344,16906,246267,246236,246247,246243,246245,246267,233666,258867,246236,228088,264383,246247,223989,268505,246243,220491,271995,246245,217429,275060,0.03
5103000,"Arlington CDP, Virginia",19,2024,239807,arima,7045,7606,240161,241059,241887,242650,243353,4067,4656,240497,241105,241641,242112,242527,240497,233649,247345,241105,231273,250937,241641,229432,253849,242112,227836,256388,242527,226383,258672,1.13
1608830,"Boise City city, Idaho",19,2024,237959,ets,6484,7948,240636,242763,244880,246986,249082,12865,13330,238140,238088,238103,238099,238100,240636,235416,245979,242763,237540,247848,244880,239590,250171,246986,241775,252236,249082,243733,254241,4.67
1230000,"Hialeah city, Florida",19,2024,235384,arima,21276,24061,235103,235442,235743,236010,236246,10598,12379,232599,235384,232599,235384,232599,232599,223095,242104,235384,222014,248753,232599,216196,249003,235384,216476,254291,232599,211438,253761,-1.18
4827684,"Frisco city, Texas",19,2024,235221,ets,24145,25845,243733,252374,260972,269526,278038,33841,36900,244536,253852,263167,272481,281796,243733,234248,253444,252374,240158,263938,260972,246716,274500,269526,253226,285074,278038,259801,294958,18.2
5167000,"Richmond city, Virginia",19,2024,233655,ets,5631,6117,235367,236722,238006,239224,240379,6716,7995,234003,234214,234341,234419,234466,235367,229711,241157,236722,231062,242231,238006,232274,243739,239224,233577,244913,240379,234583,245970,2.88
1210275,"Cape Coral city, Florida",19,2024,233025,ets,22464,23127,240850,248230,255177,261716,267871,31562,32645,238429,243832,249233,254633,260032,240850,234440,247412,248230,236372,259578,255177,236914,272801,261716,236162,286082,267871,234832,298667,14.95
5157000,"Norfolk city, Virginia",19,2024,231105,arima,14960,15461,229616,228364,227363,226561,225920,9117,10309,231086,231082,231080,231080,231080,231086,225252,236921,231082,222329,239834,231080,220060,242101,231080,218161,243999,231080,216503,245657,-0.01
5367000,"Spokane city, Washington",19,2024,230604,ets,8998,9457,231276,232890,234496,236094,237684,11771,12042,230766,230876,230950,231000,231034,231276,224925,237778,232890,226535,239077,234496,228060,240934,236094,229753,242482,237684,231176,243962,3.07
0137000,"Huntsville city, Alabama",19,2024,230157,ets,12620,15296,233872,237485,241079,244655,248214,23577,24716,234068,237979,241889,245799,249708,233872,225785,242151,237485,227112,247257,241079,228973,252508,244655,230913,257801,248214,232913,262537,7.85
0669088,"Santa Clarita city, California",19,2024,229175,ets,25663,26413,232039,235342,238628,241898,245152,29416,31106,229040,229124,229072,229104,229084,232039,217696,246723,235342,218822,251145,238628,219797,256879,241898,221539,261468,245152,223003,265620,6.97
0626000,"Fremont city, California",19,2024,228191,arima,13409,15078,228381,228869,229316,229726,230102,9615,10032,228016,228150,228047,228126,228066,228016,218116,237916,228150,214389,241911,228047,211142,244953,228126,208675,247576,228066,206298,249833,-0.05
5370000,"Tacoma city, Washington",19,2024,228187,ets,5445,5765,229084,231464,233832,236188,238533,9991,10764,228488,228351,228413,228385,228398,229084,224219,234065,231464,225493,237015,233832,226231,241286,236188,226220,245852,238533,225918,250598,4.53
4845744,"McKinney city, Texas",19,2024,227515,ets,15787,18769,231783,238407,244997,251554,258079,22042,25854,234980,242444,249908,257371,264834,231783,223065,240709,238407,227699,248376,244997,232783,256671,251554,238079,264512,258079,243234,271781,13.43
0665000,"San Bernardino city, California",19,2024,224785,ets,1555,2215,224967,226073,227173,228268,229357,4687,5447,224866,224799,224854,224809,224846,224967,219126,230946,226073,220228,231763,227173,221254,233093,228268,222436,234143,229357,223372,235131,2.03
3268585,"Spring Valley CDP, Nevada",19,2024,221300,ets,9946,15498,223141,225184,227103,228907,230602,15707,18678,223798,226172,228429,230575,232615,223141,209009,237610,225184,211042,238952,227103,212781,241429,228907,214796,243123,230602,216120,244573,4.2
2205000,"Baton Rouge city, Louisiana",19,2024,220901,arima,10171,10250,219748,219525,219346,219202,219088,5713,6329,221043,221074,221081,221083,221083,221043,218115,223971,221074,216670,225479,221081,215536,226627,221083,214584,227581,221083,213753,228413,0.08
0648354,"Modesto city, California",19,2024,220617,ets,6140,6922,221194,222129,223060,223986,224908,6728,6949,220741,220642,220721,220657,220708,221194,215764,226753,222129,216116,227844,223060,216443,229398,223986,217069,230852,224908,217702,231845,1.94
0624680,"Fontana city, California",19,2024,218453,ets,2542,3109,214762,214978,215156,215302,215422,4838,5805,218993,219292,219457,219548,219599,214762,207354,222346,214978,207565,222195,215156,207648,222665,215302,207905,222753,215422,207830,222745,-1.39
4967000,"Salt Lake City city, Utah",19,2024,217783,ets,6842,7851,215540,218765,221974,225166,228343,10704,11112,219703,221624,223544,225464,227385,215540,209324,221904,218765,210938,226103,221974,211845,231951,225166,211415,238086,228343,210738,245105,4.85
0649270,"Moreno Valley city, California",19,2024,213893,ets,2439,2840,214563,215187,215753,216267,216733,6317,6553,214102,214214,214275,214307,214325,214563,206170,223156,215187,206788,223363,215753,207247,224261,216267,207886,224709,216733,208132,225030,1.33
1921000,"Des Moines city, Iowa",19,2024,213188,arima,8316,9259,213125,213502,213848,214164,214454,5201,5747,213345,213220,213319,213240,213303,213345,210124,216565,213220,208599,217841,213319,207676,218963,213240,206704,219777,213303,206002,220604,0.05
2582000,"Worcester city, Massachusetts",19,2024,211289,ets,13221,14673,208654,210991,213317,215630,217932,14915,17586,212041,212671,213199,213641,214012,208654,197151,220431,210991,199480,222198,213317,201658,224978,215630,204144,227201,217932,206144,229305,3.14
3684000,"Yonkers city, New York",19,2024,211062,ets,4490,5448,209870,210557,211241,211922,212599,5547,6925,211161,211127,211138,211135,211136,209870,204897,214960,210557,205200,215693,211241,205387,216871,211922,205971,217994,212599,206397,218715,0.73
3722920,"Fayetteville city, North Carolina",19,2024,209485,arima,9419,9845,210148,210528,210841,211100,211313,4158,5008,209383,209362,209358,209357,209357,209383,203347,215419,209362,199470,219254,209358,196502,222213,209357,194061,224652,209357,191952,226761,-0.06
4659020,"Sioux Falls city, South Dakota",19,2024,209297,ets,17194,18085,212889,216611,220314,223999,227666,19089,19653,213493,217688,221883,226078,230272,212889,202843,223173,216611,204832,227700,220314,206956,233299,223999,209616,237977,227666,211802,242333,8.78
4830464,"Grand Prairie city, Texas",19,2024,207618,ets,2835,3323,206050,207515,208899,210205,211439,4232,4633,209103,210476,211746,212920,214005,206050,200179,212061,207515,201641,213235,208899,202949,214850,210205,204343,216110,211439,205422,217243,1.84
3663000,"Rochester city, New York",19,2024,207287,arima,5910,6586,209622,209658,209686,209709,209727,1910,2485,207301,207301,207301,207301,207301,207301,198375,216228,207301,194162,220441,207301,191004,223599,207301,188366,226237,207301,186052,228550,0.01
1270600,"Tallahassee city, Florida",19,2024,205091,arima,7658,8476,205216,205716,206147,206517,206836,6047,6794,205791,206354,206808,207173,207467,205791,202089,209493,206354,200902,211806,206808,199898,213717,207173,198960,215385,207467,198056,216878,1.16
0541000,"Little Rock city, Arkansas",19,2024,204793,arima,2673,2808,202993,203296,203570,203819,204044,2530,3215,204886,204920,204933,204938,204940,204886,198277,211494,204920,195275,214566,204933,192909,216958,204938,190903,218974,204940,189138,220742,0.07
2053775,"Overland Park city, Kansas",19,2024,202909,ets,2806,3282,203776,205520,207223,208885,210507,4169,5492,205040,207157,209261,211351,213429,203776,200758,206867,205520,202500,208461,207223,204163,210283,208885,205871,211921,210507,207414,213491,3.74
1304204,"Augusta-Richmond County consolidated government (balance), Georgia",19,2024,201930,ets,3525,3885,202533,203123,203700,204263,204813,3984,4783,201969,201993,202007,202016,202022,202533,198433,206731,203123,197148,208766,203700,196440,210658,204263,195732,212249,204813,195249,213851,1.43
1319000,"Columbus city, Georgia",19,2024,201830,arima,7010,8944,201675,201844,201990,202115,202223,6675,6871,201825,201826,201826,201826,201826,201825,195891,207760,201826,193093,210558,201826,191021,212630,201826,189285,214366,201826,187762,215889,-0.0
0150000,"Mobile city, Alabama",19,2024,201355,arima,10241,10485,201908,202458,203005,203550,204092,8205,8517,201276,201227,201196,201177,201164,201276,192941,209611,201227,189468,212986,201196,186820,215572,201177,184600,217753,201164,182651,219678,-0.09
0654652,"Oxnard city, California",19,2024,200637,arima,19536,20973,202155,203427,204444,205258,205909,13462,14938,201099,201523,201913,202271,202600,201099,192925,209273,201523,189885,213162,201913,187568,216258,202271,185608,218934,202600,183865,221335,0.98
2634000,"Grand Rapids city, Michigan",19,2024,200131,arima,5203,6540,199778,200288,200795,201299,201801,3449,4723,199823,200056,199880,200013,199912,199823,196704,202941,200056,195771,204341,199880,194605,205154,200013,193959,206067,199912,193134,206690,-0.11
3271400,"Sunrise Manor CDP, Nevada",19,2024,199977,arima,13191,14677,207340,209297,211114,212798,214361,9634,11248,200992,200502,200738,200624,200679,200992,190244,211740,200502,185782,215221,200738,182721,218756,200624,179905,221343,200679,177538,223821,0.35
0454050,"Peoria city, Arizona",19,2024,199932,ets,18994,20716,202955,205714,208459,211191,213909,21850,24049,199708,199848,199761,199815,199781,202955,190432,215774,205714,188859,221906,208459,188333,227781,211191,187790,233206,213909,187715,238306,6.99
5374060,"Vancouver city, Washington",19,2024,198988,ets,13681,13731,201021,203175,205318,207450,209571,15046,15728,198947,198977,198955,198971,198960,201021,195164,207017,203175,195794,210096,205318,196831,213402,207450,197895,216647,209571,198985,219381,5.32
4740000,"Knoxville city, Tennessee",19,2024,198708,ets,6446,7337,199176,200411,201639,202862,204078,7992,8673,198542,198688,198559,198672,198573,199176,193213,205280,200411,193896,206591,201639,194500,208470,202862,195571,210276,204078,196427,211560,2.7
0107000,"Birmingham city, Alabama",19,2024,198477,ets,10559,12581,201112,200295,199481,198671,197866,11408,13255,198427,198410,198404,198402,198401,201112,189065,213446,200295,188239,212031,199481,187272,211693,198671,186642,210790,197866,185520,209776,-0.31
4803000,"Amarillo city, Texas",19,2024,197979,arima,4317,5127,201565,201737,201885,202014,202126,3243,3593,197623,197591,197588,197588,197588,197623,192021,203225,197591,189386,205796,197588,187406,207771,197588,185752,209424,197588,184303,210873,-0.2
0151000,"Montgomery city, Alabama",19,2024,195826,arima,7023,7409,195762,195716,195670,195625,195579,2736,2849,195866,195864,195864,195864,195864,195866,190668,201064,195864,188309,203418,195864,186540,205187,195864,185057,206671,195864,183754,207974,0.02
4459000,"Providence city, Rhode Island",19,2024,194710,ets,6978,7754,194981,196469,197950,199424,200890,8119,9714,194885,194820,194844,194835,194839,194981,189098,201004,196469,189721,202941,197950,190319,205388,199424,191137,207316,200890,191932,209201,3.17
0636000,"Huntington Beach city, California",19,2024,193171,arima,9575,11082,193265,193347,193418,193480,193534,7337,8306,193036,193171,193036,193171,193036,193036,188684,197387,193171,187019,199322,193036,185501,200571,193171,184471,201870,193036,183309,202763,-0.07
4810768,"Brownsville city, Texas",19,2024,191968,ets,2753,3345,189253,189869,190481,191091,191697,4076,5100,192089,192137,192156,192164,192167,189253,182570,196095,189869,183182,196379,190481,183709,197256,191091,184418,197813,191697,184849,198304,-0.14
4714000,"Chattanooga city, Tennessee",19,2024,191495,ets,3490,4233,188172,188976,189719,190405,191040,6964,7209,192167,192599,192876,193055,193170,188172,181213,195297,188976,182013,195755,189719,182666,196773,190405,183457,197405,191040,183909,197919,-0.24
1224000,"Fort Lauderdale city, Florida",19,2024,190640,ets,5715,6591,187445,188266,189045,189783,190482,5739,6216,192007,191864,191879,191878,191878,187445,174891,200298,188266,175704,200496,189045,176322,201770,189783,177248,202410,190482,177617,202893,-0.08
0473000,"Tempe city, Arizona",19,2024,190113,arima,12808,15037,191959,193298,194631,195957,197276,11412,14848,189846,190065,189885,190033,189911,189846,179536,200156,190065,175854,204277,189885,172383,207387,190033,169946,210121,189911,167405,212418,-0.11
3901000,"Akron city, Ohio",19,2024,189669,ets,5571,6641,188599,188052,187507,186966,186427,5865,7125,189656,189654,189654,189654,189654,188599,182501,194841,188052,180669,194916,187507,179175,195570,186966,177801,195764,186427,176340,195715,-1.71
0630000,"Glendale city, California",19,2024,187802,arima,9712,11331,187405,187010,186617,186226,185836,9349,10652,187760,187783,187770,187777,187774,187760,183394,192126,187783,181673,193893,187770,180284,195256,187777,179145,196409,187774,178124,197423,-0.01
4715160,"Clarksville city, Tennessee",19,2024,185680,ets,9289,10555,189642,193733,197802,201852,205881,10799,12850,190011,194341,198671,203000,207329,189642,183973,195446,193733,186196,200885,197802,188993,206351,201852,191525,211581,205881,194280,216577,10.88
0653896,"Ontario city, California",19,2024,185289,ets,3944,5335,186206,187641,189064,190476,191876,6115,6809,185261,185262,185262,185262,185262,186206,180485,192064,187641,181916,193215,189064,183266,194864,190476,184763,196231,191876,186013,197532,3.55
3254600,"Paradise CDP, Nevada",19,2024,183959,arima,55643,63829,182471,180991,179518,178053,176595,40479,46563,183638,183618,183617,183617,183617,183638,157904,209372,183618,148231,219005,183617,140748,226486,183617,134392,232841,183617,128769,238464,-0.19
5156000,"Newport News city, Virginia",19,2024,183056,ets,2291,2786,182361,182370,182377,182382,182387,3231,3296,183064,183070,183074,183077,183080,182361,176156,188714,182370,176160,188415,182377,176088,188667,182382,176186,188624,182387,176028,188521,-0.37
0622020,"Elk Grove city, California",19,2024,182779,ets,5946,6202,184391,186046,187631,189149,190601,9785,10044,182153,182615,182274,182525,182340,184391,176079,192900,186046,177729,194144,187631,179208,196057,189149,180849,197509,190601,182084,198818,4.28
3710740,"Cary town, North Carolina",19,2024,181838,ets,7241,7558,186398,188806,191099,193282,195361,8370,8731,184293,186634,188866,190995,193025,186398,180515,192421,188806,182919,194537,191099,185137,197062,193282,187408,199199,195361,189332,201176,7.44
1703012,"Aurora city, Illinois",19,2024,180791,arima,25933,26901,180939,181065,181172,181264,181342,14945,17648,180880,180893,180895,180895,180895,180880,169529,192232,180893,164244,197542,180895,160197,201593,180895,156811,204979,180895,153845,207945,0.06
4164900,"Salem city, Oregon",19,2024,180389,ets,5660,7388,182650,184490,186321,188142,189955,7221,8274,181728,183008,184231,185400,186516,182650,178904,186486,184490,180741,188140,186321,182524,190119,188142,184401,191911,189955,186115,193658,5.3
1255775,"Pembroke Pines city, Florida",19,2024,179331,arima,7519,8552,173565,174293,175017,175737,176454,5438,6622,180250,181167,182083,182996,183907,180250,168239,192262,181167,164135,198200,182083,161166,203000,182996,158779,207213,183907,156760,211054,2.55
4123850,"Eugene city, Oregon",19,2024,178789,ets,5905,7060,181112,182860,184599,186330,188052,7138,7812,180543,182276,183990,185685,187360,181112,177730,184575,182860,179475,186156,184599,181171,188028,186330,182952,189733,188052,184585,191396,5.18
2270000,"Shreveport city, Louisiana",19,2024,177972,arima,13419,14260,174016,171996,170056,168193,166404,12605,12711,178065,178043,178048,178047,178047,178065,174807,181324,178043,173249,182837,178048,172140,183957,178047,171195,184899,178047,170369,185726,0.04
0670098,"Santa Rosa city, California",19,2024,177531,arima,7979,8241,178856,179110,179329,179517,179679,2496,2988,178306,177671,178191,177765,178114,178306,171560,185051,177671,167692,187650,178191,166084,190298,177765,163646,191884,178114,162386,193842,0.33
0659451,"Rancho Cucamonga city, California",19,2024,176677,arima,3863,4408,177252,177362,177453,177528,177590,2336,3184,176991,176950,176956,176955,176955,176991,173436,180546,176950,171639,182262,176956,170368,183543,176955,169298,184611,176955,168362,185548,0.16
0629000,"Garden Grove city, California",19,2024,172331,ets,4127,4758,171527,171421,171316,171211,171107,8510,10793,171555,171515,171513,171513,171513,171527,153262,190226,171421,153145,189215,171316,152806,189831,171211,152974,189583,171107,152390,189163,-0.71
0653322,"Oceanside city, California",19,2024,170942,arima,6709,7631,169980,169392,168921,168545,168244,3820,4397,170453,170894,170497,170855,170532,170453,166391,174516,170894,165208,176580,170497,163513,177480,170855,162814,178896,170532,161530,179534,-0.24
0827425,"Fort Collins city, Colorado",19,2024,170927,arima,8843,9582,173780,175085,176318,177484,178587,8006,9269,170995,171002,171002,171002,171002,170995,167310,174681,171002,165433,176570,171002,164016,177989,171002,162838,179167,171002,161810,180195,0.04
2970000,"Springfield city, Missouri",19,2024,170572,ets,2200,2530,171153,171456,171723,171960,172169,2919,2964,170627,170658,170675,170685,170690,171153,167119,175283,171456,167419,175386,171723,167635,175813,171960,167932,176018,172169,168035,176157,0.94
4751560,"Murfreesboro city, Tennessee",19,2024,168382,arima,12154,12295,172925,177347,181748,186126,190483,11470,12258,173052,177722,182392,187061,191730,173052,169180,176924,177722,172167,183277,182392,175492,189291,187061,178985,195137,191730,182580,200881,13.87
0471510,"Surprise city, Arizona",19,2024,167569,arima,10317,10975,161411,164601,167775,170933,174075,10003,11390,171577,175584,179592,183599,187607,171577,157742,185412,175584,155790,195379,179592,155071,204112,183599,154969,212229,187607,155247,219966,11.96
0640130,"Lancaster city, California",19,2024,167426,ets,4878,5549,166654,166987,167284,167548,167784,6266,6659,167565,167670,167750,167812,167858,166654,158497,175004,166987,158825,174933,167284,159017,175552,167548,159404,175753,167784,159425,175847,0.21
7206593,"Bayamón zona urbana, Puerto Rico",19,2024,166470,arima,15017,15856,164374,163360,162409,161518,160683,10838,12220,166570,166560,166561,166561,166561,166570,157040,176101,166560,152904,180217,166561,149777,183345,166561,147146,185977,166561,144831,188291,0.05
4819972,"Denton city, Texas",19,2024,165986,ets,10996,11907,162616,165934,169236,172520,175788,15159,15882,169692,173338,176926,180456,183929,162616,153092,172367,165934,156404,175213,169236,159584,178890,172520,163011,182101,175788,166028,185204,5.91
0662938,"Roseville city, California",19,2024,163299,arima,10660,11783,167864,172280,176674,181046,185396,9702,11029,166340,169382,172423,175464,178505,166340,162348,170332,169382,163679,175084,172423,165370,179476,175464,167242,183687,178505,169225,187786,9.31
0655156,"Palmdale city, California",19,2024,162526,ets,4435,6092,163177,163587,163961,164302,164612,4531,5380,163724,162694,163580,162818,163473,163177,155069,171477,163587,155475,171485,163961,155745,172179,164302,156207,172456,164612,156304,172627,1.28
0616350,"Corona city, California",19,2024,161540,ets,5003,7521,162826,162887,162948,163009,163069,7627,7741,161507,161501,161499,161499,161499,162826,152395,173505,162887,152450,173049,162948,152377,173522,163009,152594,173501,163069,152380,173381,0.95
0664224,"Salinas city, California",19,2024,160779,arima,3298,3668,162397,163050,163681,164291,164881,2908,3392,160779,160779,160779,160779,160779,160779,152900,168658,160779,149637,171921,160779,147132,174426,160779,145021,176537,160779,143161,178397,0.0
4839148,"Killeen city, Texas",19,2024,160618,ets,3880,5717,162941,165176,167326,169395,171385,5650,6801,162745,164778,166722,168580,170356,162941,156691,169340,165176,156068,173777,167326,156261,177933,169395,156392,181569,171385,156807,185161,6.7
3457000,"Paterson city, New Jersey",19,2024,160446,ets,7476,8952,159901,161930,163950,165959,167959,7493,8920,160319,160261,160235,160223,160218,159901,151459,168543,161930,151690,171441,163950,151103,176596,165959,149284,182091,167959,146961,187924,4.68
5101000,"Alexandria city, Virginia",19,2024,159102,ets,6922,7283,159039,159713,160354,160964,161545,8730,9515,157693,159102,157693,159101,157693,159039,152738,165489,159713,151769,167164,160354,151213,169063,160964,150674,170877,161545,150136,172116,1.54
1232000,"Hollywood city, Florida",19,2024,159072,ets,2840,3491,158464,159515,160560,161601,162636,3795,5148,158220,159065,158227,159059,158233,158464,152630,164436,159515,153677,165198,160560,154648,166474,161601,155776,167469,162636,156658,168403,2.24
4513330,"Charleston city, South Carolina",19,2024,159011,ets,2272,2413,160787,163594,166388,169168,171933,15013,15244,158902,158971,158927,158955,158938,160787,155870,165820,163594,158674,168384,166388,161405,171372,169168,164258,174113,171933,166895,176794,8.13
0633000,"Hayward city, California",19,2024,158433,arima,11538,12214,158801,159320,159793,160226,160621,3792,4432,159137,159804,160436,161035,161602,159137,153059,165216,159804,151149,168459,160436,149766,171106,161035,148637,173433,161602,147656,175547,2.0
2036000,"Kansas City city, Kansas",19,2024,157450,ets,3350,4292,156492,157125,157740,158339,158921,4008,4313,157590,157479,157567,157498,157552,156492,152332,160751,157125,152962,161177,157740,153525,161957,158339,154186,162523,158921,154659,163034,0.93
0843000,"Lakewood city, Colorado",19,2024,156865,arima,6536,7504,158082,158870,159650,160419,161180,4067,5402,157015,156902,156987,156924,156971,157015,153648,160383,156902,152005,161800,156987,151017,162957,156924,149993,163855,156971,149233,164709,0.07
0677000,"Sunnyvale city, California",19,2024,156776,arima,6263,6847,156832,157544,158218,158858,159465,2390,3028,157194,156991,157090,157042,157065,157194,153081,161307,156991,150960,163023,157090,149702,164477,157042,148475,165609,157065,147478,166652,0.18
2567000,"Springfield city, Massachusetts",19,2024,154886,arima,893,1018,154661,154683,154700,154714,154726,571,748,154928,154910,154917,154914,154915,154928,152801,157055,154910,151841,157978,154917,151156,158679,154914,150561,159267,154915,150045,159786,0.02
5305210,"Bellevue city, Washington",19,2024,154387,ets,3880,4604,157828,159972,162106,164229,166341,9832,10558,156429,158459,160477,162482,164476,157828,152970,162801,159972,155111,164705,162106,157183,167030,164229,159378,169115,166341,161363,171144,7.74
1751622,"Naperville city, Illinois",19,2024,153337,arima,3282,3529,152538,153317,154093,154864,155631,2961,3372,153268,153312,153284,153302,153290,153268,150760,155776,153312,149904,156720,153284,149095,157473,153302,148497,158107,153290,147916,158664,-0.03
1738570,"Joliet city, Illinois",19,2024,151937,arima,2229,2417,149880,149905,149925,149941,149954,1709,1891,152129,152044,152082,152065,152073,152129,145676,158583,152044,142360,161729,152082,140202,163962,152065,138260,165870,152073,136610,167535,0.09
0908000,"Bridgeport city, Connecticut",19,2024,151616,arima,6866,8660,152136,152622,153074,153496,153889,2830,3439,151787,151708,151744,151727,151735,151787,148105,155468,151708,146366,157050,151744,145198,158290,151727,144146,159309,151735,143252,160218,0.08
1239925,"Lehigh Acres CDP, Florida",18,2024,151444,arima,17940,19528,146436,148748,150909,152928,154814,13095,16368,150069,151074,150340,150877,150484,150069,133475,166664,151074,128057,174092,150340,122065,178614,150877,118351,183403,150484,114089,186879,-0.63
4847892,"Mesquite city, Texas",19,2024,151379,ets,3469,4782,147863,148083,148279,148452,148607,3919,4720,151368,151376,151370,151375,151372,147863,140453,155449,148083,140669,155302,148279,140769,155790,148452,141054,155906,148607,141014,155932,-1.83
4856000,"Pasadena city, Texas",19,2024,149615,arima,4243,4901,151447,151447,151448,151448,151449,3927,4810,149616,149616,149617,149617,149618,149616,141219,158012,149616,137742,161490,149617,135074,164160,149617,132824,166410,149618,130843,168393,0.0
2052575,"Olathe city, Kansas",19,2024,149027,ets,3095,3486,149006,150255,151455,152609,153717,7118,7216,149752,150392,150956,151454,151893,149006,145480,152615,150255,146727,153689,151455,147882,155029,152609,149089,156155,153717,150105,157203,3.15
0622804,"Escondido city, California",19,2024,148852,arima,8584,8652,151822,151946,152051,152140,152216,2629,3188,151319,149290,150959,149586,150715,151319,145923,156714,149290,141092,157488,150959,141068,160849,149586,137987,161185,150715,137823,163607,1.25
1369000,"Savannah city, Georgia",19,2024,148809,arima,7053,7616,148999,149233,149433,149606,149754,5593,6889,148996,149148,149272,149373,149455,148996,143079,154913,149148,140587,157709,149272,138580,159964,149373,136817,161929,149455,135210,163700,0.43
4845384,"McAllen city, Texas",19,2024,148784,ets,2868,3153,147961,148578,149152,149685,150179,4328,4528,148981,148905,148934,148923,148927,147961,143705,152318,148578,144320,152724,149152,144839,153466,149685,145435,153965,150179,145818,154386,0.94
1225175,"Gainesville city, Florida",19,2024,148716,ets,5775,6411,150271,152132,153948,155722,157454,7370,8538,150023,151236,152363,153409,154380,150271,144552,156127,152132,145115,158648,153948,145952,161604,155722,146903,164195,157454,147752,166433,5.88
0658072,"Pomona city, California",19,2024,147966,ets,4050,4283,149364,149305,149246,149188,149130,4270,4873,147867,147827,147810,147803,147801,149364,140665,158271,149305,140600,157780,149246,140430,158065,149188,140502,157939,149130,140215,157730,0.79
0877290,"Thornton city, Colorado",19,2024,146689,ets,4427,5087,149432,151033,152577,154065,155500,8753,8979,146917,146925,146925,146925,146925,149432,145610,153344,151033,147209,154756,152577,148704,156451,154065,150250,157909,155500,151584,159278,6.01
4876000,"Waco city, Texas",19,2024,146603,ets,3782,4020,146999,148321,149607,150856,152071,8491,8528,147006,146855,146911,146891,146898,146999,142767,151332,148321,144087,152444,149607,145318,153897,150856,146630,155113,152071,147734,156254,3.73
0682954,"Visalia city, California",19,2024,146263,ets,6192,7346,147533,148726,149862,150945,151976,8727,9367,147400,148468,149472,150416,151303,147533,143654,151505,148726,143708,153501,149862,143977,155455,150945,144175,157369,151976,144422,158936,3.91
3673000,"Syracuse city, New York",19,2024,146091,arima,3041,3986,145206,145258,145301,145338,145368,2094,2199,146120,146120,146120,146120,146120,146120,142517,149722,146120,140871,151370,146120,139626,152615,146120,138584,153657,146120,137669,154571,0.02
2250115,"Metairie CDP, Louisiana",19,2024,145144,arima,9030,11338,143077,143165,143240,143303,143357,5020,7673,144433,144564,144540,144544,144544,144433,134840,154025,144564,131501,157628,144540,128675,160405,144544,126316,162773,144544,124222,164865,-0.41
1765000,"Rockford city, Illinois",19,2024,144779,arima,6320,7009,145218,145012,144848,144716,144611,2910,3332,144545,144630,144599,144610,144606,144545,139094,149996,144630,136583,152677,144599,134709,154490,144610,133139,156082,144606,131756,157456,-0.12
4516000,"Columbia city, South Carolina",19,2024,144281,arima,5278,6400,141051,141485,141870,142211,142514,4863,6207,144715,144730,144730,144730,144730,144715,139610,149820,144730,136185,153274,144730,133740,155720,144730,131747,157713,144730,130021,159439,0.31
4848072,"Midland city, Texas",19,2024,143637,arima,12543,13066,143607,144985,146297,147546,148734,11135,12405,142132,143637,142132,143637,142132,142132,134001,150262,143637,132207,155067,142132,128105,156159,143637,127472,159801,142132,124038,160226,-1.05
1245975,"Miramar city, Florida",19,2024,143244,arima,8640,9857,142778,143729,144632,145490,146304,4088,5268,142954,143110,143026,143071,143047,142954,135331,150577,143110,132605,153615,143026,130153,155899,143071,128259,157883,143047,126495,159599,-0.14
1254000,"Palm Bay city, Florida",19,2024,142035,ets,15067,16715,148045,154074,160073,166042,171982,15380,16682,144890,147745,150600,153455,156310,148045,143152,153054,154074,145702,162113,160073,147649,172334,166042,148731,182549,171982,149784,192578,21.08
2836000,"Jackson city, Mississippi",19,2024,141376,arima,20059,20978,139763,138481,137456,136635,135979,18060,19192,141159,141124,141118,141117,141117,141159,136571,145747,141124,134343,147904,141118,132659,149577,141117,131256,150979,141117,130028,152206,-0.18
1214400,"Coral Springs city, Florida",19,2024,140816,arima,8524,8595,137686,138380,138959,139442,139845,4659,5128,141707,141251,141484,141365,141426,141707,137819,145595,141251,135308,147195,141484,134216,148753,141365,132898,149833,141426,131947,150906,0.43
0682590,"Victorville city, California",19,2024,140706,ets,9757,10211,141274,142697,144053,145346,146580,10831,13044,139221,140372,139480,140171,139636,141274,131648,151129,142697,131978,152974,144053,132148,155539,145346,132785,157745,146580,133345,159145,4.17
4872656,"The Woodlands CDP, Texas",18,2024,140489,arima,18706,20719,144299,148194,152022,155784,159481,12304,16649,144487,148486,152484,156482,160479,144487,127398,161577,148486,123983,172988,152484,122071,182896,156482,120904,192059,160479,120195,200764,14.23
3421000,"Elizabeth city, New Jersey",19,2024,140401,ets,4749,5712,139288,140999,142701,144394,146079,5115,6348,140784,140811,140813,140813,140813,139288,134055,144645,140999,134500,147076,142701,134442,150845,144394,133301,154960,146079,131986,159400,4.04
0628000,"Fullerton city, California",19,2024,140051,arima,2070,2430,141595,141873,142141,142398,142644,782,837,140033,140027,140025,140024,140024,140033,136305,143760,140027,134942,145112,140025,133922,146128,140024,133063,146985,140024,132304,147745,-0.02
1652120,"Meridian city, Idaho",16,2024,139736,ets,17306,17315,144598,149437,154251,159041,163807,18671,19334,144831,149927,155021,160116,165210,144598,140064,149241,149437,142829,155677,154251,146223,161946,159041,149607,167873,163807,153230,173801,17.23
0680000,"Torrance city, California",19,2024,139568,arima,9120,9280,139554,139543,139534,139526,139521,5198,5425,139572,139572,139573,139573,139573,139572,137234,141910,139572,136201,142943,139573,135410,143735,139573,134746,144399,139573,134162,144983,0.0
0973000,"Stamford city, Connecticut",19,2024,139112,ets,2034,2497,138067,139067,140063,141054,142040,5338,6007,139084,139085,139085,139085,139085,138067,134762,141450,139067,135760,142287,140063,136714,143413,141054,137754,144378,142040,138653,145307,2.1
4983470,"West Valley City city, Utah",19,2024,138153,arima,6332,6685,136850,136825,136803,136782,136763,4922,5490,138647,139108,139540,139943,140321,138647,134039,143254,139108,132545,145671,139540,131447,147632,139943,130538,149349,140321,129740,150901,1.57
3825700,"Fargo city, North Dakota",19,2024,138059,arima,4395,5580,137602,139521,141383,143189,144942,4245,5555,140751,143443,146135,148827,151518,140751,135221,146281,143443,135543,151343,146135,136364,155905,148827,137435,160218,151518,138662,164374,9.75
0653980,"Orange city, California",19,2024,137957,arima,3630,3907,139038,139044,139048,139052,139055,2229,2631,138061,137987,138039,138003,138028,138061,135410,140711,137987,134347,141628,138039,133563,142515,138003,132862,143143,138028,132276,143781,0.05
1912000,"Cedar Rapids city, Iowa",19,2024,137917,ets,2443,2673,138121,138908,139692,140471,141247,5358,5503,137702,137891,137725,137871,137743,138121,134959,141358,138908,135744,141988,139692,136487,142897,140471,137314,143651,141247,138007,144372,2.41
2684000,"Warren city, Michigan",19,2024,137709,ets,1102,1434,137562,137831,138094,138352,138605,1910,2164,137675,137665,137662,137661,137661,137562,134110,141095,137831,134377,141193,138094,134596,141593,138352,134906,141824,138605,135068,142017,0.65
5135000,"Hampton city, Virginia",19,2024,137596,arima,4054,4588,135470,135354,135248,135153,135067,2447,2518,137649,137655,137656,137656,137656,137649,134319,140979,137655,132687,142623,137656,131445,143866,137656,130411,144901,137656,129506,145805,0.04
0952000,"New Haven city, Connecticut",19,2024,137556,arima,4373,4733,135662,135916,136144,136348,136532,4232,5407,138543,138217,138325,138289,138301,138543,134153,142933,138217,131313,145122,138325,129789,146861,138289,128335,148244,138301,127122,149480,0.54
0656000,"Pasadena city, California",19,2024,137200,arima,6252,7325,139365,139374,139381,139387,139391,5660,7274,137692,137592,137612,137608,137609,137692,131792,143592,137592,128701,146482,137612,126600,148624,137608,124806,150410,137609,123241,151977,0.3
5335415,"Kent city, Washington",19,2024,136587,arima,15533,16553,137879,139068,140162,141170,142097,6311,6397,136873,136918,136926,136927,136927,136873,124457,149289,136918,118541,155296,136926,113987,159864,136927,110180,163674,136927,106848,167006,0.25
3921000,"Dayton city, Ohio",19,2024,136343,arima,3437,3683,137415,137078,136742,136409,136077,3336,3683,136474,136459,136461,136460,136460,136474,131764,141183,136459,129291,143627,136461,127530,145391,136460,126058,146863,136460,124770,148151,0.09
7214290,"Carolina zona urbana, Puerto Rico",19,2024,136303,arima,11847,12646,134728,133258,131817,130406,129023,10217,11676,136289,136284,136282,136281,136281,136289,128032,144546,136284,124543,148025,136282,121858,150706,136281,119594,152969,136281,117600,154961,-0.02
4863500,"Round Rock city, Texas",19,2024,135665,ets,3467,4045,136819,138586,140276,141892,143438,12577,14328,137954,140189,142373,144505,146588,136819,130283,143510,138586,132046,144953,140276,133652,146901,141892,135366,148466,143438,136740,149899,5.73
4813024,"Carrollton city, Texas",19,2024,135256,arima,7670,9192,135670,136254,136821,137373,137909,4635,6651,135215,135203,135199,135197,135197,135215,129508,140923,135203,127197,143208,135199,125438,144959,135197,123956,146438,135197,122651,147743,-0.04
4842508,"Lewisville city, Texas",19,2024,135181,ets,13197,17035,137796,140488,143167,145833,148485,15489,17755,137958,140735,143512,146290,149067,137796,127064,148783,140488,127135,152972,143167,127801,157862,145833,128698,162217,148485,129512,166010,9.84
2676460,"Sterling Heights city, Michigan",19,2024,134343,ets,906,1067,134161,134389,134607,134816,135015,938,1077,134435,134430,134430,134430,134430,134161,129878,138545,134389,130103,138561,134607,130267,138948,134816,130539,139123,135015,130626,139249,0.5
0669084,"Santa Clara city, California",19,2024,133151,arima,5074,5706,133067,133827,134544,135218,135853,4382,5421,133198,133172,133187,133179,133183,133198,129468,136929,133172,127498,138847,133187,126258,140115,133179,125107,141250,133183,124153,142214,0.02
4856348,"Pearland city, Texas",18,2024,131626,arima,13049,13902,135746,137888,139930,141877,143734,9646,12721,133025,134286,135422,136444,137366,133025,124433,141618,134286,121596,146976,135422,119259,151584,136444,117107,155782,137366,115039,159693,4.36
4052500,"Norman city, Oklahoma",19,2024,131008,ets,1989,2882,132068,133067,134014,134913,135765,3880,4204,132098,133134,134118,135054,135943,132068,129183,135021,133067,130180,135877,134014,131091,136939,134913,132032,137814,135765,132808,138616,3.63
2915670,"Columbia city, Missouri",19,2024,130913,arima,4677,5253,130641,131401,132088,132711,133274,2532,2862,131703,132397,133008,133546,134019,131703,129204,134201,132397,128713,136082,133008,128324,137693,133546,127954,139138,134019,127577,140460,2.37
4801000,"Abilene city, Texas",19,2024,130033,ets,2407,2853,130188,130712,131203,131665,132099,3997,4407,130189,130313,130411,130488,130549,130188,125436,135052,130712,125957,135341,131203,126388,136020,131665,126921,136445,132099,127229,136796,1.59
1303440,"Athens-Clarke County unified government (balance), Georgia",19,2024,128630,ets,930,1306,129398,129876,130315,130717,131087,4035,4429,128692,128698,128699,128699,128699,129398,123967,134958,129876,124442,135167,130315,124811,135820,130717,125295,136180,131087,125522,136455,1.91
4815976,"College Station city, Texas",19,2024,128017,ets,1560,2187,130029,132077,134047,135944,137770,6473,7050,129537,130927,132200,133364,134429,130029,126088,134063,132077,128134,135915,134047,130054,138042,135944,132010,139908,137770,133732,141665,7.62
0614218,"Clovis city, California",19,2024,127994,ets,5948,6805,128229,130537,132834,135119,137393,15785,15987,130568,133142,135717,138291,140865,128229,122583,134009,130537,124887,136038,132834,127112,138557,135119,129482,140798,137393,131607,142975,7.34
1276600,"West Palm Beach city, Florida",19,2024,127733,arima,6251,6810,128739,130733,132717,134691,136656,5174,5703,129979,132224,134470,136715,138961,129979,125744,134213,132224,126179,138269,134470,126998,141942,136715,128009,145422,138961,129140,148782,8.79
4202000,"Allentown city, Pennsylvania",19,2024,127225,ets,1785,2376,126346,126806,127235,127636,128011,4075,4365,127523,127293,127470,127333,127439,126346,122048,130745,126806,122505,130992,127235,122880,131591,127636,123345,131959,128011,123607,132259,0.62
1208150,"Brandon CDP, Florida",19,2024,127048,ets,6087,6922,126261,127604,128898,130143,131341,7821,9275,125913,126188,126122,126138,126134,126261,118208,134504,127604,119547,135449,128898,120737,137060,130143,122103,138242,131341,123090,139301,3.38
4550875,"North Charleston city, South Carolina",19,2024,126015,ets,5380,6219,125408,126620,127761,128834,129844,7600,9582,126889,127629,128255,128786,129236,125408,117288,133721,126620,118495,134530,127761,119532,135991,128834,120727,137001,129844,121523,137871,3.04
0672016,"Simi Valley city, California",19,2024,125773,arima,3111,3225,126272,126295,126313,126327,126339,1039,1256,125830,125837,125838,125838,125838,125830,122365,129295,125837,120734,130940,125838,119486,132190,125838,118443,133233,125838,117530,134146,0.05
2071000,"Topeka city, Kansas",19,2024,125475,arima,4362,4482,125268,125212,125167,125131,125102,1313,1399,125817,125478,125815,125480,125812,125817,121867,129768,125478,119879,131076,125815,118962,132667,125480,117563,133398,125812,116963,134660,0.27
3774440,"Wilmington city, North Carolina",19,2024,125267,ets,3752,4328,125502,126318,127084,127801,128474,3833,4037,126057,126784,127452,128066,128631,125502,121962,129125,126318,122776,129766,127084,123497,130671,127801,124267,131361,128474,124847,131973,2.56
1238250,"Lakeland city, Florida",19,2024,124997,ets,8941,9154,127383,130366,133334,136288,139227,11964,12131,125600,125242,125454,125329,125403,127383,122132,132758,130366,123670,136653,133334,124574,141959,136288,124264,147639,139227,123728,154024,11.38
0678582,"Thousand Oaks city, California",19,2024,124243,arima,4995,5366,124178,124107,124037,123967,123897,3479,3753,124127,124224,124143,124210,124154,124127,119463,128790,124224,117716,130731,124143,116149,132136,124210,115009,133411,124154,113854,134453,-0.07
0616000,"Concord city, California",19,2024,124030,arima,7250,8017,124111,124183,124248,124305,124357,4893,5258,124120,124147,124156,124158,124159,124120,121466,126773,124147,120278,128017,124156,119340,128971,124158,118547,129770,124159,117849,130470,0.1
4853388,"Odessa city, Texas",19,2024,123861,arima,8046,8951,124424,125463,126459,127415,128331,5980,7036,123907,123883,123895,123889,123892,123907,118459,129355,123883,115835,131930,123895,114049,133742,123889,112459,135319,123892,111104,136680,0.03
2754880,"Rochester city, Minnesota",19,2024,123616,ets,2573,3370,124991,126037,127040,128001,128921,5712,5841,124062,124440,124762,125036,125269,124991,121963,128090,126037,123008,128987,127040,123972,130109,128001,124978,131046,128921,125819,131914,4.29
0681666,"Vallejo city, California",19,2024,123481,ets,1396,1543,125114,125631,126139,126638,127127,2430,2763,123574,123503,123557,123516,123547,125114,120870,129457,125631,121386,129765,126139,121839,130440,126638,122401,130906,127127,122779,131321,2.95
0464210,"San Tan Valley CDP, Arizona",14,2024,123211,ets,13223,18530,120094,123075,126041,128992,131928,21170,21747,124058,123708,123853,123793,123818,120094,107486,133002,123075,110459,135357,126041,113263,138821,128992,116403,141674,131928,119008,144392,7.07
2603000,"Ann Arbor city, Michigan",19,2024,122914,ets,1776,2195,121868,122057,122227,122378,122513,2706,3062,123546,123689,123722,123729,123731,121868,116593,127269,122057,116779,127197,122227,116881,127574,122378,117111,127684,122513,117108,127728,-0.33
0623182,"Fairfield city, California",19,2024,122654,ets,4524,5118,123115,124013,124907,125797,126682,5725,5830,122653,122654,122653,122654,122653,123115,118515,127823,124013,118544,129137,124907,118730,130888,125797,119059,132338,126682,119239,133539,3.28
0803455,"Arvada city, Colorado",19,2024,122529,ets,3551,4411,124508,125522,126530,127534,128533,4902,5983,122694,122575,122660,122599,122643,124508,121470,127618,125522,122016,128875,126530,122541,130400,127534,123213,131696,128533,123827,132874,4.9
2240735,"Lafayette city, Louisiana",19,2024,122273,arima,9105,10068,120985,120732,120530,120368,120238,3893,4497,122522,122356,122467,122392,122442,122522,119381,125662,122356,117712,126999,122467,116809,128125,122392,115813,128972,122442,115092,129791,0.14
0937000,"Hartford city, Connecticut",19,2024,122136,arima,5484,5691,120557,120474,120408,120355,120312,2519,2738,122456,122395,122407,122405,122405,122456,119682,125230,122395,118243,126547,122407,117268,127546,122405,116433,128376,122405,115705,129105,0.22
4009050,"Broken Arrow city, Oklahoma",19,2024,122131,ets,4398,4684,122031,123368,124672,125944,127184,8592,9066,122412,122344,122360,122357,122358,122031,117991,126167,123368,119326,127304,124672,120578,128767,125944,121910,130008,127184,123044,131178,4.14
0606000,"Berkeley city, California",19,2024,121730,arima,6305,7193,121821,121998,122150,122281,122394,2858,3231,122227,122355,122388,122396,122398,122227,116902,127553,122355,114122,130588,122388,111884,132891,122396,109999,134793,122398,108353,136444,0.55
2935000,"Independence city, Missouri",19,2024,121606,ets,3034,3118,121170,121521,121870,122217,122563,3090,3582,121595,121600,121598,121599,121598,121170,116814,125629,121521,117162,125764,121870,117456,126285,122217,117868,126598,122563,118100,126868,0.79
3006550,"Billings city, Montana",19,2024,121478,ets,5370,5877,123019,124388,125751,127107,128456,6845,8305,122430,123336,124197,125015,125794,123019,118223,127929,124388,118699,129717,125751,119332,131969,127107,120125,133892,128456,120719,135575,5.74
2511000,"Cambridge city, Massachusetts",19,2024,121203,ets,2377,3224,121016,121656,122243,122783,123278,5553,6385,123364,125525,127686,129847,132009,121016,115233,126936,121656,115869,127289,122243,116383,128105,122783,117009,128599,123278,117353,128995,1.71
2537000,"Lowell city, Massachusetts",19,2024,120418,arima,3971,4680,116448,116873,117262,117619,117945,3676,4381,119995,120285,120086,120222,120129,119995,117143,122846,120285,116424,124146,120086,115332,124840,120222,114776,125668,120129,114034,126224,-0.24
4841980,"League City city, Texas",18,2024,119398,ets,2357,2396,124100,126907,129690,132448,135183,13964,14108,119671,119707,119712,119712,119712,124100,119053,129267,126907,121857,131824,129690,124575,134806,132448,127409,137525,135183,130011,140172,13.22
0602252,"Antioch city, California",19,2024,118455,ets,1782,1949,117555,118423,119286,120146,121001,4698,4875,118464,118458,118462,118459,118461,117555,114237,120952,118423,115103,121655,119286,115924,122650,120146,116833,123483,121001,117600,124281,2.15
4861796,"Richardson city, Texas",19,2024,118217,arima,12145,13184,119419,120286,121148,122006,122859,7612,9363,118113,118136,118131,118132,118132,118113,113606,122619,118136,112095,124177,118131,110813,125449,118132,109740,126524,118132,108787,127477,-0.07
0428380,"Goodyear city, Arizona",14,2024,118175,ets,24258,24341,124003,129839,135645,141423,147171,24784,24784,122169,126164,130158,134152,138146,124003,116581,131602,129839,117948,141206,135645,119206,151918,141423,119717,162271,147171,120005,172186,24.54
1258050,"Pompano Beach city, Florida",19,2024,118110,ets,4639,5028,114585,115254,115919,116581,117240,4771,5077,118844,118554,118668,118623,118641,114585,109297,119999,115254,109962,120405,115919,110560,121279,116581,111301,121900,117240,111821,122467,-0.74
1268350,"Spring Hill CDP, Florida",19,2024,117931,ets,9770,11050,123137,124747,126350,127944,129530,12139,13729,118661,119338,119968,120552,121095,123137,115027,131440,124747,116632,132648,126350,118130,134571,127944,119846,136101,129530,121219,137547,9.84
1656260,"Nampa city, Idaho",19,2024,117346,ets,12090,12703,119590,122031,124460,126877,129282,16411,17026,116542,117346,116542,117346,116542,119590,113261,126070,122031,113833,129842,124460,114845,133636,126877,115811,137389,129282,116907,140689,10.17
3731400,"High Point city, North Carolina",19,2024,117109,arima,4290,4449,117870,118561,119222,119853,120455,4154,4610,117209,117150,117185,117164,117176,117209,112949,121468,117150,111416,122884,117185,110143,124226,117164,109094,125233,117176,108157,126195,0.06
0646842,"Menifee city, California",14,2024,117045,arima,14871,14896,119841,122623,125390,128145,130885,14603,14622,120014,122982,125951,128919,131888,120014,115647,124380,122982,116725,129240,125951,118187,133714,128919,119841,137998,131888,121612,142164,12.68
3539380,"Las Cruces city, New Mexico",19,2024,116992,ets,7524,8549,118518,120081,121636,123183,124722,8241,9931,118360,119689,120979,122232,123449,118518,114050,123092,120081,113900,125976,121636,114178,128792,123183,114578,131265,124722,115012,133827,6.61
1212875,"Clearwater city, Florida",19,2024,116821,arima,5395,5926,117829,118297,118763,119226,119687,3443,4174,116821,116821,116821,116821,116821,116821,110831,122810,116821,107928,125713,116821,105795,127846,116821,104010,129631,116821,102445,131196,0.0
4982950,"West Jordan city, Utah",19,2024,116697,ets,3364,3832,118292,118836,119353,119843,120307,3543,4114,116546,116573,116568,116569,116569,118292,113066,123641,118836,113608,123927,119353,114057,124650,119843,114625,125098,120307,114952,125472,3.09
3345140,"Manchester city, New Hampshire",19,2024,116381,ets,2959,3115,116641,117013,117382,117750,118117,3737,3916,116366,116361,116360,116359,116359,116641,114910,118413,117013,114773,119145,117382,114756,119882,117750,114729,120618,118117,114742,121225,1.49
1245060,"Miami Gardens city, Florida",19,2024,116155,arima,4119,4675,113278,113335,113382,113420,113451,2462,2497,115766,116072,115831,116020,115872,115766,108389,123143,116072,106070,126073,115831,103483,128180,116020,101895,130146,115872,100035,131709,-0.24
1759000,"Peoria city, Illinois",19,2024,115996,arima,6421,7032,113695,113717,113735,113749,113760,4117,5168,116303,116383,116404,116410,116411,116303,111612,120993,116383,109426,123340,116404,107686,125123,116410,106214,126606,116411,104923,127900,0.36
0980000,"Waterbury city, Connecticut",19,2024,115902,ets,4497,4632,112966,113220,113473,113725,113976,4878,5441,115910,115905,115908,115906,115907,112966,107273,118793,113220,107524,118765,113473,107704,119243,113725,108041,119451,113976,108143,119603,-1.66
1723074,"Elgin city, Illinois",19,2024,115541,ets,3953,4976,115164,115265,115350,115421,115481,5250,5647,115643,115725,115791,115844,115886,115164,109309,121159,115265,109406,120969,115350,109416,121285,115421,109575,121311,115481,109481,121270,-0.05
4962470,"Provo city, Utah",19,2024,115496,arima,2918,3104,116375,116381,116387,116391,116394,2095,2489,115785,115892,115932,115946,115952,115785,111505,120064,115892,109398,122385,115932,107670,124194,115946,106188,125704,115952,104884,127020,0.39
1260950,"Riverview CDP, Florida",14,2024,115462,ets,15046,15598,121515,125267,129000,132714,136410,27327,27396,119012,122562,126111,129661,133210,121515,111197,132078,125267,114942,135318,129000,118543,139459,132714,122412,143093,136410,125837,146610,18.14
0660620,"Richmond city, California",19,2024,115356,ets,1466,1611,115831,116460,117070,117660,118231,3965,4425,115240,115324,115263,115308,115275,115831,112163,119587,116460,112790,120034,117070,113352,120788,117660,113997,121349,118231,114472,121857,2.49
0883835,"Westminster city, Colorado",19,2024,115301,arima,1898,1987,115714,115983,116231,116460,116670,1430,1573,115352,115378,115392,115399,115402,115352,113399,117305,115378,112510,118246,115392,111792,118991,115399,111173,119625,115402,110622,120182,0.09
1822000,"Evansville city, Indiana",19,2024,114812,arima,4792,5167,115392,115032,114731,114479,114269,2243,2845,115274,114926,115188,114991,115139,115274,111342,119205,114926,109142,120711,115188,108150,122225,114991,106803,123179,115139,106003,124275,0.28
0620802,"East Los Angeles CDP, California",19,2024,114544,arima,13783,15311,112343,111556,110773,109994,109218,10719,12700,114327,114243,114211,114199,114194,114327,103029,125625,114243,98689,129797,114211,95470,132952,114199,92782,135615,114194,90417,137971,-0.31
0832155,"Greeley city, Colorado",19,2024,114366,ets,4359,4986,114110,115425,116734,118036,119331,6411,7102,116080,117795,119509,121222,122936,114110,110236,118075,115425,111549,119198,116734,112808,120660,118036,114168,121932,119331,115362,123160,4.34
0177256,"Tuscaloosa city, Alabama",19,2024,114274,ets,5407,6249,115099,116610,118069,119476,120835,5710,7023,115264,116133,116896,117565,118152,115099,108749,121599,116610,108883,123773,118069,109320,126536,119476,109842,128707,120835,110244,130632,5.74
4801924,"Allen city, Texas",19,2024,113761,ets,998,1511,115636,117443,119202,120914,122581,1860,2080,115888,117991,120071,122128,124162,115636,113186,118145,117443,114991,119830,119202,116719,121686,120914,118468,123379,122581,120070,125003,7.75
0611194,"Carlsbad city, California",19,2024,113575,arima,7980,8273,112977,112504,112073,111678,111317,7169,7215,113839,114075,114285,114473,114641,113839,110663,117015,114075,109510,118640,114285,108610,119960,114473,107830,121116,114641,107120,122162,0.94
2646000,"Lansing city, Michigan",19,2024,113466,ets,2764,3566,113834,113808,113781,113755,113729,3483,3632,113010,113358,113092,113295,113140,113834,107647,120169,113808,107616,119836,113781,107511,120054,113755,107577,119979,113729,107388,119846,0.23
5322640,"Everett city, Washington",19,2024,112999,ets,1481,1788,112952,113308,113637,113940,114220,2801,3294,113226,113320,113359,113375,113382,112952,108540,117469,113308,108894,117606,113637,109166,118109,113940,109535,118378,114220,109699,118581,1.08
4807000,"Beaumont city, Texas",19,2024,112888,arima,6245,6719,112183,111726,111357,111059,110819,4127,5030,113548,113085,113410,113182,113342,113548,110055,117041,113085,107701,118470,113410,106891,119928,113182,105549,120816,113342,104831,121852,0.4
0650076,"Murrieta city, California",19,2024,112531,arima,6860,7330,115889,116330,116733,117100,117436,4101,4882,112482,112484,112484,112484,112484,112482,107806,117158,112484,106146,118822,112484,104828,120140,112484,103706,121262,112484,102712,122255,-0.04
3563460,"Rio Rancho city, New Mexico",19,2024,112518,ets,4866,5673,114575,116587,118568,120520,122442,9333,10030,113405,114079,114591,114980,115275,114575,109811,119453,116587,110400,122494,118568,111271,125522,120520,112160,128487,122442,113073,131113,8.82
0678120,"Temecula city, California",19,2024,112438,arima,8721,9612,115038,115334,115592,115816,116010,6113,7359,113716,114995,116273,117552,118830,113716,106635,120798,114995,104922,125068,116273,103865,128682,117552,103142,131961,118830,102628,135031,5.68
3714100,"Concord city, North Carolina",16,2024,112398,ets,9701,9747,112972,115458,117931,120391,122840,16028,16522,115010,117622,120235,122847,125459,112972,106716,119377,115458,109198,121552,117931,111591,124272,120391,114145,126684,122840,116429,129024,9.29
4874144,"Tyler city, Texas",19,2024,112204,ets,1608,1790,112219,113112,113978,114819,115635,4321,4772,113514,114825,116135,117445,118756,112219,108483,116044,113112,109373,116751,113978,110191,117765,114819,111088,118577,115635,111807,119329,3.06
1772000,"Springfield city, Illinois",19,2024,112170,arima,4219,4288,112062,111786,111564,111387,111245,2579,2677,112140,112164,112145,112160,112148,112140,110497,113783,112164,109894,114433,112145,109353,114937,112160,108952,115367,112148,108556,115740,-0.02
1216475,"Davie town, Florida",19,2024,112040,ets,3890,5212,110259,111247,112229,113207,114180,5196,5979,111724,111856,111801,111824,111814,110259,103267,117417,111247,104250,118058,112229,105143,119317,113207,106226,120240,114180,107015,121093,1.91
3268400,"Sparks city, Nevada",19,2024,111523,ets,4438,4891,113977,115731,117476,119213,120941,10230,10424,113424,115324,117224,119123,121022,113977,110488,117549,115731,112239,119130,117476,113940,121013,119213,115729,122723,120941,117365,124390,8.44
4131250,"Gresham city, Oregon",19,2024,111500,arima,3791,4080,112176,112285,112378,112457,112524,2557,3040,111652,111784,111897,111996,112081,111652,107453,115851,111784,105767,117800,111897,104441,119354,111996,103294,120697,112081,102258,121904,0.52
0669196,"Santa Maria city, California",19,2024,111347,arima,5345,5914,112509,113142,113728,114272,114776,4110,4170,111278,111288,111287,111287,111287,111278,105412,117144,111288,103198,119379,111287,101437,121136,111287,99952,122622,111287,98639,123935,-0.05
0862000,"Pueblo city, Colorado",19,2024,111156,ets,2034,2226,112524,112746,112952,113143,113321,2088,2700,111255,111179,111237,111192,111227,112524,110256,114846,112746,110476,114955,112952,110653,115251,113143,110879,115424,113321,110997,115563,1.95
4134100,"Hillsboro city, Oregon",19,2024,110340,ets,4959,5746,111975,112975,113949,114897,115819,5965,6773,111019,110618,110855,110715,110798,111975,106945,117124,112975,107942,117875,113949,108852,119047,114897,109875,119956,115819,110665,120791,4.97
4870808,"Sugar Land city, Texas",19,2024,109853,ets,14540,16693,114892,117178,119454,121718,123970,19785,22360,109908,109895,109898,109898,109898,114892,101741,128355,117178,104019,129990,119454,106126,132784,121718,108587,134945,123970,110494,136971,12.85
0665042,"San Buenaventura (Ventura) city, California",19,2024,109815,arima,1683,1785,110459,110525,110582,110631,110673,1412,2350,109827,109835,109840,109844,109846,109827,106425,113228,109835,104947,114723,109840,103778,115902,109844,102774,116914,109846,101879,117814,0.03
0619766,"Downey city, California",19,2024,109365,arima,3610,3972,109929,109931,109932,109934,109935,2915,3047,109562,109407,109529,109433,109509,109562,107252,111873,109407,105986,112828,109529,105375,113683,109433,104592,114275,109509,104112,114905,0.13
0616532,"Costa Mesa city, California",19,2024,109140,arima,5183,5399,111979,111995,112009,112019,112027,3119,3568,108914,109102,108946,109076,108968,108914,103904,113925,109102,102224,115980,108946,100466,117426,109076,99354,118798,108968,98069,119866,-0.16
0812815,"Centennial city, Colorado",19,2024,108860,arima,5887,6000,108813,109012,109201,109381,109551,3479,3589,108843,108841,108840,108840,108840,108843,105994,111692,108841,104828,112853,108840,103935,113746,108840,103181,114500,108840,102516,115164,-0.02
4822660,"Edinburg city, Texas",18,2024,108746,arima,9304,9990,110986,113301,115604,117896,120177,8619,10227,111079,113412,115745,118078,120411,111079,107148,115011,113412,107788,119036,115745,108780,122711,118078,109947,126210,120411,111222,129601,10.73
5367167,"Spokane Valley city, Washington",19,2024,108287,ets,5995,6562,111717,113534,115343,117143,118934,9863,9918,109406,110526,111645,112764,113883,111717,108252,115264,113534,109034,117835,115343,109267,121329,117143,108833,125067,118934,108184,129236,9.83
4105800,"Bend city, Oregon",19,2024,106925,arima,7419,8904,108839,110714,112551,114351,116114,7141,9131,109102,111272,113432,115585,117729,109102,107051,111154,111272,108328,114215,113432,109775,117089,115585,111304,119866,117729,112878,122581,10.1
0684200,"West Covina city, California",19,2024,106923,ets,665,840,106403,106394,106386,106380,106375,1897,1942,106848,106810,106790,106780,106775,106403,101744,111173,106394,101732,110933,106386,101665,111109,106380,101728,111067,106375,101601,110981,-0.51
0807850,"Boulder city, Colorado",19,2024,106802,arima,4506,5319,107247,107718,108163,108582,108978,2094,2543,106969,106926,106937,106934,106935,106969,104376,109562,106926,102947,110906,106937,102006,111868,106934,101195,112674,106935,100490,113380,0.12
1254200,"Palm Coast city, Florida",18,2024,106726,ets,7074,7601,103659,105650,107631,109603,111564,11970,12794,107842,108010,108035,108039,108040,103659,97868,109587,105650,99855,111292,107631,101763,113501,109603,103821,115428,111564,105630,117289,4.53
2621000,"Dearborn city, Michigan",19,2024,106383,arima,10340,11933,104201,104197,104193,104190,104188,8847,10249,106383,106383,106383,106383,106383,106383,93976,118790,106383,88836,123930,106383,84893,127873,106383,81568,131198,106383,78639,134127,0.0
5531000,"Green Bay city, Wisconsin",19,2024,106312,arima,1649,2371,106326,106358,106384,106404,106421,877,952,106349,106377,106397,106412,106422,106349,104637,108062,106377,103885,108869,106397,103274,109520,106412,102738,110085,106422,102253,110592,0.1
2941348,"Lee's Summit city, Missouri",19,2024,106296,ets,3846,4015,105634,106633,107627,108616,109601,6862,7012,106831,106370,106768,106425,106720,105634,101480,109886,106633,102476,110679,107627,103418,111837,108616,104469,112794,109601,105344,113707,3.11
4965330,"St. George city, Utah",18,2024,106289,arima,14968,15340,108252,110204,112147,114081,116004,14838,15123,108328,110368,112407,114446,116486,108328,103767,112890,110368,103851,116884,112407,104347,120467,114446,105048,123844,116486,105878,127093,9.59
2509000,"Brockton city, Massachusetts",19,2024,105785,ets,6416,7549,106396,107045,107690,108332,108971,6845,7906,105814,105816,105816,105816,105816,106396,102053,110842,107045,101509,112242,107690,101261,113775,108332,101081,115327,108971,100850,116550,3.01
5357745,"Renton city, Washington",14,2024,105551,arima,566,732,106350,106919,107451,107951,108419,518,607,105986,106373,106716,107021,107292,105986,104182,107791,106373,103775,108970,106716,103483,109949,107021,103232,110810,107292,102998,111586,1.65
1368516,"Sandy Springs city, Georgia",19,2024,105506,arima,7263,8193,107083,107495,107906,108314,108720,4117,5140,105432,105477,105449,105466,105456,105432,96828,114035,105477,93639,117315,105449,90923,119976,105466,88763,122169,105456,86782,124130,-0.05
0660466,"Rialto city, California",19,2024,104912,ets,1001,1141,104105,104179,104245,104306,104361,1029,1154,104927,104914,104925,104915,104924,104105,98736,109602,104179,98806,109409,104245,98804,109688,104306,98945,109706,104361,98859,109669,-0.53
1823278,"Fishers city, Indiana",17,2024,104730,ets,5878,6099,106843,108676,110464,112209,113911,9580,9956,105933,107034,108041,108963,109806,106843,102533,111256,108676,104363,112875,110464,106096,114833,112209,107905,116544,113911,109494,118172,8.77
0622230,"El Monte city, California",19,2024,104621,arima,8252,9505,103180,102499,101955,101520,101171,7755,9145,104660,104659,104659,104659,104659,104660,99070,110250,104659,96587,112731,104659,94710,114608,104659,93135,116183,104659,91751,117567,0.04
0681554,"Vacaville city, California",19,2024,103992,ets,2431,2836,104389,105024,105638,106229,106800,4132,4364,104178,104274,104323,104349,104362,104389,100925,107934,105024,101559,108399,105638,102128,109149,106229,102771,109713,106800,103251,110224,2.7
4804462,"Atascocita CDP, Texas",15,2024,103937,ets,26389,28137,111481,114364,117234,120088,122929,29132,30251,102588,103088,102903,102971,102946,111481,95170,128179,114364,96205,131771,117234,96998,136846,120088,98660,141281,122929,100381,144412,18.27
1810342,"Carmel city, Indiana",16,2024,103858,ets,3345,5017,106656,108308,109918,111488,113019,4713,5233,105058,106178,107225,108202,109114,106656,103699,109683,108308,105349,111188,109918,106921,112915,111488,108536,114463,113019,109989,115943,8.82
0485540,"Yuma city, Arizona",19,2024,103561,arima,6130,6614,99931,99932,99934,99934,99935,4710,4847,103732,103804,103834,103847,103853,103732,99635,107829,103804,97877,109731,103834,96475,111194,103847,95275,112419,103853,94213,113492,0.28
0608954,"Burbank city, California",19,2024,103543,arima,2324,2522,104386,104393,104398,104403,104406,1125,1242,103842,103639,103777,103684,103747,103842,101495,106189,103639,99824,107455,103777,99182,108372,103684,98270,109098,103747,97715,109778,0.2
2537490,"Lynn city, Massachusetts",19,2024,103510,ets,4359,4827,103956,104935,105909,106878,107842,4902,5643,104609,105707,106805,107904,109002,103956,101106,106874,104935,101616,108080,105909,102157,109574,106878,102804,110805,107842,103371,111965,4.19
2555745,"Quincy city, Massachusetts",19,2024,103430,ets,5146,5278,104245,105237,106224,107206,108183,5636,6595,104480,105530,106579,107629,108678,104245,100642,107934,105237,100727,109441,106224,101036,111168,107206,101410,112766,108183,101745,114120,4.6
0621712,"El Cajon city, California",19,2024,103287,arima,3503,3645,104833,104952,105056,105147,105225,2267,3025,103255,103268,103263,103265,103264,103255,98418,108093,103268,96617,109918,103263,95137,111389,103265,93913,112617,103264,92822,113706,-0.02
0523290,"Fayetteville city, Arkansas",19,2024,103124,ets,8293,9669,105105,107136,109157,111168,113169,9235,10104,105457,107782,110097,112403,114701,105105,100135,110193,107136,101171,112709,109157,102430,115646,111168,103823,118280,113169,105018,120629,9.74
5176432,"Suffolk city, Virginia",19,2024,103105,ets,6274,6415,105319,107524,109719,111902,114075,7028,7215,104495,105885,107276,108666,110056,105319,103444,107238,107524,104401,110524,109719,105244,114111,111902,105888,117691,114075,106572,121052,10.64
0668252,"San Mateo city, California",19,2024,103013,arima,6584,7372,102298,102539,102733,102887,103011,5604,6023,103327,103627,103912,104184,104443,103327,100293,106361,103627,99315,107938,103912,98607,109217,104184,98030,110337,104443,97533,111353,1.39
1871000,"South Bend city, Indiana",19,2024,102944,ets,1224,1440,102938,102945,102950,102955,102958,1635,2407,103488,103023,103421,103080,103372,102938,97644,108358,102945,97648,108102,102950,97585,108317,102955,97669,108280,102958,97534,108192,0.01
0613014,"Chico city, California",19,2024,102907,ets,7321,7637,104622,105815,106981,108120,109233,9536,9931,102429,102907,102429,102907,102429,104622,98734,110649,105815,99923,111551,106981,101014,112949,108120,102241,114042,109233,103200,115054,6.15
0636546,"Inglewood city, California",19,2024,102765,ets,4656,4973,103703,103217,102755,102316,101899,5632,6107,104710,103418,104276,103706,104085,103703,96019,111571,103217,95528,110704,102755,94967,110545,102316,94643,110046,101899,94024,109496,-0.84
4879000,"Wichita Falls city, Texas",19,2024,102373,arima,3806,3825,102094,101887,101722,101590,101484,1623,1843,103659,102503,103542,102608,103448,103659,99985,107334,102503,97108,107898,103542,96999,110085,102608,94978,110238,103448,94957,111939,1.05
1207300,"Boca Raton city, Florida",19,2024,102235,ets,4347,4617,102901,103794,104654,105481,106278,5429,6278,101806,102155,101870,102102,101914,102901,97862,108059,103794,98752,108702,104654,99548,109761,105481,100451,110549,106278,101115,111259,3.95
2419125,"Columbia CDP, Maryland",19,2024,101936,arima,7601,8240,104924,105070,105196,105306,105401,4027,4453,101904,101916,101911,101913,101912,101904,93780,110028,101916,90835,112996,101911,88387,115435,101913,86364,117462,101912,84560,119265,-0.02
0633434,"Hesperia city, California",19,2024,101844,ets,4701,5206,101412,102159,102903,103642,104378,5446,5816,101947,101872,101927,101887,101916,101412,96432,106512,102159,97175,107012,102903,97855,107952,103642,98669,108652,104378,99274,109302,2.49
0617918,"Daly City city, California",19,2024,101424,arima,6779,7492,101301,101324,101342,101357,101369,4528,5164,101547,101581,101591,101594,101594,101547,98644,104450,101581,97301,105862,101591,96238,106944,101594,95340,107847,101594,94553,108636,0.17
3601000,"Albany city, New York",19,2024,101314,arima,3320,4146,100724,100780,100825,100861,100890,2284,2629,101334,101338,101339,101339,101339,101334,99405,103262,101338,98281,104395,101339,97413,105264,101339,96695,105983,101339,96072,106606,0.02
2545000,"New Bedford city, Massachusetts",19,2024,101313,ets,3972,4153,100709,101231,101750,102267,102781,3980,4723,101249,101267,101262,101263,101263,100709,95702,105834,101231,96221,106108,101750,96677,106825,102267,97268,107303,102781,97651,107730,1.45
7263820,"Ponce zona urbana, Puerto Rico",19,2024,101024,ets,6047,6584,98208,95945,93743,91598,89510,10171,10762,99848,98730,97666,96654,95692,98208,91327,105252,95945,89060,102648,93743,86769,100717,91598,84728,98519,89510,82459,96312,-11.4
1919000,"Davenport city, Iowa",19,2024,100948,arima,2422,2643,100672,100631,100599,100572,100552,1474,1594,100954,100958,100961,100963,100964,100954,99836,102072,100958,99326,102590,100961,98913,103009,100963,98554,103372,100964,98231,103698,0.02
0845970,"Longmont city, Colorado",19,2024,100764,ets,4815,5534,102121,103140,104155,105164,106168,6206,6338,100949,100995,101006,101009,101010,102121,98598,105728,103140,99615,106573,104155,100584,107726,105164,101646,108708,106168,102557,109651,5.36
1257425,"Plantation city, Florida",19,2024,100690,ets,1280,1537,98600,99395,100187,100974,101757,3401,3820,99957,100458,100115,100349,100189,98600,93802,103512,99395,94594,104070,100187,95324,105050,100974,96183,105800,101757,96840,106501,1.06
1217200,"Deltona city, Florida",19,2024,100515,arima,8196,8304,102027,103801,105566,107322,109070,6733,6805,100405,100431,100425,100426,100426,100405,98080,102730,100431,97258,103605,100425,96564,104286,100426,95988,104865,100426,95475,105377,-0.09
5323515,"Federal Way city, Washington",19,2024,100242,arima,2773,3089,100374,100895,101392,101866,102316,2701,2955,100301,100255,100291,100263,100285,100301,97582,103021,100255,96307,104203,100291,95480,105103,100263,94677,105849,100285,94051,106520,0.04
0680238,"Tracy city, California",19,2024,100136,ets,7779,8332,101769,103338,104899,106452,107997,7884,7947,100784,100329,100648,100424,100582,101769,97318,106325,103338,97528,108885,104899,97040,112674,106452,95655,116748,107997,94037,121370,7.85
1269700,"Sunrise city, Florida",19,2024,100131,ets,2467,2767,98505,99170,99832,100490,101146,3384,3461,100043,100120,100052,100112,100059,98505,95480,101601,99170,96144,102116,99832,96767,102897,100490,97471,103532,101146,98047,104135,1.01
1224125,"Fort Myers city, Florida",16,2024,99929,ets,8280,8467,102418,104895,107360,109812,112252,12710,13977,102527,105125,107724,110322,112920,102418,99193,105720,104895,100195,109334,107360,101650,112833,109812,103102,116094,112252,104729,119360,12.33
4864472,"San Angelo city, Texas",19,2024,99661,arima,5001,5602,100529,100627,100710,100781,100841,2244,2594,99895,99914,99916,99916,99916,99895,93752,106039,99914,90811,109017,99916,88576,111256,99916,86710,113121,99916,85077,114754,0.26
5539225,"Kenosha city, Wisconsin",19,2024,99574,arima,2345,2405,99838,99850,99860,99867,99873,745,902,99511,99560,99522,99552,99528,99511,97772,101250,99560,97148,101973,99522,96556,102487,99552,96142,102962,99528,95711,103345,-0.05
0682996,"Vista city, California",19,2024,99330,arima,5266,5988,100667,100800,100918,101022,101114,3213,3309,99480,99502,99505,99505,99505,99480,94846,104114,99502,92433,106570,99505,90587,108423,99505,89052,109958,99505,87715,111296,0.18
0836410,"Highlands Ranch CDP, Colorado",19,2024,99056,arima,10254,10430,104275,104312,104342,104366,104385,5849,7000,98899,99039,98915,99025,98927,98899,89837,107961,99039,86429,111648,98915,83405,114424,99025,81194,116855,98927,78952,118901,-0.13
4023200,"Edmond city, Oklahoma",19,2024,99036,ets,2434,2976,99797,100839,101866,102877,103873,5149,5169,99259,99385,99457,99498,99521,99797,95687,104005,100839,96727,104843,101866,97701,106032,102877,98773,107011,103873,99661,107935,4.88
1200410,"Alafaya CDP, Florida",14,2024,98873,ets,1047,1158,98977,100073,101116,102109,103054,5949,6157,98583,98794,98640,98752,98671,98977,89557,108621,100073,90646,109249,101116,91569,110664,102109,92703,111584,103054,93401,112366,4.23
4105350,"Beaverton city, Oregon",19,2024,98302,ets,2883,3372,99361,99599,99813,100005,100178,5028,5309,98609,98890,99147,99383,99599,99361,96160,102637,99599,96396,102717,99813,96569,103057,100005,96809,103224,100178,96898,103342,1.91
0652526,"Norwalk city, California",19,2024,98211,arima,5922,6433,97931,97653,97375,97100,96825,5723,6232,98202,98199,98198,98198,98198,98202,94351,102052,98199,92647,103751,98198,91328,105068,98198,90216,106179,98198,89240,107156,-0.01
5168000,"Roanoke city, Virginia",19,2024,97912,arima,4500,4588,97181,96976,96791,96625,96475,3494,3572,97932,97950,97964,97976,97987,97932,96593,99272,97950,96018,99882,97964,95557,100371,97976,95154,100799,97987,94788,101185,0.08
5380010,"Yakima city, Washington",19,2024,97378,arima,3950,5199,97670,97971,98245,98494,98721,2214,2559,97367,97375,97369,97373,97370,97367,94618,100115,97375,93343,101407,97369,92457,102281,97373,91664,103082,97370,90996,103744,-0.01
2038900,"Lawrence city, Kansas",19,2024,97265,ets,2108,3356,97353,97571,97769,97949,98112,2295,3428,97501,97507,97507,97507,97507,97353,92122,102708,97571,92337,102667,97769,92468,103072,97949,92726,103210,98112,92751,103283,0.87
3473110,"Toms River CDP, New Jersey",19,2024,96868,arima,5251,5649,94575,94937,95232,95473,95669,4458,4986,96974,97080,97185,97291,97396,96974,88338,105609,97080,84860,109299,97185,82211,112159,97291,79990,114591,97396,78043,116750,0.55
4957300,"Orem city, Utah",19,2024,96642,arima,3868,3946,97690,97877,98044,98194,98329,2552,3096,96659,96650,96654,96652,96653,96659,93077,100240,96650,91531,101768,96654,90387,102922,96652,89405,103899,96653,88550,104757,0.01
0404720,"Avondale city, Arizona",19,2024,96626,ets,4477,5044,95132,96225,97271,98274,99236,9542,9684,96355,96586,96390,96556,96415,95132,87318,103132,96225,88405,103837,97271,89352,105192,98274,90472,106135,99236,91228,106960,2.7
0668196,"San Marcos city, California",19,2024,96615,arima,7410,8322,96939,97567,98159,98717,99242,3865,5179,96637,96634,96634,96634,96634,96637,93403,99871,96634,92041,101227,96634,91003,102265,96634,90129,103140,96634,89358,103910,0.02
5164000,"Portsmouth city, Virginia",19,2024,96482,arima,3078,3418,95581,95541,95505,95475,95448,1795,1813,96451,96448,96448,96448,96448,96451,94280,98621,96448,93217,99678,96448,92417,100479,96448,91750,101146,96448,91166,101729,-0.04
4872176,"Temple city, Texas",14,2024,96268,arima,13766,13782,99771,103256,106724,110175,113608,13568,13577,98510,100753,102995,105237,107479,98510,95569,101451,100753,96537,104968,102995,97764,108226,105237,99119,111355,107479,100554,114405,11.65
0646898,"Merced city, California",19,2024,96082,ets,5527,6743,96812,98203,99588,100965,102336,7215,8285,95992,96052,96012,96039,96021,96812,92091,101645,98203,92557,103481,99588,93219,105737,100965,94014,107720,102336,94627,109393,6.51
4263624,"Reading city, Pennsylvania",19,2024,96008,ets,3862,4087,95844,96625,97399,98167,98930,4856,5775,96033,96013,96030,96016,96027,95844,91640,100148,96625,92418,100720,97399,93138,101661,98167,93970,102396,98930,94622,103086,3.04
5305280,"Bellingham city, Washington",19,2024,95880,ets,3190,3647,97236,98397,99546,100685,101814,6702,6851,96048,96122,96155,96170,96177,97236,94368,100173,98397,95526,101191,99546,96639,102454,100685,97821,103571,101814,98874,104649,6.19
4548535,"Mount Pleasant town, South Carolina",16,2024,95606,arima,5128,5198,96137,96544,96932,97301,97652,2089,2728,97497,99388,101278,103169,105060,97497,95579,99415,99388,96638,102137,101278,97865,104691,103169,99177,107161,105060,100540,109579,9.89
2954074,"O'Fallon city, Missouri",19,2024,95363,ets,2087,2163,96357,97319,98240,99124,99972,2315,2410,96411,97421,98395,99333,100238,96357,93757,99020,97319,94098,100327,98240,94561,101780,99124,95029,103037,99972,95450,104153,4.83
3728080,"Greenville city, North Carolina",19,2024,95144,arima,4913,5906,92762,92857,92933,92995,93045,2567,2641,95499,95854,96209,96564,96919,95499,88477,102521,95854,85904,105804,96209,84000,108418,96564,82439,110688,96919,81097,112740,1.87
3702140,"Asheville city, North Carolina",19,2024,94983,ets,1967,2173,96920,97712,98480,99224,99944,4274,4423,94873,94903,94895,94897,94896,96920,93000,100933,97712,93790,101531,98480,94507,102454,99224,95310,103167,99944,95927,103819,5.22
2523000,"Fall River city, Massachusetts",19,2024,94687,arima,4808,5140,94578,95031,95399,95698,95941,3540,4014,94566,94535,94527,94525,94525,94566,92364,96767,94535,91591,97478,94527,91029,98026,94525,90556,98494,94525,90137,98912,-0.17
0645484,"Manteca city, California",16,2024,94283,ets,3461,3637,96596,99562,102512,105448,108369,3866,3926,96183,98082,99982,101882,103782,96596,94836,98399,99562,96852,102127,102512,98492,106442,105448,99597,110994,108369,100752,115615,14.94
0636448,"Indio city, California",19,2024,94283,ets,3040,3335,95172,95832,96443,97010,97535,4822,5557,93934,94236,93975,94201,94005,95172,89824,100646,95832,90480,101041,96443,91023,101864,97010,91670,102389,97535,92054,102821,3.45
0613210,"Chino city, California",19,2024,94006,arima,6070,7035,94086,94151,94202,94244,94276,5770,6571,94115,94176,94209,94228,94239,94115,90962,97268,94176,89453,98898,94209,88199,100219,94228,87102,101355,94239,86118,102359,0.25
0955990,"Norwalk city, Connecticut",19,2024,93666,ets,1559,1800,93349,93872,94383,94881,95367,2632,2938,93605,93642,93619,93633,93625,93349,89492,97296,93872,90013,97629,94383,90475,98291,94881,91030,98759,95367,91415,99179,1.82
0659920,"Redding city, California",19,2024,93509,ets,605,740,93532,93731,93928,94123,94314,1211,1298,93694,93878,94061,94242,94422,93532,91515,95597,93731,91713,95696,93928,91884,95973,94123,92109,96152,94314,92247,96308,0.86
2649000,"Livonia city, Michigan",19,2024,93118,ets,856,972,92917,92831,92756,92691,92633,1287,1513,92460,91814,91179,90557,89945,92917,88558,97381,92831,88469,97079,92756,88338,97176,92691,88338,97076,92633,88166,96943,-0.52
0135896,"Hoover city, Alabama",19,2024,93002,ets,3761,3993,93675,94568,95443,96299,97138,5422,6260,93656,93027,93632,93051,93609,93675,90146,97288,94568,91037,98006,95443,91866,99020,96299,92776,99849,97138,93522,100627,4.45
4224000,"Erie city, Pennsylvania",19,2024,92936,arima,6549,6696,92374,91960,91614,91325,91084,4358,4419,93035,93006,93015,93012,93013,93035,90589,95482,93006,89045,96967,93015,88094,97935,93012,87261,98763,93013,86545,99481,0.08
0633182,"Hemet city, California",19,2024,92908,ets,1199,1657,93508,94589,95665,96735,97800,5650,5988,92920,92915,92917,92916,92916,93508,88798,98331,94589,89876,99178,95665,90891,100440,96735,92032,101473,97800,92973,102457,5.27
4967440,"Sandy city, Utah",19,2024,92832,ets,3277,3853,94452,94604,94754,94904,95053,4730,5276,92533,92797,92563,92770,92587,94452,89229,99800,94604,89376,99693,94754,89460,100049,94904,89688,100158,95053,89700,100217,2.39
1367284,"Roswell city, Georgia",19,2024,92229,arima,2913,3805,92645,92588,92539,92497,92460,1367,1527,92229,92228,92228,92228,92228,92229,79150,105307,92228,73732,110724,92228,69575,114881,92228,66071,118385,92228,62983,121472,-0.0
1779293,"Waukegan city, Illinois",19,2024,92114,ets,4129,4924,88411,88416,88419,88422,88424,4275,5416,92251,92194,92218,92208,92212,88411,82287,94682,88416,82287,94382,88419,82212,94628,88422,82307,94583,88424,82148,94479,-4.01
1712385,"Champaign city, Illinois",19,2024,91951,ets,1069,1469,91200,91583,91935,92257,92553,2577,2777,92457,92780,92986,93118,93202,91200,87951,94526,91583,88333,94748,91935,88643,95228,92257,89014,95525,92553,89224,95765,0.65
3350260,"Nashua city, New Hampshire",19,2024,91850,ets,2131,2196,90934,91188,91442,91694,91945,2487,2597,91906,91874,91892,91882,91888,90934,88240,93692,91188,88493,93813,91442,88712,94173,91694,89004,94404,91945,89185,94608,0.1
0648256,"Mission Viejo city, California",19,2024,91598,arima,5440,5776,90563,90195,89901,89666,89478,3585,3872,91860,91774,91802,91793,91796,91860,89992,93729,91774,88906,94642,91802,88263,95342,91793,87674,95912,91796,87174,96418,0.22
4810912,"Bryan city, Texas",19,2024,91544,ets,2138,2359,90345,90893,91392,91849,92267,5159,5221,92035,92114,92127,92129,92130,90345,87490,93268,90893,88036,93674,91392,88499,94286,91849,88999,94721,92267,89341,95089,0.79
2432025,"Germantown CDP, Maryland",14,2024,91497,ets,2152,2257,90314,90469,90623,90777,90930,8781,8957,91884,92270,92657,93043,93429,90314,80336,100529,90469,80484,100189,90623,80511,100738,90777,80814,100814,90930,80705,100794,-0.62
0611530,"Carson city, California",19,2024,91370,arima,1158,1263,91969,91893,91817,91742,91667,1009,1158,91341,91355,91348,91352,91350,91341,86643,96039,91355,84945,97766,91348,83498,99198,91352,82330,100374,91350,81273,101427,-0.02
3474000,"Trenton city, New Jersey",19,2024,91204,ets,4091,4313,89809,90303,90794,91283,91770,4233,5013,90973,91124,91025,91089,91047,89809,85932,93779,90303,86423,94080,90794,86865,94725,91283,87412,95183,91770,87796,95603,0.62
0615044,"Compton city, California",19,2024,91122,ets,3996,4553,91320,90947,90577,90208,89841,4494,4847,91115,91112,91111,91110,91110,91320,86963,95781,90947,86241,95450,90577,85436,95519,90208,84991,95551,89841,84401,95218,-1.41
0673080,"South Gate city, California",19,2024,90809,ets,2836,3194,91391,91197,91018,90855,90704,2917,3506,89283,90808,89285,90807,89286,91391,85890,97023,91197,85692,96555,91018,85443,96594,90855,85362,96388,90704,85067,96142,-0.12
0670000,"Santa Monica city, California",19,2024,90740,arima,3945,4189,90578,90605,90626,90643,90657,1880,2027,90679,90720,90693,90711,90699,90679,89484,91875,90720,88801,92639,90693,88377,93008,90711,87987,93435,90699,87663,93735,-0.05
2545560,"Newton city, Massachusetts",19,2024,90695,arima,1246,1618,88213,88209,88206,88204,88202,966,1167,90956,91041,91068,91077,91080,90956,85219,96692,91041,82493,99588,91068,80311,101825,91077,78459,103695,91080,76833,105327,0.42
3570500,"Santa Fe city, New Mexico",19,2024,90553,ets,6735,8544,92054,93369,94677,95979,97274,7638,9033,90478,90486,90485,90485,90485,92054,85090,99185,93369,85196,101068,94677,85404,103682,95979,86005,105683,97274,86260,107468,7.42
0524550,"Fort Smith city, Arkansas",19,2024,90517,arima,1375,1497,90634,90740,90833,90915,90987,1110,1340,90679,90822,90947,91058,91154,90679,89824,91535,90822,89577,92068,90947,89382,92513,91058,89208,92907,91154,89042,93266,0.7
1216725,"Deerfield Beach city, Florida",19,2024,90487,ets,5078,5533,89847,91284,92713,94135,95551,5766,6326,90977,90927,90932,90932,90932,89847,83701,96139,91284,84207,98052,92713,83807,101342,94135,83006,104917,95551,81487,108905,5.6
0602553,"Arden-Arcade CDP, California",19,2024,90375,arima,17266,19160,90913,90961,91004,91043,91078,10915,11737,90423,90423,90423,90423,90423,90423,81709,99137,90423,78454,102391,90423,75910,104935,90423,73750,107096,90423,71839,109007,0.05
3413690,"Clifton city, New Jersey",19,2024,90315,ets,3002,3693,89127,89329,89510,89672,89817,3078,3787,90215,90304,90224,90296,90232,89127,84336,94032,89329,84536,93996,89510,84655,94366,89672,84889,94491,89817,84907,94552,-0.55
4041850,"Lawton city, Oklahoma",19,2024,90039,arima,8256,8351,90042,89735,89490,89294,89137,3736,3859,90022,90020,90020,90020,90020,90022,85163,94880,90020,82593,97447,90020,80661,99378,90020,79061,100978,90020,77667,102373,-0.02
0566080,"Springdale city, Arkansas",17,2024,89641,ets,2165,2943,90188,91221,92217,93179,94106,4016,4447,91064,92480,93890,95294,96691,90188,87289,93156,91221,88320,94044,92217,89279,95155,93179,90284,96094,94106,91136,96972,4.98
0684550,"Westminster city, California",19,2024,89547,ets,912,1052,89554,89559,89563,89567,89569,1578,1775,89556,89562,89565,89567,89569,89554,84841,94378,89559,82691,96044,89563,81220,97561,89567,79762,98746,89569,78577,99957,0.02
2430325,"Frederick city, Maryland",14,2024,89545,ets,11623,11749,93258,96972,100668,104344,108003,11709,11807,91374,93202,95031,96859,98688,93258,89576,97028,96972,90916,102776,100668,91434,109655,104344,91331,116812,108003,91009,123890,20.61
2534550,"Lawrence city, Massachusetts",19,2024,89323,ets,4544,5337,89938,91302,92660,94010,95354,6369,6983,89114,89114,89114,89114,89114,89938,82769,97276,91302,83298,99079,92660,82819,102230,94010,81980,105622,95354,80291,109468,6.75
2680700,"Troy city, Michigan",19,2024,89205,arima,3904,4050,89254,90123,90988,91849,92705,3012,3308,89089,89165,89115,89148,89126,89089,86977,91201,89165,86305,92025,89115,85596,92633,89148,85115,93180,89126,84615,93637,-0.09
0918430,"Danbury city, Connecticut",19,2024,88683,ets,1018,1291,86915,87027,87123,87206,87277,1787,2140,89162,88856,89052,88926,89007,86915,84794,89087,87027,84904,89093,87123,84974,89273,87206,85088,89339,87277,85104,89374,-1.59
4955980,"Ogden city, Utah",19,2024,88661,arima,1216,1352,88378,88610,88829,89037,89234,1127,1301,88858,88712,88820,88740,88799,88858,86156,91559,88712,84736,92688,88820,83981,93658,88740,83111,94369,88799,82518,95080,0.16
4848768,"Mission city, Texas",17,2024,88570,ets,2163,2723,87893,88148,88368,88559,88725,3535,3630,89425,90265,91090,91902,92700,87893,84033,91845,88148,84285,91908,88368,84456,92281,88559,84705,92442,88725,84769,92541,0.18
2706616,"Bloomington city, Minnesota",19,2024,88339,ets,2076,2769,88010,88157,88291,88413,88525,2454,2835,88557,88761,88951,89128,89294,88010,86124,89941,88157,86269,89994,88291,86379,90203,88413,86530,90310,88525,86592,90389,0.21
0624638,"Folsom city, California",19,2024,88096,ets,4929,5186,85332,86193,87050,87903,88751,6135,6277,88662,88893,88987,89025,89041,85332,80120,90668,86193,80978,91271,87050,81768,92333,87903,82699,93145,88751,83410,93904,0.74
2717000,"Duluth city, Minnesota",19,2024,87990,arima,1213,1367,86780,86793,86803,86811,86817,924,1200,87797,87830,87825,87826,87825,87797,86596,88999,87830,85741,89920,87825,85178,90471,87826,84713,90938,87825,84310,91341,-0.19
1243975,"Melbourne city, Florida",19,2024,87572,ets,4009,4030,88935,89989,91037,92080,93117,4973,4980,87537,87522,87515,87512,87511,88935,85299,92658,89989,85643,94052,91037,85582,96408,92080,85084,98859,93117,84299,101524,6.33
1973335,"Sioux City city, Iowa",19,2024,87526,ets,1986,2512,84846,84993,85139,85284,85428,2331,2708,87667,87731,87759,87772,87778,84846,81671,88097,84993,81816,88086,85139,81921,88358,85284,82113,88478,85428,82174,88567,-2.4
0649670,"Mountain View city, California",19,2024,87322,arima,2502,3048,85212,85747,86261,86754,87229,2430,3106,87843,87440,87752,87510,87697,87843,84602,91083,87440,82648,92231,87752,81931,93573,87510,80729,94291,87697,80136,95258,0.43
0669070,"Santa Barbara city, California",19,2024,87291,arima,5053,5904,86746,86317,85973,85698,85478,3146,3686,87063,87215,87113,87181,87136,87063,84363,89762,87215,83655,90775,87113,82721,91506,87181,82173,92189,87136,81531,92741,-0.18
0639496,"Lake Forest city, California",19,2024,87164,ets,2110,2402,88319,88949,89558,90148,90720,3996,4537,87678,88164,88623,89058,89468,88319,84092,92647,88949,84719,93066,89558,85274,93843,90148,85928,94400,90720,86388,94898,4.08
0613588,"Citrus Heights city, California",19,2024,86910,arima,1432,1551,86936,86958,86974,86988,86999,1371,1548,86947,86961,86966,86968,86968,86947,85071,88823,86961,84211,89710,86966,83530,90402,86968,82952,90984,86968,82443,91494,0.07
5335275,"Kennewick city, Washington",15,2024,86721,ets,1911,2165,87251,87901,88515,89097,89647,3383,3393,87134,87247,87277,87285,87288,87251,84836,89723,87901,85484,90253,88515,86068,90963,89097,86686,91526,89647,87173,92035,3.37
0668084,"San Leandro city, California",19,2024,86568,arima,3061,3686,88344,88352,88358,88363,88367,2634,2951,86697,86722,86727,86728,86728,86697,80683,92711,86722,77465,95978,86727,74978,98475,86728,72910,100545,86728,71109,102347,0.18
4806128,"Baytown city, Texas",19,2024,86395,ets,5068,6169,84647,85444,86237,87026,87811,5424,6259,87156,86650,86986,86763,86911,84647,77344,92124,85444,78136,92559,86237,78836,93640,87026,79734,94372,87811,80327,95030,1.64
5303180,"Auburn city, Washington",14,2024,86372,ets,841,960,88047,89109,90149,91167,92163,4621,4646,87585,86373,87584,86374,87584,88047,84871,91298,89109,85931,92202,90149,86931,93367,91167,87996,94361,92163,88909,95302,6.7
4147000,"Medford city, Oregon",19,2024,86313,ets,3070,3420,87041,87714,88384,89050,89713,4530,4630,86992,87670,88349,89027,89706,87041,84789,89346,87714,85200,90156,88384,85577,91119,89050,86038,91985,89713,86529,92727,3.94
1272145,"Town 'n' Country CDP, Florida",19,2024,86253,ets,5303,7106,88582,88962,89316,89645,89952,6352,7420,84844,85244,85130,85162,85153,88582,79883,97489,88962,80257,97437,89316,80499,98134,89645,80959,98396,89952,81037,98552,4.29
0668378,"San Ramon city, California",14,2024,85932,ets,8205,8269,86945,87825,88701,89572,90439,9135,9160,86915,87898,88880,89863,90845,86945,81441,92580,87825,81452,93894,88701,81475,95729,89572,81731,97154,90439,81853,98322,5.24
1380508,"Warner Robins city, Georgia",14,2024,85856,ets,5222,5590,86959,88282,89599,90910,92214,7725,7883,87308,88759,90211,91662,93113,86959,84378,89600,88282,85110,91245,89599,85976,93056,90910,86912,94756,92214,87803,96291,7.41
0685292,"Whittier city, California",19,2024,85594,arima,1940,2137,85699,85700,85700,85700,85700,1768,1992,86138,85951,86015,85993,86001,86138,82474,89802,85951,79006,92896,86015,77380,94651,85993,75811,96176,86001,74519,97483,0.48
3725580,"Gastonia city, North Carolina",19,2024,85528,ets,4647,4925,86098,87611,89115,90613,92102,5372,5653,86233,86938,87643,88348,89053,86098,81911,90385,87611,82527,92331,89115,82729,95398,90613,82315,98643,92102,81650,102050,7.69
3650617,"New Rochelle city, New York",19,2024,85509,arima,2558,3128,83891,84316,84724,85115,85490,2407,3328,85352,85309,85298,85295,85294,85352,81672,89032,85309,80269,90350,85298,79229,91367,85295,78356,92233,85294,77586,93002,-0.25
0641992,"Livermore city, California",19,2024,84849,arima,5736,6310,87681,87809,87926,88033,88130,4487,4863,84481,84559,84543,84546,84545,84481,81765,87197,84559,81054,88065,84543,80338,88747,84546,79753,89339,84545,79227,89863,-0.36
4419180,"Cranston city, Rhode Island",19,2024,84445,ets,1221,1574,83141,83317,83487,83653,83814,2041,2398,84298,84410,84325,84390,84340,83141,78574,87816,83317,78747,87766,83487,78859,88117,83653,79093,88247,83814,79134,88329,-0.75
4943660,"Layton city, Utah",16,2024,84336,ets,2289,3506,86302,87640,88970,90292,91606,6705,6838,85286,86189,87047,87861,88635,86302,84337,88314,87640,85673,89554,88970,86978,90962,90292,88330,92268,91606,89593,93549,8.62
2627440,"Farmington Hills city, Michigan",19,2024,84160,arima,1575,1842,82309,82394,82479,82563,82647,1394,1673,84390,84383,84384,84384,84384,84390,82829,85951,84383,82015,86752,84384,81424,87344,84384,80932,87835,84384,80502,88265,0.27
0632548,"Hawthorne city, California",19,2024,83629,ets,1431,1578,85231,85213,85198,85186,85176,2672,2949,83584,83612,83594,83605,83598,85231,79375,91227,85213,79352,90918,85198,79263,91134,85186,79338,91076,85176,79175,90966,1.85
4474300,"Warwick city, Rhode Island",19,2024,83554,arima,1961,2332,82030,82024,82020,82017,82014,1595,1704,83497,83495,83495,83495,83495,83497,82112,84883,83495,81632,85358,83495,81257,85733,83495,80937,86054,83495,80652,86338,-0.07
1245025,"Miami Beach city, Florida",19,2024,83264,arima,12653,14177,83048,83076,83098,83116,83131,7983,9399,83207,83184,83175,83171,83170,83207,79065,87350,83184,77389,88980,83175,76123,90227,83171,75062,91281,83170,74129,92211,-0.11
1207875,"Boynton Beach city, Florida",19,2024,83095,ets,1461,1845,83895,84842,85766,86670,87552,4674,5141,83919,84704,85453,86167,86849,83895,81206,86649,84842,82150,87462,85766,83041,88493,86670,83984,89375,87552,84796,90211,5.36
0656700,"Perris city, California",14,2024,83040,ets,2990,3054,83959,84856,85731,86586,87421,3149,3208,83970,84879,85768,86637,87487,83959,82829,85116,84856,83209,86411,85731,83731,87649,86586,84235,88788,87421,84785,89912,5.28
0660102,"Redwood City city, California",19,2024,82974,arima,6001,6411,82994,83013,83028,83040,83050,4008,4137,82869,82826,82810,82803,82800,82869,78550,87187,82826,76928,88725,82810,75739,89880,82803,74752,90854,82800,73884,91716,-0.21
0651182,"Newport Beach city, California",19,2024,82956,arima,3265,3309,83497,83287,83118,82984,82876,2560,2618,83052,82976,83036,82989,83026,83052,79798,86307,82976,78267,87685,83036,77294,88779,82989,76326,89651,83026,75589,90464,0.08
4843888,"Longview city, Texas",19,2024,82941,arima,1797,2285,83304,83372,83432,83484,83530,1140,1286,82887,82917,82900,82910,82904,82887,80269,85504,82917,79143,86691,82900,78282,87518,82910,77564,88256,82904,76926,88883,-0.04
2707966,"Brooklyn Park city, Minnesota",19,2024,82887,ets,1328,1919,83727,84066,84382,84677,84953,2711,3033,83034,83033,83033,83033,83033,83727,81182,86332,84066,81519,86545,84382,81803,86962,84677,82137,87237,84953,82346,87469,2.49
2686000,"Westland city, Michigan",19,2024,82745,arima,3261,3456,82235,82206,82181,82159,82140,1521,1891,83325,82858,83234,82931,83175,83325,78385,88264,82858,75293,90422,83234,74114,92353,82931,72226,93636,83175,71277,95073,0.52
1236100,"Kendall CDP, Florida",19,2024,82704,arima,5390,5859,76972,76956,76942,76932,76924,3713,4196,81295,81698,81583,81616,81606,81295,74743,87848,81698,73033,90362,81583,71088,92078,81616,69600,93631,81606,68234,94979,-1.33
0608786,"Buena Park city, California",19,2024,82597,arima,922,1035,82841,82847,82851,82855,82858,711,820,82629,82643,82649,82652,82653,82629,79242,86017,82643,77669,87618,82649,76417,88882,82652,75351,89953,82653,74412,90894,0.07
0535710,"Jonesboro city, Arkansas",15,2024,82386,ets,414,456,83107,84063,85000,85921,86824,597,734,83426,84451,85462,86459,87442,83107,82604,83622,84063,83559,84553,85000,84490,85510,85921,85418,86427,86824,86309,87321,5.39
1239425,"Largo city, Florida",19,2024,82343,arima,4039,4575,82493,82608,82708,82796,82872,3247,3944,82474,82389,82444,82408,82431,82474,80092,84855,82389,78875,85904,82444,78158,86730,82408,77427,87390,82431,76865,87998,0.11
2562535,"Somerville city, Massachusetts",19,2024,82144,arima,4098,4277,82041,82220,82382,82529,82661,1461,1736,81891,81984,81950,81963,81958,81891,78755,85027,81984,77883,86086,81950,76969,86930,81963,76269,87656,81958,75621,88295,-0.23
1714351,"Cicero town, Illinois",19,2024,82093,arima,1856,2112,82072,81990,81908,81827,81746,1641,1964,82043,82076,82054,82069,82059,82043,77552,86534,82076,75951,88201,82054,74524,89584,82069,73427,90710,82059,72393,91725,-0.04
2481175,"Waldorf CDP, Maryland",14,2024,81672,ets,5736,6533,83992,85004,86011,87013,88010,7932,9706,81636,81632,81632,81632,81632,83992,78901,89205,85004,79909,89964,86011,80851,91172,87013,81929,92134,88010,82792,93043,7.76
1342425,"Johns Creek city, Georgia",14,2024,81176,arima,4468,4472,80611,80283,80022,79812,79645,3555,3560,81115,81075,81049,81032,81022,81115,79517,82713,81075,78743,83406,81049,78126,83972,81032,77597,84467,81022,77129,84914,-0.19
2241155,"Lake Charles city, Louisiana",19,2024,81166,ets,805,1096,81800,82460,83117,83771,84421,3375,3498,81269,81247,81252,81251,81251,81800,79785,83864,82460,80443,84424,83117,81074,85160,83771,81758,85798,84421,82356,86414,4.01
4857200,"Pharr city, Texas",16,2024,81145,arima,2404,2628,81950,82343,82703,83031,83331,2269,2740,81470,81757,82009,82232,82429,81470,79775,83165,81757,79294,84219,82009,78920,85099,82232,78586,85879,82429,78271,86587,1.58
0846465,"Loveland city, Colorado",16,2024,81103,arima,6052,6428,81779,82521,83237,83927,84592,3913,4162,81999,82884,83758,84621,85474,81999,80380,83618,82884,80568,85200,83758,80889,86627,84621,81271,87972,85474,81688,89261,5.39
4848804,"Missouri City city, Texas",19,2024,80865,ets,2954,3502,76342,76577,76794,76994,77179,2959,3959,81270,81559,81764,81911,82015,76342,70503,82320,76577,70734,82266,76794,70877,82713,76994,71164,82868,77179,71195,82951,-4.56
5147672,"Lynchburg city, Virginia",19,2024,80301,arima,2965,3310,80173,80233,80281,80319,80350,2143,2298,80437,80511,80550,80572,80584,80437,78568,82306,80511,77618,83403,80550,76799,84302,80572,76070,85074,80584,75413,85754,0.35
0600884,"Alhambra city, California",19,2024,80289,arima,3926,4309,80312,80337,80357,80372,80385,3577,4075,80289,80289,80289,80289,80289,80289,76308,84270,80289,74659,85919,80289,73394,87184,80289,72328,88250,80289,71388,89190,0.0
4206088,"Bethlehem city, Pennsylvania",19,2024,79959,ets,2042,2465,77883,77972,78050,78119,78179,2193,2598,80137,80101,80108,80107,80107,77883,75231,80599,77972,75318,80556,78050,75362,80739,78119,75470,80787,78179,75461,80801,-2.23
4652980,"Rapid City city, South Dakota",16,2024,79894,ets,1890,2111,79806,80244,80645,81012,81347,3939,4063,79994,80025,80034,80037,80038,79806,77890,81767,80244,78327,82111,80645,78703,82587,81012,79099,82939,81347,79383,83241,1.82
0647766,"Milpitas city, California",17,2024,79748,arima,9169,10150,80315,80854,81368,81857,82323,5191,6366,79802,79808,79808,79808,79808,79802,75516,84089,79808,73676,85939,79808,72265,87351,79808,71078,88538,79808,70035,89582,0.08
2629000,"Flint city, Michigan",19,2024,79727,ets,8933,10391,77783,76117,74459,72809,71167,10199,12207,79741,79736,79737,79737,79737,77783,69942,85811,76117,67474,84301,74459,65035,83524,72809,63100,82639,71167,61000,81121,-10.74
0681344,"Upland city, California",19,2024,79685,arima,2467,2680,79961,80236,80509,80782,81052,1979,2073,79822,79824,79824,79824,79824,79822,78476,81169,79824,77782,81866,79824,77268,82379,79824,76842,82806,79824,76469,83178,0.17
4826232,"Flower Mound town, Texas",18,2024,79435,arima,7694,8208,80541,81289,82034,82775,83512,5764,6916,79427,79427,79427,79427,79427,79427,75256,83599,79427,73624,85230,79427,72363,86491,79427,71295,87558,79427,70352,88501,-0.01
3961000,"Parma city, Ohio",19,2024,79354,arima,1535,1713,78653,78563,78481,78406,78336,738,1064,79384,79388,79388,79388,79388,79384,76076,82693,79388,74521,84254,79388,73335,85442,79388,72343,86434,79388,71474,87302,0.04
1706613,"Bloomington city, Illinois",19,2024,79239,arima,3044,3328,79512,79730,79905,80045,80157,1070,1185,79430,79534,79590,79620,79637,79430,78266,80594,79534,77619,81449,79590,77020,82160,79620,76472,82768,79637,75973,83300,0.5
0680854,"Tustin city, California",19,2024,78864,arima,6326,6392,80134,80204,80264,80316,80360,1722,2016,78580,78617,78612,78613,78612,78580,68846,88314,78617,66569,90664,78612,64454,92770,78613,62640,94585,78612,61010,96215,-0.32
0600562,"Alameda city, California",19,2024,78807,arima,2189,2763,78119,78237,78348,78452,78548,1882,2294,78338,78552,78454,78499,78478,78338,75737,80938,78552,75100,82004,78454,74238,82671,78499,73670,83327,78478,73094,83863,-0.42
2688940,"Wyoming city, Michigan",19,2024,78557,ets,957,1045,77577,77845,78112,78378,78642,1526,1651,78744,78719,78723,78722,78722,77577,74854,80365,77845,75121,80498,78112,75353,80872,78378,75659,81117,78642,75852,81334,0.11
2751730,"Plymouth city, Minnesota",19,2024,78545,arima,3090,3243,78782,79001,79203,79390,79563,2945,3368,78791,79022,79236,79437,79624,78791,76953,80630,79022,76395,81648,79236,75989,82484,79437,75653,83221,79624,75356,83891,1.37
0639892,"Lakewood city, California",19,2024,78488,ets,1979,2425,78629,78521,78427,78346,78274,2353,2459,78488,78488,78488,78487,78487,78629,74210,83152,78521,74100,82825,78427,73950,82906,78346,73934,82790,78274,73747,82642,-0.27
2669035,"Rochester Hills city, Michigan",19,2024,78328,arima,2716,2878,77706,78306,78903,79496,80087,2252,2390,78573,78404,78521,78440,78496,78573,76796,80350,78404,75703,81105,78521,75243,81799,78440,74611,82270,78496,74223,82768,0.21
1768003,"Schaumburg village, Illinois",19,2024,78223,ets,2461,2751,75580,75644,75707,75770,75832,2947,3334,78643,78319,78569,78376,78525,75580,71192,80072,75644,71253,79918,75707,71260,80155,75770,71389,80183,75832,71336,80170,-3.06
3050200,"Missoula city, Montana",17,2024,78213,ets,2513,3173,78889,79691,80489,81282,82072,4507,4555,78214,78214,78215,78215,78216,78889,76452,81385,79691,77252,82066,80489,78018,82960,81282,78848,83734,82072,79574,84482,4.93
5566000,"Racine city, Wisconsin",19,2024,78063,arima,1654,1781,77314,77320,77324,77328,77331,807,1007,78061,78058,78056,78054,78052,78061,75671,80450,78058,74679,81437,78056,73918,82194,78054,73276,82832,78052,72709,83394,-0.01
2472450,"Silver Spring CDP, Maryland",19,2024,77793,ets,5768,7586,81406,81510,81601,81682,81754,6222,7870,78012,77991,77993,77993,77993,81406,76210,86725,81510,76311,86571,81601,76336,86868,81682,76495,86908,81754,76430,86890,5.09
1805860,"Bloomington city, Indiana",19,2024,77725,arima,8133,9787,77817,77881,77932,77973,78006,7318,8054,78099,78294,78395,78448,78476,78099,71983,84215,78294,68832,87755,78395,66137,90654,78448,63759,93138,78476,61628,95324,0.97
2426000,"Ellicott City CDP, Maryland",16,2024,77698,ets,1608,1829,76495,76929,77343,77739,78117,5373,5548,77677,77691,77681,77688,77684,76495,72997,80075,76929,73429,80336,77343,73799,80889,77739,74247,81257,78117,74533,81575,0.54
0423620,"Flagstaff city, Arizona",14,2024,77549,ets,76,79,78877,79724,80556,81374,82178,872,995,78406,79260,80111,80958,81803,78877,77599,80186,79724,78444,80969,80556,79260,81852,81374,80097,82660,82178,80868,83442,5.97
0613214,"Chino Hills city, California",19,2024,77412,arima,6092,7230,77385,77364,77347,77333,77322,3939,4744,77365,77392,77376,77385,77380,77365,74667,80063,77392,73662,81122,77376,72803,81950,77385,72122,82649,77380,71497,83264,-0.04
0657456,"Pittsburg city, California",15,2024,77125,ets,1379,2062,78762,79759,80750,81736,82718,4026,4770,77074,77085,77083,77083,77083,78762,76687,80887,79759,77682,81781,80750,78647,82854,81736,79664,83824,82718,80591,84770,7.25
4454640,"Pawtucket city, Rhode Island",19,2024,76996,arima,3657,3977,77036,77796,78519,79207,79861,3141,3709,77090,77046,77066,77057,77061,77090,74773,79407,77046,73592,80500,77066,72833,81300,77057,72140,81974,77061,71556,82566,0.08
0650258,"Napa city, California",19,2024,76913,arima,4972,5037,76979,76663,76395,76168,75976,1702,1832,76706,76847,76751,76817,76772,76706,75242,78169,76847,74476,79219,76751,73895,79607,76817,73452,80182,76772,73023,80520,-0.18
2674900,"Southfield city, Michigan",19,2024,76885,arima,2224,2631,76633,77206,77778,78346,78911,2087,2391,76896,76888,76894,76889,76893,76896,74916,78875,76888,74202,79573,76894,73581,80206,76889,73098,80680,76893,72644,81141,0.01
1938595,"Iowa City city, Iowa",17,2024,76711,arima,3449,3497,77052,77371,77671,77953,78217,2925,3256,76792,76804,76805,76806,76806,76792,75528,78056,76804,74947,78660,76805,74496,79115,76806,74117,79494,76806,73786,79825,0.12
1239550,"Lauderhill city, Florida",17,2024,76623,ets,1735,1948,74666,75028,75389,75748,76105,2407,2725,77172,76944,77039,76999,77016,74666,71589,77815,75028,71950,78025,75389,72271,78507,75748,72676,78842,76105,72952,79146,-0.68
1831000,"Hammond city, Indiana",19,2024,76035,arima,3484,3792,76587,76595,76601,76606,76610,1279,1744,76019,76021,76021,76021,76021,76019,73131,78907,76021,71612,80430,76021,70526,81515,76021,69619,82422,76021,68826,83216,-0.02
1724582,"Evanston city, Illinois",19,2024,75994,arima,2354,3004,76025,76052,76074,76092,76106,1443,1604,75921,75956,75939,75947,75943,75921,72220,79622,75956,70347,81565,75939,69068,82810,75947,67953,83942,75943,66991,84896,-0.07
4269000,"Scranton city, Pennsylvania",19,2024,75915,arima,2079,2352,76926,76948,76965,76979,76991,1471,1483,75928,75930,75931,75931,75931,75928,73907,77948,75930,72900,78961,75931,72119,79743,75931,71465,80397,75931,70894,80968,0.02
0950370,"New Britain city, Connecticut",19,2024,75861,arima,2090,2391,74676,74811,74935,75050,75155,1426,1761,76015,75921,75978,75943,75965,76015,72838,79192,75921,71251,80591,75978,70275,81681,75943,69322,82565,75965,68563,83367,0.14
4561405,"Rock Hill city, South Carolina",16,2024,75787,ets,1586,1737,77010,77551,78075,78584,79077,2240,2307,75788,75787,75788,75787,75788,77010,75090,78976,77551,75630,79422,78075,76129,80022,78584,76667,80515,79077,77109,80975,4.34
0604982,"Bellflower city, California",19,2024,75720,ets,1073,1284,76421,76354,76287,76220,76154,1378,1542,75718,75715,75713,75710,75708,76421,70912,82061,76354,70841,81721,76287,70704,81871,76220,70719,81761,76154,70508,81600,0.57
0657792,"Pleasanton city, California",19,2024,75661,arima,7373,8441,75821,75938,76043,76137,76221,5687,6127,76628,75933,76432,76073,76331,76628,73105,80151,75933,70315,81551,76432,69670,83195,76073,68111,84036,76331,67470,85193,0.89
1702154,"Arlington Heights village, Illinois",19,2024,75472,ets,1265,1817,75158,75137,75118,75102,75087,1634,1864,75789,75642,75710,75679,75693,75158,72197,78190,75137,72174,78021,75118,72117,78119,75102,72145,78080,75087,72053,78015,-0.51
0602364,"Apple Valley town, California",19,2024,75039,ets,1675,2018,75433,75744,76054,76362,76669,2377,2559,75014,75020,75019,75019,75019,75433,72012,78934,75744,72321,79076,76054,72587,79521,76362,72947,79802,76669,73163,80050,2.17
7210334,"Caguas zona urbana, Puerto Rico",19,2024,74695,arima,5563,6678,69839,68994,68154,67318,66486,5008,6056,74668,74674,74673,74673,74673,74668,68416,80921,74674,65869,83479,74673,63897,85448,74673,62237,87109,74673,60773,88573,-0.03
2829700,"Gulfport city, Mississippi",19,2024,74632,arima,1793,2139,73713,73925,74124,74312,74488,854,1063,74632,74632,74632,74632,74632,74632,70604,78660,74632,68935,80329,74632,67655,81609,74632,66575,82689,74632,65624,83640,0.0
5502375,"Appleton city, Wisconsin",19,2024,74439,ets,1477,1780,75630,75820,76002,76176,76344,1850,2408,74542,74637,74725,74805,74879,75630,73571,77738,75820,73759,77826,76002,73915,78089,76176,74120,78247,76344,74234,78379,2.56
0659962,"Redlands city, California",19,2024,74287,ets,1331,1530,74323,74353,74377,74396,74412,2026,2256,74291,74292,74292,74292,74292,74323,72592,76096,74353,71805,76757,74377,71260,77386,74396,70690,77854,74412,70225,78345,0.17
1707133,"Bolingbrook village, Illinois",19,2024,73856,arima,1638,2139,74348,74376,74400,74421,74439,1542,1864,73254,73752,73340,73681,73399,73254,69799,76709,73752,68515,78990,73340,67019,79661,73681,66271,81091,73399,65163,81635,-0.62
3615000,"Cheektowaga CDP, New York",19,2024,73359,arima,1509,1707,74348,74329,74312,74298,74286,1037,1259,73579,73573,73573,73573,73573,73579,71258,75901,73573,70459,76686,73573,69827,77318,73573,69288,77858,73573,68809,78337,0.29
2524960,"Framingham city, Massachusetts",18,2024,73356,arima,2140,2257,73093,73225,73344,73452,73550,985,1744,73226,73320,73252,73301,73265,73226,71253,75198,73320,70634,76005,73252,69944,76559,73301,69510,77091,73265,69021,77509,-0.12
2642160,"Kalamazoo city, Michigan",19,2024,73280,arima,4260,4528,72630,72388,72194,72038,71914,2210,2585,73311,73314,73314,73314,73314,73311,71878,74745,73314,71003,75625,73314,70358,76270,73314,69830,76798,73314,69372,77256,0.05
1077580,"Wilmington city, Delaware",19,2024,73173,arima,2307,2606,71961,71981,71997,72010,72021,1097,1400,72993,73148,73015,73129,73031,72993,70049,75937,73148,69087,77208,73015,68011,78018,73129,67389,78870,73031,66595,79466,-0.19
1840788,"Lafayette city, Indiana",15,2024,73124,arima,4061,4514,72242,72341,72423,72492,72549,2024,2795,73293,73432,73546,73640,73717,73293,69854,76732,73432,68484,78381,73546,67394,79699,73640,66443,80838,73717,65578,81857,0.81
0680812,"Turlock city, California",19,2024,72879,arima,2309,2556,72538,72599,72647,72685,72716,1435,1776,72770,72839,72795,72823,72805,72770,70916,74623,72839,70364,75314,72795,69750,75841,72823,69340,76306,72805,68910,76701,-0.1
0121184,"Dothan city, Alabama",17,2024,72735,ets,2423,2661,71858,72259,72658,73054,73449,3354,3601,72833,72876,72896,72905,72909,71858,69721,74047,72259,70120,74342,72658,70491,74824,73054,70920,75204,73449,71258,75562,0.98
2964082,"St. Charles city, Missouri",15,2024,72463,arima,1454,1530,72830,73240,73640,74031,74414,1076,1121,72932,73398,73863,74327,74788,72932,72330,73533,73398,72533,74264,73863,72786,74941,74327,73063,75591,74788,73353,76224,3.21
5522300,"Eau Claire city, Wisconsin",16,2024,72382,ets,806,1282,71041,71315,71575,71824,72062,1977,2474,72559,72516,72527,72524,72525,71041,69139,72988,71315,69411,73167,71575,69648,73503,71824,69925,73737,72062,70113,73942,-0.44
4832372,"Harlingen city, Texas",15,2024,72239,ets,6027,6038,72625,73052,73478,73901,74323,6322,6331,72244,72241,72243,72242,72242,72625,69186,76145,73052,68606,77284,73478,68264,78431,73901,67904,79593,74323,67630,80490,2.88
3649121,"Mount Vernon city, New York",19,2024,71982,ets,2316,2441,70842,71045,71247,71447,71647,2681,3092,71873,71928,71901,71915,71908,70842,67587,74175,71045,67787,74217,71247,67947,74547,71447,68197,74722,71647,68311,74866,-0.47
3419390,"East Orange city, New Jersey",19,2024,71844,ets,3305,3820,68701,69006,69311,69613,69914,3342,4080,71777,71824,71791,71814,71798,68701,65531,71946,69006,65834,72094,69311,66098,72524,69613,66448,72802,69914,66666,73048,-2.69
3410000,"Camden city, New Jersey",19,2024,71761,ets,3785,4065,71702,71654,71617,71586,71562,4033,4166,71746,71735,71727,71721,71717,71702,69606,73847,71654,68490,74649,71617,67667,75463,71586,66824,76100,71562,66024,76695,-0.28
5584250,"Waukesha city, Wisconsin",19,2024,71462,arima,1446,1630,71928,71948,71963,71976,71986,1360,1455,71722,71717,71717,71717,71717,71722,70609,72834,71717,69922,73512,71717,69438,73996,71717,69040,74394,71717,68694,74740,0.36
4852356,"North Richland Hills city, Texas",16,2024,71428,arima,3072,3334,71794,71993,72171,72332,72475,615,684,71903,71681,71784,71736,71759,71903,70874,72931,71681,69909,73452,71784,69617,73952,71736,69188,74284,71759,68899,74618,0.46
3734200,"Jacksonville city, North Carolina",18,2024,70843,ets,2538,3031,70868,70867,70867,70866,70866,2662,3156,70843,70843,70843,70843,70843,70868,64829,77051,70867,64824,76751,70867,64746,76989,70866,64836,76941,70866,64677,76836,0.03
3456550,"Passaic city, New Jersey",19,2024,70730,arima,4849,5077,70687,70710,70727,70742,70753,1414,1522,70336,70586,70427,70528,70464,70336,67193,73479,70586,66593,74580,70427,65494,75360,70528,64943,76114,70464,64217,76710,-0.38
1276582,"Weston city, Florida",19,2024,70672,arima,2511,2917,70686,70697,70706,70714,70719,2168,2329,70515,70435,70393,70372,70361,70515,68134,72896,70435,67184,73685,70393,66509,74278,70372,65964,74779,70361,65496,75225,-0.44
0610046,"Camarillo city, California",14,2024,69868,ets,410,507,70082,70281,70467,70641,70802,784,1078,70087,70294,70490,70675,70850,70082,68956,71235,70281,68640,71831,70467,68473,72378,70641,68298,72834,70802,68176,73284,1.34
2756896,"St. Cloud city, Minnesota",19,2024,69609,ets,1049,1171,69434,69609,69771,69921,70060,1426,1924,69426,69592,69442,69578,69455,69434,66676,72258,69609,66849,72296,69771,66976,72567,69921,67168,72695,70060,67234,72787,0.65
2360545,"Portland city, Maine",14,2024,69572,arima,2957,3283,69794,70042,70289,70534,70778,2718,2758,69573,69573,69573,69573,69573,69573,68307,70839,69573,67773,71372,69573,67368,71778,69573,67025,72121,69573,66724,72422,0.0
3665508,"Schenectady city, New York",14,2024,69489,arima,4158,4163,69851,70142,70376,70563,70714,3421,3448,69372,69488,69373,69486,69374,69372,68061,70682,69488,67629,71346,69373,67099,71647,69486,66858,72115,69374,66437,72311,-0.17
4737640,"Jackson city, Tennessee",14,2024,69300,ets,1080,1238,69583,69879,70174,70468,70760,1297,1305,69275,69292,69281,69289,69283,69583,68303,70894,69879,68033,71617,70174,67935,72312,70468,67835,72914,70760,67821,73536,2.11
0603666,"Baldwin Park city, California",19,2024,69244,ets,4261,5048,68695,68404,68172,67986,67837,5091,5752,69112,69217,69133,69200,69147,68695,64974,72505,68404,62964,73533,68172,61242,74883,67986,59498,75974,67837,57832,77155,-2.03
2964550,"St. Joseph city, Missouri",19,2024,69221,arima,5215,5638,68678,67616,66675,65844,65108,3701,4390,69008,69067,69051,69055,69054,69008,66191,71825,69067,64890,73245,69051,63902,74200,69055,63080,75031,69054,62357,75752,-0.24
3912000,"Canton city, Ohio",19,2024,69209,ets,1051,1550,69030,68739,68450,68162,67876,1787,1973,69209,69209,69209,69209,69209,69030,65340,72808,68739,65047,72334,68450,64710,72191,68162,64478,71874,67876,64094,71524,-1.93
7232522,"Guaynabo zona urbana, Puerto Rico",19,2024,68908,arima,4972,5078,66517,66047,65602,65180,64781,3106,4151,68904,68902,68901,68901,68901,68904,61866,75942,68902,58869,78935,68901,56551,81251,68901,54594,83207,68901,52870,84931,-0.01
0660018,"Redondo Beach city, California",19,2024,68087,arima,945,1152,68449,68463,68474,68483,68490,883,1020,68087,68087,68087,68087,68086,68087,64043,72130,68087,62369,73805,68087,61083,75090,68087,60000,76173,68086,59045,77128,-0.0
1982425,"Waterloo city, Iowa",19,2024,67471,arima,2206,2402,68082,68571,68962,69275,69525,985,1074,67362,67254,67147,67040,66934,67362,65391,69333,67254,64471,70037,67147,63744,70550,67040,63117,70964,66934,62554,71314,-0.8
5114440,"Centreville CDP, Virginia",14,2024,67421,ets,3245,4141,70023,69686,69351,69017,68684,7997,8381,67707,67834,67890,67915,67926,70023,61781,78462,69686,61438,77716,69351,60997,77706,69017,60787,77307,68684,60238,76833,1.87
1301052,"Albany city, Georgia",19,2024,67418,arima,4882,5124,66805,66368,65933,65500,65070,4382,4589,67812,67480,67760,67524,67723,67812,64800,70824,67480,63013,71946,67760,62347,73172,67524,61205,73843,67723,60689,74756,0.45
5560500,"Oshkosh city, Wisconsin",14,2024,67241,arima,506,517,66674,66677,66680,66682,66683,491,493,67274,67288,67294,67297,67298,67274,66633,67915,67288,66367,68209,67294,66155,68434,67297,65973,68621,67298,65812,68785,0.08
0618100,"Davis city, California",14,2024,67129,arima,5502,5677,67040,67061,67078,67092,67103,4889,4919,67149,67166,67180,67191,67200,67149,65596,68703,67166,64957,69376,67180,64460,69899,67191,64037,70345,67200,63660,70740,0.11
3474630,"Union City city, New Jersey",19,2024,66918,arima,3995,4419,66926,66933,66939,66943,66946,2656,3337,67050,67054,67054,67054,67054,67050,63964,70136,67054,62572,71536,67054,61514,72594,67054,60629,73479,67054,59851,74257,0.2
1718823,"Decatur city, Illinois",19,2024,66528,arima,3694,3895,66566,65782,65003,64227,63455,2542,2997,66461,66515,66471,66506,66478,66461,63525,69396,66515,62014,71016,66471,61046,71897,66506,60137,72876,66478,59399,73558,-0.08
0686832,"Yorba Linda city, California",18,2024,66487,arima,1944,2187,67644,67657,67667,67675,67682,1278,2115,66413,66465,66429,66454,66436,66413,61608,71218,66465,60163,72767,66429,58636,74222,66454,57586,75321,66436,56502,76370,-0.08
0681204,"Union City city, California",19,2024,66206,arima,8900,10084,64948,63993,63203,62550,62009,5946,6837,65813,66137,65869,66091,65908,65813,60318,71308,66137,58790,73485,65869,56759,74980,66091,55714,76467,65908,54250,77566,-0.45
1757225,"Palatine village, Illinois",19,2024,65890,arima,3619,3699,65060,64805,64591,64413,64264,2470,2579,65832,65841,65839,65840,65840,65832,63769,67895,65841,63037,68644,65839,62439,69240,65840,61935,69744,65840,61488,70191,-0.08
1770122,"Skokie village, Illinois",18,2024,65847,arima,2038,2251,64310,64292,64279,64268,64259,1075,1431,65665,65719,65703,65708,65706,65665,63889,67440,65719,63436,68002,65703,62950,68455,65708,62570,68846,65706,62221,69191,-0.21
5121088,"Dale City CDP, Virginia",17,2024,65783,arima,6626,7263,71573,71652,71719,71777,71826,3536,4661,66433,66177,66278,66238,66254,66433,57836,75029,66177,54535,77819,66278,52070,80485,66238,49919,82557,66254,48047,84461,0.72
3944856,"Lorain city, Ohio",19,2024,65765,arima,3440,3497,64304,64294,64286,64280,64275,1169,1363,65798,65788,65791,65790,65791,65798,61984,69613,65788,60112,71465,65791,58797,72786,65790,57672,73909,65791,56691,74891,0.04
3988000,"Youngstown city, Ohio",15,2019,65479,arima,1905,2603,63942,63650,63361,63075,62792,468,477,65538,65512,65523,65518,65520,65538,62623,68452,65512,61129,69894,65523,60148,70899,65518,59270,71766,65520,58522,72519,0.06
1851876,"Muncie city, Indiana",18,2024,65055,arima,5353,5849,64135,63638,63238,62917,62659,3264,3493,64944,64866,64811,64773,64746,64944,62452,67436,64866,61188,68545,64811,60154,69469,64773,59253,70292,64746,58446,71045,-0.47
1827000,"Gary city, Indiana",18,2024,64975,ets,3844,4934,66039,65249,64504,63802,63141,4996,6356,65482,65550,65560,65561,65561,66039,58205,74059,65249,57410,72881,64504,56565,72445,63802,55981,71682,63141,55113,70885,-2.82
2239475,"Kenner city, Louisiana",19,2024,64651,ets,1840,2110,65026,64898,64770,64643,64517,2005,2390,64277,64379,64351,64359,64357,65026,61540,68594,64898,61410,68293,64770,61238,68303,64643,61163,68149,64517,60945,67963,-0.21
0644574,"Lynwood city, California",19,2024,63587,ets,4842,5555,63904,63480,63058,62639,62222,4988,5710,64200,63929,64049,63996,64019,63904,58315,69625,63480,57541,69225,63058,56670,69287,62639,56077,69237,62222,55367,68873,-2.15
