place_id,city,n_obs,last_year,last_population,best_model,mae_ets,rmse_ets,2025_ets,2026_ets,2027_ets,2028_ets,2029_ets,mae_arima,rmse_arima,2025_arima,2026_arima,2027_arima,2028_arima,2029_arima,2025_forecast,2025_lower,2025_upper,2026_forecast,2026_lower,2026_upper,2027_forecast,2027_lower,2027_upper,2028_forecast,2028_lower,2028_upper,2029_forecast,2029_lower,2029_upper,pct_change_5y
3651000,"New York city, New York",19,2024,8478072,arima,244879,289003,8445621,8446755,8447674,8448420,8449025,152525,189635,8483923,8485825,8486442,8486643,8486708,8483923,8280410,8687437,8485825,8193505,8778145,8486442,8125401,8847484,8486643,8067674,8905612,8486708,8016803,8956614,0.1
0644000,"Los Angeles city, California",19,2024,3878718,ets,176997,202907,3881011,3883042,3884839,3886430,3887838,183775,205537,3879429,3880012,3880489,3880879,3881199,3881011,3805967,3957839,3883042,3773681,3986318,3884839,3751976,4012192,3886430,3730305,4032600,3887838,3712801,4053247,0.24
1714000,"Chicago city, Illinois",19,2024,2721326,arima,28941,31085,2685803,2682874,2679960,2677060,2674174,28782,31862,2722217,2722108,2722121,2722120,2722120,2722217,2669270,2775164,2722108,2646635,2797581,2722121,2629504,2814738,2722120,2615064,2829176,2722120,2602354,2841886,0.03
4835000,"Houston city, Texas",19,2024,2387910,arima,87649,96924,2367419,2376432,2384862,2392746,2400120,46469,65249,2392202,2391879,2391903,2391901,2391901,2392202,2322858,2461545,2391879,2291001,2492756,2391903,2267400,2516406,2391901,2247579,2536223,2391901,2230172,2553631,0.17
0455000,"Phoenix city, Arizona",19,2024,1673122,arima,70097,88558,1677230,1684972,1692321,1699298,1705921,68507,85800,1665264,1672595,1665755,1672137,1666183,1665264,1590318,1740210,1672595,1567536,1777654,1665755,1536755,1794756,1672137,1523564,1820709,1666183,1499853,1832514,-0.41
4260000,"Philadelphia city, Pennsylvania",19,2024,1573916,arima,41002,42467,1580667,1581423,1582049,1582568,1582997,23935,27056,1574950,1575811,1576528,1577126,1577624,1574950,1557600,1592299,1575811,1551020,1600601,1576528,1545888,1607168,1577126,1541460,1612793,1577624,1537462,1617786,0.24
4865000,"San Antonio city, Texas",19,2024,1526621,arima,96188,101557,1523011,1529573,1535642,1541255,1546447,87118,87716,1531694,1536211,1540233,1543816,1547005,1531694,1471809,1591578,1536211,1450284,1622137,1540233,1433586,1646880,1543816,1419157,1668474,1547005,1406060,1687951,1.34
0666000,"San Diego city, California",19,2024,1404461,arima,74977,81269,1405725,1406777,1407654,1408384,1408992,50563,54701,1405833,1406985,1407952,1408763,1409445,1405833,1380277,1431390,1406985,1370382,1443588,1407952,1362618,1453286,1408763,1355894,1461633,1409445,1349811,1469078,0.35
4819000,"Dallas city, Texas",19,2024,1326093,arima,57816,58859,1331465,1334284,1336860,1339215,1341368,40862,47713,1315504,1325710,1315874,1325354,1316217,1315504,1264537,1366472,1325710,1254180,1397240,1315874,1228059,1403688,1325354,1224196,1426512,1316217,1202969,1429465,-0.74
4827000,"Fort Worth city, Texas",19,2024,1014376,ets,25050,27757,1027863,1047821,1067595,1087187,1106599,29246,29494,1035480,1056419,1077194,1097807,1118259,1027863,1010041,1046108,1047821,1026977,1067491,1067595,1043985,1090616,1087187,1061687,1111870,1106599,1078495,1132521,9.09
1235000,"Jacksonville city, Florida",19,2024,1009831,ets,55883,56991,1027876,1046630,1065290,1083856,1102330,74784,76194,1023139,1036445,1049751,1063056,1076360,1027876,1008874,1047330,1046630,1017302,1074472,1065290,1025860,1104029,1083856,1032272,1133544,1102330,1038037,1162018,9.16
0668000,"San Jose city, California",19,2024,997395,arima,84214,91492,996348,997622,998741,999724,1000588,73863,79260,998099,998690,999186,999602,999951,998099,969194,1027004,998690,957359,1040021,999186,948070,1050302,999602,940065,1059138,999951,932873,1067029,0.26
4805000,"Austin city, Texas",19,2024,993771,arima,58607,60033,1004295,1014392,1024082,1033379,1042300,45647,48485,1000439,1006542,1012128,1017242,1021923,1000439,978756,1022121,1006542,975246,1037838,1012128,973065,1051192,1017242,971334,1063151,1021923,969746,1074100,2.83
3712000,"Charlotte city, North Carolina",19,2024,943474,arima,20819,24781,942446,953192,963497,973380,982857,12148,15825,954363,964652,974375,983562,992242,954363,938606,970120,964652,941945,987360,974375,946062,1002687,983562,950309,1016814,992242,954459,1030025,5.17
3918000,"Columbus city, Ohio",19,2024,931551,ets,10930,16387,936246,944176,951785,959085,966090,18491,20872,939421,946902,954013,960772,967196,936246,922603,950214,944176,928682,959114,951785,934275,968815,959085,940339,977152,966090,945998,984969,3.71
1836003,"Indianapolis city (balance), Indiana",19,2024,890315,ets,5342,7692,889263,892443,895440,898265,900927,12682,14160,893125,895705,898072,900245,902240,889263,880551,898182,892443,883725,900930,895440,886611,904271,898265,889566,907028,900927,891999,909540,1.19
0667000,"San Francisco city, California",19,2024,827526,arima,68631,82768,829297,830912,832385,833728,834953,59719,66685,827455,827400,827356,827323,827296,827455,794684,860226,827400,780161,874639,827356,768564,886149,827323,758506,896139,827296,749464,905128,-0.03
5363000,"Seattle city, Washington",19,2024,780992,ets,25360,28044,787097,797313,807312,817099,826678,35626,38172,791429,801600,811511,821168,830578,787097,765795,808906,797313,770957,821904,807312,777189,836286,817099,783622,849165,826678,789722,860813,5.85
0820000,"Denver city, Colorado",19,2024,729019,ets,32987,36563,735865,742511,748965,755231,761316,35299,36037,733712,738073,742128,745897,749400,735865,719328,752794,742511,718413,765269,748965,719687,777028,755231,720828,787441,761316,722745,797765,4.43
4055000,"Oklahoma City city, Oklahoma",19,2024,713014,ets,11051,12781,720173,730089,739953,749767,759530,28928,30043,722723,732314,741791,751153,760402,720173,708011,732624,730089,717919,741937,739953,727627,752281,749767,737623,762000,759530,747067,771553,6.52
4752006,"Nashville-Davidson metropolitan government (balance), Tennessee",19,2024,704965,ets,7287,8389,712241,719482,726685,733853,740985,22515,23544,706714,708013,708978,709694,710226,712241,691409,733569,719482,689123,748151,726685,689803,762038,733853,690513,774430,740985,692395,786902,5.11
1150000,"Washington city, District of Columbia",19,2024,702250,arima,45877,49793,698574,700367,701937,703311,704513,22054,29876,705333,705702,705746,705751,705752,705333,682974,727692,705702,671913,739491,705746,663301,748191,705751,656116,755387,705752,649841,761663,0.5
4824000,"El Paso city, Texas",19,2024,681724,arima,29254,29982,683624,685349,686914,688336,689626,28831,30387,682846,683827,684686,685437,686094,682846,674510,691182,683827,671896,695758,684686,669914,699458,685437,668211,702664,686094,666660,705529,0.64
3240000,"Las Vegas city, Nevada",19,2024,678924,ets,9494,12928,680027,686383,692691,698950,705162,29628,30774,680219,679379,679924,679571,679800,680027,668212,692123,686383,674561,697893,692691,680717,704667,698950,687154,710835,705162,693054,716842,3.86
2507000,"Boston city, Massachusetts",19,2024,673822,arima,33622,35281,673738,674079,674353,674572,674747,31446,32744,675702,676694,677217,677493,677638,675702,649819,701584,676694,638216,715171,677217,628526,725907,677493,620008,734977,677638,612357,742919,0.57
2622000,"Detroit city, Michigan",19,2024,645702,arima,50790,55272,600368,591490,582964,574775,566911,24460,33288,641166,637141,633569,630400,627587,641166,562443,719889,637141,528271,746010,633569,503006,764131,630400,482592,778207,627587,465382,789793,-2.81
2148006,"Louisville/Jefferson County metro government (balance), Kentucky",19,2024,640793,arima,19212,21708,633942,635301,636527,637633,638631,13241,14555,643331,645701,647916,649985,651917,643331,627359,659303,645701,622952,668451,647916,619863,675969,649985,617382,682587,651917,615242,688592,1.74
4159000,"Portland city, Oregon",19,2024,636958,arima,33929,39763,637273,637557,637814,638045,638254,27005,29278,637803,638526,639143,639670,640120,637803,627678,647929,638526,623946,653106,639143,620997,657289,639670,618414,660925,640120,616049,664191,0.5
4748000,"Memphis city, Tennessee",19,2024,610936,arima,29699,32253,604219,596075,587971,579909,571886,24273,28349,610962,610970,610972,610972,610973,610962,595982,625942,610970,589813,632126,610972,585079,636864,610972,581087,640858,610973,577568,644377,0.01
2404000,"Baltimore city, Maryland",19,2024,568271,arima,38153,39690,566309,564356,562413,560480,558557,36436,37731,568340,568356,568359,568360,568360,568340,557124,579556,568356,552178,584533,568359,548359,588360,568360,545146,591574,568360,542324,594397,0.02
5553000,"Milwaukee city, Wisconsin",19,2024,563512,arima,31147,32571,558493,556605,555016,553677,552550,25526,27824,563302,563150,563039,562959,562902,563302,552614,573990,563150,547868,578431,563039,544156,581922,562959,540997,584922,562902,538201,587603,-0.11
3502000,"Albuquerque city, New Mexico",19,2024,560333,ets,12943,15650,561064,561664,562176,562613,562987,13242,15242,560832,561254,561612,561915,562172,561064,552504,569827,561664,549414,573216,562176,547329,576330,562613,545142,578756,562987,543559,581313,0.47
0477000,"Tucson city, Arizona",19,2024,554011,ets,13412,13732,549615,551121,552620,554111,555594,14221,14904,554140,554088,554109,554100,554104,549615,535232,564341,551121,536728,565134,552620,538043,567200,554111,539749,568578,555594,540854,569813,0.29
0627000,"Fresno city, California",19,2024,550091,ets,5633,6269,556321,560371,564373,568327,572234,6050,8869,554118,558145,562172,566199,570225,556321,548238,564597,560371,552282,568246,564373,556181,572567,568327,560256,576458,572234,563950,580225,4.03
0664000,"Sacramento city, California",19,2024,535787,arima,9158,9824,537932,542732,547507,552258,556986,6798,7772,540671,545555,550439,555322,560206,540671,534304,547039,545555,536507,554603,550439,539306,561572,555322,542407,568238,560206,545699,574713,4.56
1304000,"Atlanta city, Georgia",19,2024,520066,ets,32287,33358,511356,515155,518934,522695,526438,33006,35298,520784,521242,521535,521721,521840,511356,461120,562785,515155,464887,564093,518934,468024,569856,522695,472537,573225,526438,474959,576099,1.23
0446000,"Mesa city, Arizona",19,2024,517142,arima,38888,46172,519284,521895,524492,527077,529648,31602,35941,518085,517782,517879,517848,517858,518085,503107,533063,517782,495225,540338,517879,490074,545685,517848,485539,550157,517858,481629,554087,0.14
2938000,"Kansas City city, Missouri",19,2024,516045,ets,12983,13692,518098,522171,526223,530255,534267,24230,27386,515456,515959,515529,515897,515582,518098,502592,533973,522171,506655,537277,526223,510509,541941,530255,514773,545852,534267,518377,549596,3.53
3755000,"Raleigh city, North Carolina",19,2024,499637,arima,16281,17800,501453,506183,510638,514835,518790,8646,10126,503158,506303,509113,511622,513863,503158,491810,514507,506303,489788,522819,509113,488352,529873,511622,487074,536170,513863,485818,541908,2.85
0816000,"Colorado Springs city, Colorado",19,2024,493540,ets,9126,10579,502421,507273,511994,516588,521058,12354,16035,497786,501862,505774,509528,513131,502421,492985,512082,507273,497830,516466,511994,502431,521559,516588,507166,526079,521058,511388,530387,5.58
3137000,"Omaha city, Nebraska",19,2024,489263,ets,8047,10099,498422,503082,507599,511978,516223,25973,27457,489309,489316,489317,489317,489317,498422,474288,523129,503082,478933,526592,507599,483141,532062,511978,487882,536253,516223,491492,540081,5.51
1245000,"Miami city, Florida",19,2024,487006,arima,32190,35525,478882,482336,485584,488638,491510,20642,28011,485927,485753,485724,485720,485719,485927,461213,510642,485753,451377,520129,485724,443936,527513,485720,437659,533780,485719,432117,539321,-0.26
5182000,"Virginia Beach city, Virginia",19,2024,454808,ets,5805,7009,455375,455895,456374,456813,457218,6027,7175,454825,454823,454823,454823,454823,455375,450357,460511,455895,448584,462800,456374,447491,464888,456813,446375,466586,457218,445515,468276,0.53
0643000,"Long Beach city, California",19,2024,450917,arima,17555,19566,447787,446824,446053,445436,444943,14612,15710,451069,450952,451042,450972,451026,451069,445667,456472,450952,443233,458671,451042,441606,460479,450972,440054,461891,451026,438826,463227,0.02
0653000,"Oakland city, California",19,2024,443575,ets,10845,11616,445642,448439,451133,453730,456232,12549,14253,442352,443526,442399,443481,442442,445642,430139,461514,448439,432925,463542,451133,435422,466848,453730,438250,469324,456232,440345,471558,2.85
2743000,"Minneapolis city, Minnesota",19,2024,428572,arima,14658,16698,430713,431255,431767,432249,432704,13086,15641,428572,428572,428572,428572,428572,428572,412117,445026,428572,405301,451843,428572,400071,457072,428572,395662,461482,428572,391777,465366,0.0
0603526,"Bakersfield city, California",19,2024,417461,ets,13997,14985,419089,423084,426906,430564,434063,17344,19676,420633,423554,426244,428722,431004,419089,407575,430878,423084,411562,434301,426906,415237,438578,430564,419067,442146,434063,422264,445446,3.98
1271000,"Tampa city, Florida",19,2024,414575,ets,13480,18717,417593,422515,427414,432287,437137,17022,22023,420174,425772,431370,436967,442563,417593,405900,429563,422515,407871,436210,427414,410580,443466,432287,413367,450438,437137,416169,456499,5.44
4075000,"Tulsa city, Oklahoma",19,2024,413652,ets,3187,3663,412998,413942,414832,415672,416464,7223,8183,413754,413806,413833,413847,413854,412998,406861,419281,413942,407801,419920,414832,408613,421053,415672,409545,421845,416464,410175,422531,0.68
4804000,"Arlington city, Texas",19,2024,403657,ets,9473,10393,404384,405898,407333,408693,409982,10145,10989,405231,406710,408100,409406,410634,404384,395668,413308,405898,397176,414390,407333,398499,416169,408693,399990,417461,409982,401049,418598,1.57
0804000,"Aurora city, Colorado",19,2024,402452,ets,1925,2694,407523,412648,417691,422652,427534,4192,4806,407665,412790,417829,422783,427653,407523,402605,412558,412648,407727,417440,417691,412706,422677,422652,417742,427600,427534,422494,432396,6.23
2079000,"Wichita city, Kansas",19,2024,400993,arima,6363,7946,402029,402981,403856,404659,405397,5602,7088,402009,402939,403791,404571,405285,402009,396884,407134,402939,395640,410239,403791,394792,412790,404571,394115,415027,405285,393526,417044,1.07
3916000,"Cleveland city, Ohio",19,2024,365391,ets,6450,7013,362646,360104,357574,355057,352552,14383,15163,365335,365321,365317,365316,365316,362646,347155,378506,360104,344602,375195,357574,341874,373277,355057,339589,370639,352552,336677,367867,-3.51
2255000,"New Orleans city, Louisiana",19,2024,362701,arima,56259,59496,388353,389397,390323,391144,391872,18949,20448,364817,364460,364520,364510,364512,364817,350261,379374,364460,348087,380833,364520,345985,383055,364510,344125,384895,364512,342418,386606,0.5
3231900,"Henderson city, Nevada",19,2024,350020,arima,16210,16439,353512,359865,366187,372477,378736,13059,15822,356982,363942,370903,377862,384822,356982,348725,365238,363942,352150,375735,370903,356318,385487,377862,360861,394864,384822,365634,404009,9.94
1571550,"Urban Honolulu CDP, Hawaii",14,2024,344977,arima,9364,9839,345031,345079,345122,345160,345194,6479,7415,345003,345021,345033,345041,345046,345003,341682,348324,345021,340292,349749,345033,339211,350854,345041,338290,351791,345046,337474,352619,0.02
0602000,"Anaheim city, California",19,2024,344579,arima,9672,10946,344203,344310,344402,344482,344551,6874,7380,344792,344790,344790,344790,344790,344792,340151,349433,344790,338062,351517,344790,336486,353094,344790,335164,354416,344790,334003,355577,0.06
1253000,"Orlando city, Florida",19,2024,334871,ets,10416,12728,341782,351501,361172,370794,380368,13231,14863,340988,347106,353223,359340,365457,341782,332987,350787,351501,339460,363019,361172,344379,377750,370794,347495,393102,380368,350201,409426,13.59
2146027,"Lexington-Fayette urban county, Kentucky",19,2024,329437,arima,8935,10225,328076,328994,329809,330533,331177,5002,5772,330124,330692,331161,331549,331869,330124,324288,335960,330692,322244,339140,331161,320604,341718,331549,319142,343956,331869,317783,345955,0.74
0675000,"Stockton city, California",19,2024,324980,ets,2479,3210,326473,328779,331075,333358,335631,12922,13174,324720,324938,324755,324909,324780,326473,318965,334158,328779,321267,336093,331075,323467,338685,333358,325863,340910,335631,327938,343052,3.28
0662000,"Riverside city, California",19,2024,323792,arima,10658,10911,326661,327260,327819,328342,328830,8328,8959,324090,324127,324131,324132,324132,324090,315576,332604,324127,311709,336545,324131,308733,339529,324132,306240,342024,324132,304053,344211,0.11
0636770,"Irvine city, California",19,2024,318693,arima,10624,12233,328626,336171,343679,351149,358582,8314,9995,326727,334759,342787,350812,358834,326727,314661,338794,334759,317481,352036,342787,321368,364205,350812,325786,375838,358834,330529,387140,12.6
4817000,"Corpus Christi city, Texas",19,2024,317314,arima,24317,25947,318146,318907,319605,320244,320829,21067,22540,317780,318193,318557,318880,319165,317780,308655,326905,318193,305167,331218,318557,302468,334647,318880,300155,337605,319165,298079,340251,0.58
3451000,"Newark city, New Jersey",19,2024,317303,ets,15743,18373,315100,317796,320478,323147,325803,18163,21764,317875,318005,318034,318041,318042,315100,302399,328103,317796,303610,331598,320478,304604,335946,323147,306136,339735,325803,307798,342831,2.68
0669000,"Santa Ana city, California",19,2024,316188,arima,18526,20354,313972,312704,311689,310877,310228,16084,19082,317304,317042,317103,317089,317092,317304,305105,329502,317042,298159,335925,317103,293660,340547,317089,289775,344403,317092,286405,347779,0.29
3915000,"Cincinnati city, Ohio",19,2024,314914,ets,8159,8984,307413,307799,308183,308566,308946,10173,10525,315039,315021,315024,315024,315024,307413,290435,324794,307799,290810,324339,308183,290977,325393,308566,291614,325643,308946,291548,325730,-1.9
7276770,"San Juan zona urbana, Puerto Rico",19,2024,313579,arima,24012,26750,309718,305876,302054,298251,294466,15876,19192,313639,313633,313634,313634,313634,313639,300070,327208,313633,294153,333114,313634,289681,337587,313634,285919,341349,313634,282610,344658,0.02
4261000,"Pittsburgh city, Pennsylvania",19,2024,307670,arima,7378,8039,305028,305090,305141,305183,305218,3685,4293,307928,307852,307874,307868,307870,307928,304129,311727,307852,302326,313377,307874,301082,314666,307868,300002,315734,307870,299062,316677,0.07
2758000,"St. Paul city, Minnesota",19,2024,307484,arima,12833,13339,308092,309132,310101,311002,311840,5533,7270,307645,307598,307612,307608,307609,307645,303672,311618,307598,301826,313370,307612,300517,314706,307608,299392,315824,307609,298410,316808,0.04
3728000,"Greensboro city, North Carolina",19,2024,307372,ets,6528,7439,302850,303561,304171,304694,305143,9282,9307,308271,308980,309537,309977,310323,302850,296158,309700,303561,296865,310080,304171,297389,310954,304694,298012,311425,305143,298285,311758,-0.73
3436000,"Jersey City city, New Jersey",19,2024,302822,ets,10692,11390,291480,294397,297299,300187,303060,18387,21503,302350,302164,302090,302061,302049,291480,276022,307306,294397,278929,309456,297299,281633,312968,300187,284752,315735,303060,287219,318341,0.08
3719000,"Durham city, North Carolina",19,2024,301877,ets,5612,5740,306247,311313,316320,321270,326164,12126,12344,306335,310652,314831,318878,322796,306247,301258,311355,311313,306320,316173,316320,311263,321377,321270,316288,326289,326164,321051,331096,8.05
3128000,"Lincoln city, Nebraska",19,2024,300626,ets,5073,7209,301649,303870,305999,308040,309998,10291,10835,301889,303005,303991,304862,305632,301649,296400,307024,303870,298617,308984,305999,300679,311320,308040,302799,313321,309998,304618,315188,3.12
3251800,"North Las Vegas city, Nevada",19,2024,294042,ets,26816,30170,299758,304330,307989,310915,313256,32840,34612,296376,297819,298711,299263,299604,299758,287413,312396,304330,282588,325198,307989,276319,339323,310915,268455,351603,313256,261366,361025,6.53
4858016,"Plano city, Texas",19,2024,292615,ets,5578,6930,294396,295815,297193,298531,299831,6703,7624,291119,292615,291119,292615,291119,294396,287167,301796,295815,288581,302856,297193,289867,304520,298531,291314,305802,299831,292424,306977,2.47
0203000,"Anchorage municipality, Alaska",19,2024,289600,arima,18348,20384,289649,289689,289720,289745,289766,8970,9649,289784,289803,289805,289805,289805,289784,284840,294729,289803,282622,296984,289805,280919,298691,289805,279491,300119,289805,278238,301372,0.07
0427400,"Gilbert town, Arizona",19,2024,288797,ets,10257,12128,287473,292302,297033,301669,306210,29083,30430,287637,288624,287784,288499,287891,287473,272041,303272,292302,276860,307336,297033,281394,312677,301669,286260,317191,306210,290396,321466,6.03
5548000,"Madison city, Wisconsin",19,2024,285318,ets,10368,12292,288655,292674,296672,300651,304610,15585,16305,288838,292266,295607,298861,302032,288655,282067,295400,292674,284475,300334,296672,287304,305670,300651,290214,310625,304610,293065,315267,6.76
3260600,"Reno city, Nevada",19,2024,281684,arima,8774,10187,284543,288498,292433,296349,300245,7284,8663,285915,290146,294376,298606,302836,285915,279848,291982,290146,281498,298793,294376,283704,305048,298606,286191,311021,302836,288852,316820,7.51
0412000,"Chandler city, Arizona",19,2024,281243,ets,13035,14557,279228,281665,284090,286502,288903,19524,21868,281205,281222,281215,281218,281216,279228,266463,292296,281665,268892,294100,284090,271153,297029,286502,273757,299342,288903,275822,301522,2.72
2965000,"St. Louis city, Missouri",19,2024,279695,ets,6376,8148,278793,275166,271556,267965,264392,21450,21819,279552,279516,279507,279504,279504,278793,262581,295391,275166,258943,290959,271556,255126,287990,267965,251778,284272,264392,247778,280419,-5.47
0613392,"Chula Vista city, California",19,2024,278548,arima,14522,15203,283790,285414,286918,288309,289597,10476,11155,278315,278454,278371,278420,278391,278315,267040,289589,278454,262759,294148,278371,259131,297611,278420,256255,300585,278391,253611,303170,-0.06
3611000,"Buffalo city, New York",19,2024,276618,arima,13674,15167,277278,278094,278906,279714,280518,13363,15418,276674,276708,276728,276740,276748,276674,266415,286933,276708,262116,291300,276728,258781,294675,276740,255953,297528,276748,253452,300044,0.05
1825000,"Fort Wayne city, Indiana",19,2024,273425,ets,8517,9392,270668,271661,272606,273505,274362,9269,10354,273607,273604,273604,273604,273604,270668,259025,282589,271661,260010,283004,272606,260806,284408,273505,261880,285217,274362,262430,285872,0.34
4845000,"Lubbock city, Texas",19,2024,272085,ets,3182,3748,272225,274417,276513,278517,280433,4233,5279,274183,276150,277996,279727,281350,272225,267766,276790,274417,269955,278761,276513,271994,281033,278517,274065,283002,280433,275864,284841,3.07
1263000,"St. Petersburg city, Florida",19,2024,267073,ets,4141,6326,267123,268344,269559,270768,271971,4863,7714,268267,267596,267973,267761,267880,267123,255778,278737,268344,256991,279396,269559,258061,281059,270768,259440,282179,271971,260345,283186,1.83
3977000,"Toledo city, Ohio",19,2024,265651,arima,9926,10260,266660,265404,264154,262910,261672,9926,10079,265660,265658,265658,265658,265658,265660,256073,275247,265658,251984,279331,265658,248888,282429,265658,246275,285041,265658,243975,287341,0.0
4841464,"Laredo city, Texas",19,2024,261408,arima,19450,20166,262205,262910,263535,264089,264579,13176,14205,262208,262919,263551,264114,264614,262208,254710,269706,262919,252151,273687,263551,250176,276926,264114,248469,279759,264614,246914,282314,1.23
1258715,"Port St. Lucie city, Florida",19,2024,258578,ets,30308,33200,271735,284826,297852,310812,323708,40040,42228,263001,266275,268698,270491,271819,271735,261978,281724,284826,267193,301778,297852,271298,324004,310812,273115,346680,323708,275228,368782,25.19
0427820,"Glendale city, Arizona",19,2024,258121,arima,13706,13818,256775,257848,258915,259977,261033,10079,10803,258223,258267,258286,258294,258298,258223,247532,268915,258267,243001,273534,258286,239477,277095,258294,236492,280096,258298,233860,282735,0.07
4837000,"Irving city, Texas",19,2024,258052,ets,3498,3853,261688,264736,267768,270785,273787,14310,14686,260543,263034,265525,268016,270507,261688,252905,270680,264736,255947,273292,267768,258867,276671,270785,262015,279619,273787,264786,282469,6.1
3775000,"Winston-Salem city, North Carolina",19,2024,255782,ets,5331,5776,256063,256290,256474,256622,256742,6296,6340,256376,256831,257178,257444,257647,256063,251973,260250,256290,250330,261919,256474,249233,263415,256622,248114,264588,256742,247203,265757,0.38
5116000,"Chesapeake city, Virginia",19,2024,254997,arima,5300,5594,257419,259487,261544,263591,265628,4628,5861,257206,259414,261622,263830,266037,257206,254630,259782,259414,255751,263078,261622,257111,266134,263830,258591,269069,266037,260147,271926,4.33
4829000,"Garland city, Texas",19,2024,250571,arima,9418,9569,248399,249049,249696,250339,250979,6046,6193,250786,250620,250748,250650,250725,250786,244872,256699,250620,242065,259176,250748,240312,261183,250650,238544,262755,250725,237209,264241,0.06
3223770,"Enterprise CDP, Nevada",18,2024,250461,arima,56369,58842,260742,270250,279710,289123,298488,54548,60398,260227,269993,279758,289524,299289,260227,236516,283938,269993,235835,304151,279758,237172,322345,289524,239496,339551,299289,242419,356159,19.5
0465000,"Scottsdale city, Arizona",19,2024,246183,arima,13675,17681,247364,248457,249514,250536,251524,13376,16957,246267,246236,246247,246243,246245,246267,233666,258867,246236,228088,264383,246247,223989,268505,246243,220491,271995,246245,217429,275060,0.03
5103000,"Arlington CDP, Virginia",19,2024,239807,arima,6266,7102,240161,241059,241887,242650,243353,4066,4655,240497,241105,241641,242112,242527,240497,233649,247345,241105,231273,250937,241641,229432,253849,242112,227836,256388,242527,226383,258672,1.13
1608830,"Boise City city, Idaho",19,2024,237959,ets,6475,7933,240373,242492,244600,246697,248784,12865,13330,238140,238088,238103,238099,238100,240373,235165,245705,242492,237280,247565,244600,239321,249879,246697,241497,251936,248784,243447,253933,4.55
1230000,"Hialeah city, Florida",19,2024,235384,arima,21275,24060,235079,235411,235706,235967,236199,10598,12379,232820,235384,232820,235384,232820,232820,223277,242364,235384,221954,248814,232820,216345,249296,235384,216391,254377,232820,211565,254076,-1.09
4827684,"Frisco city, Texas",19,2024,235221,ets,25356,27253,243731,252370,260966,269519,278029,33851,36900,244544,253868,263191,272514,281836,243731,234245,253443,252370,240155,263933,260966,246711,274494,269519,253217,285066,278029,259795,294949,18.2
5167000,"Richmond city, Virginia",19,2024,233655,ets,5510,5924,235368,236723,238008,239226,240382,6715,7995,234003,234214,234342,234419,234466,235368,229712,241159,236723,231063,242233,238008,232276,243741,239226,233579,244916,240382,234585,245973,2.88
1210275,"Cape Coral city, Florida",19,2024,233025,ets,22464,23127,240886,248322,255344,261975,268236,31541,32610,238437,243849,249259,254667,260075,240886,234470,247455,248322,236512,259659,255344,237173,272908,261975,236571,286191,268236,235465,298725,15.11
5157000,"Norfolk city, Virginia",19,2024,231105,arima,15896,16416,229348,228093,227089,226286,225643,9117,10309,231086,231082,231080,231080,231080,231086,225252,236921,231082,222329,239834,231080,220060,242101,231080,218161,243999,231080,216503,245657,-0.01
5367000,"Spokane city, Washington",19,2024,230604,ets,9195,9564,231276,232890,234496,236094,237684,11771,12042,230766,230876,230950,231000,231034,231276,224925,237778,232890,226535,239077,234496,228060,240933,236094,229753,242482,237684,231176,243962,3.07
0137000,"Huntsville city, Alabama",19,2024,230157,ets,12759,15305,233873,237486,241081,244658,248217,23577,24716,234083,238008,241933,245858,249782,233873,225786,242152,237486,227114,247258,241081,228976,252509,244658,230917,257803,248217,232917,262540,7.85
0669088,"Santa Clarita city, California",19,2024,229175,ets,26471,26980,232041,235345,238632,241903,245158,29416,31106,229040,229124,229072,229104,229084,232041,217699,246725,235345,218827,251145,238632,219802,256881,241903,221547,261468,245158,223015,265623,6.97
0626000,"Fremont city, California",19,2024,228191,arima,13409,15078,228495,229063,229599,230104,230581,9615,10032,228016,228150,228047,228126,228066,228016,218117,237915,228150,214390,241910,228047,211144,244951,228126,208676,247575,228066,206300,249832,-0.05
5370000,"Tacoma city, Washington",19,2024,228187,ets,5436,5745,229067,231448,233816,236172,238517,10023,10768,228488,228351,228413,228385,228398,229067,224204,234047,231448,225497,236949,233816,226251,241228,236172,226301,245746,238517,226074,250457,4.53
4845744,"McKinney city, Texas",19,2024,227515,ets,16804,20683,231783,238406,244996,251554,258078,22041,25854,234915,242314,249714,257113,264513,231783,223064,240708,238406,227699,248374,244996,232784,256670,251554,238080,264510,258078,243235,271780,13.43
0665000,"San Bernardino city, California",19,2024,224785,ets,1572,2216,224966,226072,227172,228267,229356,4687,5447,224866,224799,224854,224809,224846,224966,219126,230946,226072,220228,231762,227172,221253,233093,228267,222435,234142,229356,223371,235130,2.03
3268585,"Spring Valley CDP, Nevada",19,2024,221300,ets,9917,15239,223142,225185,227104,228909,230604,15707,18678,223798,226172,228429,230575,232615,223142,209009,237611,225185,211043,238953,227104,212782,241431,228909,214797,243124,230604,216121,244575,4.2
2205000,"Baton Rouge city, Louisiana",19,2024,220901,arima,10809,10951,219843,219665,219523,219409,219318,5713,6329,221043,221074,221081,221083,221083,221043,218115,223971,221074,216670,225479,221081,215536,226627,221083,214584,227581,221083,213753,228413,0.08
0648354,"Modesto city, California",19,2024,220617,ets,6410,7140,221192,222127,223057,223983,224903,6728,6949,220741,220642,220721,220657,220708,221192,215762,226752,222127,216113,227844,223057,216439,229397,223983,217057,230848,224903,217697,231849,1.94
0624680,"Fontana city, California",19,2024,218453,ets,2615,3212,214749,214964,215140,215286,215405,4838,5805,218993,219292,219457,219548,219599,214749,207343,222331,214964,207553,222179,215140,207635,222648,215286,207891,222735,215405,207816,222726,-1.4
4967000,"Salt Lake City city, Utah",19,2024,217783,ets,7211,8108,215540,218764,221973,225165,228342,10704,11112,219701,221619,223538,225456,227373,215540,209324,221904,218764,210938,226102,221973,211844,231949,225165,211414,238085,228342,210738,245102,4.85
0649270,"Moreno Valley city, California",19,2024,213893,ets,2148,2618,214564,215187,215753,216267,216734,6317,6553,214102,214214,214275,214307,214325,214564,206170,223156,215187,206789,223364,215753,207247,224261,216267,207887,224710,216734,208133,225031,1.33
1921000,"Des Moines city, Iowa",19,2024,213188,arima,8701,9454,213125,213502,213848,214165,214455,5201,5747,213345,213220,213319,213240,213303,213345,210124,216565,213220,208599,217841,213319,207676,218963,213240,206704,219777,213303,206002,220604,0.05
2582000,"Worcester city, Massachusetts",19,2024,211289,ets,13612,15475,208300,210588,212865,215130,217384,14117,16852,212205,212996,213680,214270,214779,208300,196816,220056,210588,199097,221775,212865,201227,224505,215130,203664,226681,217384,205616,228737,2.88
3684000,"Yonkers city, New York",19,2024,211062,ets,4555,5532,209869,210556,211240,211921,212598,5547,6925,211161,211127,211138,211135,211136,209869,204896,214960,210556,205200,215693,211240,205386,216870,211921,205970,217993,212598,206395,218714,0.73
3722920,"Fayetteville city, North Carolina",19,2024,209485,arima,9479,9962,210166,210566,210898,211173,211401,4158,5008,209383,209362,209358,209357,209357,209383,203347,215419,209362,199470,219254,209358,196502,222213,209357,194061,224652,209357,191952,226761,-0.06
4659020,"Sioux Falls city, South Dakota",19,2024,209297,ets,15579,15966,212887,216608,220311,223995,227661,19089,19653,213494,217690,221886,226082,230278,212887,202841,223171,216608,204830,227695,220311,206955,233295,223995,209612,237970,227661,211799,242324,8.77
4830464,"Grand Prairie city, Texas",19,2024,207618,ets,3227,3730,206050,207515,208899,210205,211439,4232,4633,209103,210476,211746,212920,214005,206050,200179,212061,207515,201640,213235,208899,202949,214850,210205,204343,216111,211439,205422,217243,1.84
3663000,"Rochester city, New York",19,2024,207287,arima,5915,6592,209621,209657,209685,209708,209726,1910,2485,207301,207301,207301,207301,207301,207301,198375,216228,207301,194162,220441,207301,191004,223599,207301,188366,226237,207301,186052,228550,0.01
1270600,"Tallahassee city, Florida",19,2024,205091,arima,8084,8316,206799,208366,209806,211127,212340,6047,6794,205791,206354,206808,207173,207467,205791,202089,209493,206354,200902,211806,206808,199898,213717,207173,198960,215385,207467,198056,216878,1.16
0541000,"Little Rock city, Arkansas",19,2024,204793,arima,2646,3055,202993,203295,203570,203818,204043,2409,3193,204906,204949,204966,204972,204975,204906,202127,207686,204949,200863,209036,204966,199850,210082,204972,198985,210959,204975,198223,211727,0.09
2053775,"Overland Park city, Kansas",19,2024,202909,ets,2789,3248,203776,205520,207223,208885,210507,4105,5495,205040,207157,209261,211351,213429,203776,200758,206867,205520,202500,208461,207223,204163,210282,208885,205871,211921,210507,207414,213491,3.74
1304204,"Augusta-Richmond County consolidated government (balance), Georgia",19,2024,201930,arima,4878,5582,202532,203121,203696,204258,204806,3984,4783,201969,201993,202007,202016,202022,201969,199831,204107,201993,198888,205097,202007,198131,205884,202016,197476,206556,202022,196891,207153,0.05
1319000,"Columbus city, Georgia",19,2024,201830,arima,7061,8845,201676,201845,201991,202116,202224,6675,6871,201825,201826,201826,201826,201826,201825,195891,207760,201826,193093,210558,201826,191021,212630,201826,189285,214366,201826,187762,215889,-0.0
0150000,"Mobile city, Alabama",19,2024,201355,arima,10355,10617,201909,202460,203008,203553,204096,8415,8689,201276,201227,201196,201177,201164,201276,192941,209611,201227,189468,212986,201196,186820,215572,201177,184600,217753,201164,182651,219678,-0.09
0654652,"Oxnard city, California",19,2024,200637,arima,19578,21024,201983,203059,203920,204609,205160,13454,15316,201099,201523,201913,202271,202600,201099,192925,209274,201523,189885,213162,201913,187568,216258,202271,185608,218934,202600,183865,221335,0.98
2634000,"Grand Rapids city, Michigan",19,2024,200131,arima,4684,5666,199779,200288,200795,201299,201801,3449,4723,199823,200056,199880,200013,199912,199823,196704,202941,200056,195771,204341,199880,194605,205154,200013,193959,206067,199912,193134,206690,-0.11
3271400,"Sunrise Manor CDP, Nevada",19,2024,199977,arima,13135,14660,207341,209299,211115,212801,214364,9634,11248,200992,200502,200738,200624,200679,200992,190244,211740,200502,185782,215221,200738,182721,218756,200624,179905,221343,200679,177538,223821,0.35
0454050,"Peoria city, Arizona",19,2024,199932,ets,19077,20878,203014,205857,208686,211501,214302,21850,24049,199708,199848,199761,199815,199781,203014,190722,215598,205857,189162,221859,208686,188642,227982,211501,188217,233362,214302,188177,238604,7.19
5374060,"Vancouver city, Washington",19,2024,198988,ets,14210,14232,201157,203406,205644,207870,210085,15045,15727,198947,198977,198955,198971,198960,201157,195293,207161,203406,196014,210338,205644,197143,213741,207870,198300,217085,210085,199479,219914,5.58
4740000,"Knoxville city, Tennessee",19,2024,198708,ets,6500,7349,199184,200419,201649,202873,204090,7906,8557,198542,198688,198559,198672,198573,199184,193221,205288,200419,193899,206606,201649,194503,208486,202873,195573,210290,204090,196432,211573,2.71
0107000,"Birmingham city, Alabama",19,2024,198477,ets,10514,12516,201113,200295,199481,198672,197866,11411,13259,198427,198410,198404,198402,198401,201113,189065,213447,200295,188240,212032,199481,187272,211694,198672,186643,210790,197866,185521,209776,-0.31
4803000,"Amarillo city, Texas",19,2024,197979,ets,3062,4222,201569,201740,201889,202019,202131,3242,3592,197623,197591,197588,197588,197588,201569,196487,206771,201740,196656,206690,201889,196740,207040,202019,196945,207130,202131,196924,207154,2.1
0151000,"Montgomery city, Alabama",19,2024,195826,arima,7111,7401,195762,195716,195670,195625,195579,2736,2849,195866,195864,195864,195864,195864,195866,190668,201064,195864,188309,203418,195864,186540,205187,195864,185057,206671,195864,183754,207974,0.02
4459000,"Providence city, Rhode Island",19,2024,194710,ets,7230,8029,194981,196469,197950,199423,200889,8119,9714,194885,194820,194844,194835,194839,194981,189097,201004,196469,189720,202940,197950,190318,205388,199423,191136,207315,200889,191930,209200,3.17
0636000,"Huntington Beach city, California",19,2024,193171,arima,10032,11146,193265,193347,193418,193479,193533,7191,7683,193037,193171,193037,193171,193037,193037,188690,197385,193171,187025,199317,193037,185509,200565,193171,184479,201862,193037,183319,202756,-0.07
4810768,"Brownsville city, Texas",19,2024,191968,ets,2644,3138,189253,189869,190481,191091,191697,3875,4608,192089,192137,192156,192164,192167,189253,182570,196095,189869,183181,196379,190481,183708,197255,191091,184418,197813,191697,184849,198303,-0.14
4714000,"Chattanooga city, Tennessee",19,2024,191495,ets,3119,4748,188173,188977,189720,190407,191042,6964,7209,192167,192599,192876,193055,193170,188173,181214,195298,188977,182014,195757,189720,182668,196774,190407,183459,197407,191042,183910,197921,-0.24
1224000,"Fort Lauderdale city, Florida",19,2024,190640,ets,4393,4672,186997,187748,188459,189130,189764,5739,6216,192007,191864,191879,191878,191878,186997,174407,199886,187748,175151,200013,188459,175700,201220,189130,176559,201793,189764,176863,202210,-0.46
0473000,"Tempe city, Arizona",19,2024,190113,arima,13487,15458,191960,193301,194634,195961,197281,11412,14848,189846,190065,189885,190033,189911,189846,179536,200156,190065,175854,204277,189885,172383,207387,190033,169946,210121,189911,167405,212418,-0.11
3901000,"Akron city, Ohio",19,2024,189669,ets,5556,6625,188598,188050,187506,186964,186425,5865,7125,189656,189655,189654,189654,189654,188598,182500,194840,188050,180668,194915,187506,179174,195568,186964,177800,195762,186425,176338,195712,-1.71
0630000,"Glendale city, California",19,2024,187802,arima,9712,11332,187406,187011,186619,186228,185839,9349,10652,187760,187783,187770,187777,187774,187760,183394,192126,187783,181673,193893,187770,180284,195256,187777,179145,196409,187774,178124,197423,-0.01
4715160,"Clarksville city, Tennessee",19,2024,185680,ets,10017,11040,189642,193732,197801,201851,205879,10799,12850,190003,194326,198648,202969,207290,189642,183973,195446,193732,186196,200885,197801,188992,206350,201851,191525,211580,205879,194279,216576,10.88
0653896,"Ontario city, California",19,2024,185289,ets,4334,6441,186207,187641,189065,190476,191876,6838,7117,185261,185262,185262,185262,185262,186207,180485,192064,187641,181916,193215,189065,183266,194864,190476,184764,196231,191876,186013,197532,3.55
3254600,"Paradise CDP, Nevada",19,2024,183959,arima,55845,64073,182472,180992,179519,178054,176596,40479,46563,183638,183618,183617,183617,183617,183638,157904,209372,183618,148231,219005,183617,140748,226486,183617,134392,232841,183617,128769,238464,-0.19
5156000,"Newport News city, Virginia",19,2024,183056,ets,2283,2785,182361,182370,182376,182382,182386,3231,3296,183056,183056,183056,183056,183056,182361,176156,188714,182370,176160,188415,182376,176088,188666,182382,176186,188623,182386,176028,188521,-0.37
0622020,"Elk Grove city, California",19,2024,182779,ets,5948,6175,184391,186047,187632,189149,190602,9785,10044,182153,182615,182274,182525,182340,184391,176079,192901,186047,177730,194144,187632,179208,196057,189149,180850,197510,190602,182085,198819,4.28
3710740,"Cary town, North Carolina",19,2024,181838,ets,7056,7357,186393,188799,191091,193273,195350,8645,8756,184293,186634,188866,190995,193025,186393,180512,192414,188799,182914,194529,191091,185131,197053,193273,187401,199189,195350,189323,201164,7.43
1703012,"Aurora city, Illinois",19,2024,180791,arima,25886,26807,180912,181008,181086,181148,181197,14945,17648,180880,180893,180895,180895,180895,180880,169529,192232,180893,164244,197542,180895,160197,201593,180895,156811,204979,180895,153845,207945,0.06
4164900,"Salem city, Oregon",19,2024,180389,ets,5646,7324,182650,184490,186321,188143,189955,7221,8274,181728,183008,184231,185400,186516,182650,178904,186486,184490,180741,188140,186321,182524,190119,188143,184402,191911,189955,186116,193659,5.3
1255775,"Pembroke Pines city, Florida",19,2024,179331,arima,7519,8552,173564,174292,175016,175736,176453,5432,6621,180244,181155,182065,182975,183883,180244,168234,192253,181155,164126,198184,182065,161155,202976,182975,158767,207183,183883,156748,211018,2.54
4123850,"Eugene city, Oregon",19,2024,178789,ets,5095,5851,181105,182852,184590,186320,188041,7393,8180,180464,182114,183741,185343,186923,181105,177719,184572,182852,179464,186151,184590,181159,188023,186320,182939,189726,188041,184571,191388,5.17
2270000,"Shreveport city, Louisiana",19,2024,177972,arima,13253,14175,174019,172000,170062,168202,166416,12605,12711,178065,178043,178048,178047,178047,178065,174807,181324,178043,173249,182837,178048,172140,183957,178047,171195,184899,178047,170369,185726,0.04
0670098,"Santa Rosa city, California",19,2024,177531,arima,8140,8341,178848,179102,179319,179507,179667,2530,3052,178301,177671,178186,177764,178110,178301,171569,185032,177671,167711,187630,178186,166103,190270,177764,163672,191856,178110,162412,193807,0.33
0659451,"Rancho Cucamonga city, California",19,2024,176677,arima,4907,5144,177849,178006,178137,178248,178341,2336,3184,176991,176950,176956,176955,176955,176991,173436,180546,176950,171639,182262,176956,170368,183543,176955,169298,184612,176955,168362,185548,0.16
0629000,"Garden Grove city, California",19,2024,172331,ets,4130,4763,171527,171421,171316,171211,171107,9769,11759,171555,171515,171513,171513,171513,171527,153262,190226,171421,153144,189215,171316,152805,189830,171211,152974,189583,171107,152390,189163,-0.71
0653322,"Oceanside city, California",19,2024,170942,arima,6447,7330,169980,169392,168921,168545,168244,3808,4382,170453,170894,170497,170855,170532,170453,166391,174516,170894,165208,176580,170497,163513,177480,170855,162814,178896,170532,161530,179534,-0.24
0827425,"Fort Collins city, Colorado",19,2024,170927,arima,8811,9539,173780,175085,176319,177485,178588,8006,9269,170995,171002,171002,171002,171002,170995,167310,174681,171002,165433,176570,171002,164016,177989,171002,162838,179167,171002,161810,180195,0.04
2970000,"Springfield city, Missouri",19,2024,170572,ets,2458,2656,171154,171457,171724,171961,172171,2919,2965,170627,170657,170675,170685,170690,171154,167119,175284,171457,167419,175387,171724,167636,175814,171961,167933,176019,172171,168036,176159,0.94
4751560,"Murfreesboro city, Tennessee",19,2024,168382,ets,11366,11610,172925,177347,181748,186127,190484,11376,12190,173056,177729,182402,187074,191746,172925,168365,177592,177347,170956,183436,181748,173965,189185,186127,176965,194605,190484,180335,200061,13.13
0471510,"Surprise city, Arizona",19,2024,167569,ets,9289,10498,161167,164347,167511,170660,173792,11816,13326,171501,175433,179365,183297,187229,161167,150433,172156,164347,153606,174804,167511,156633,178392,170660,159942,181456,173792,162793,184404,3.71
0640130,"Lancaster city, California",19,2024,167426,ets,4688,5348,167067,167447,167787,168092,168365,6266,6659,167565,167670,167750,167812,167858,167067,158960,175366,167447,159335,175344,167787,159571,176004,168092,159998,176246,168365,160058,176379,0.56
7206593,"Bayamón zona urbana, Puerto Rico",19,2024,166470,arima,15058,15898,164374,163360,162410,161520,160685,10837,12219,166570,166560,166561,166561,166561,166570,157040,176101,166560,152904,180217,166561,149777,183345,166561,147146,185977,166561,144831,188291,0.05
4819972,"Denton city, Texas",19,2024,165986,ets,11196,12050,162617,165936,169237,172522,175790,15139,15863,169692,173338,176926,180456,183929,162617,153093,172368,165936,156405,175214,169237,159585,178892,172522,163013,182102,175790,166030,185206,5.91
0662938,"Roseville city, California",19,2024,163299,arima,10659,11794,167865,172281,176676,181048,185398,9612,10979,166277,169255,172232,175210,178188,166277,162403,170151,169255,163721,174788,172232,165390,179075,175210,167234,183187,178188,169186,187189,9.12
0655156,"Palmdale city, California",19,2024,162526,ets,4427,6092,163177,163588,163961,164302,164612,4531,5380,163724,162694,163580,162818,163473,163177,155070,171477,163588,155475,171486,163961,155745,172179,164302,156207,172457,164612,156304,172627,1.28
0616350,"Corona city, California",19,2024,161540,ets,5166,7549,162826,162888,162948,163009,163069,7520,7668,161507,161501,161499,161499,161499,162826,152396,173505,162888,152450,173049,162948,152377,173522,163009,152594,173501,163069,152380,173381,0.95
0664224,"Salinas city, California",19,2024,160779,arima,3315,3688,162397,163050,163681,164291,164881,2908,3392,160779,160779,160779,160779,160779,160779,152879,168679,160779,149607,171951,160779,147096,174462,160779,144979,176579,160779,143114,178444,0.0
4839148,"Killeen city, Texas",19,2024,160618,ets,3881,5716,162504,164276,165942,167506,168976,5425,6418,162745,164778,166721,168579,170356,162504,156426,168726,164276,155420,172641,165942,155181,176256,167506,154861,179344,168976,154800,182372,5.2
3457000,"Paterson city, New Jersey",19,2024,160446,ets,7478,8952,159900,161929,163948,165957,167956,7493,8920,160319,160261,160235,160223,160218,159900,151458,168542,161929,151689,171439,163948,151102,176594,165957,149283,182087,167956,146961,187919,4.68
5101000,"Alexandria city, Virginia",19,2024,159102,ets,7168,7526,159041,159716,160358,160970,161551,8728,9512,157692,159102,157692,159101,157693,159041,152739,165491,159716,151773,167167,160358,151214,169072,160970,150676,170888,161551,150136,172128,1.54
1232000,"Hollywood city, Florida",19,2024,159072,ets,2840,3492,158464,159515,160561,161601,162636,3790,5138,158235,159064,158243,159057,158251,158464,152630,164437,159515,153677,165198,160561,154648,166474,161601,155776,167469,162636,156658,168403,2.24
4513330,"Charleston city, South Carolina",19,2024,159011,ets,2269,2413,160787,163594,166388,169168,171933,14530,14952,158902,158971,158927,158955,158938,160787,155870,165821,163594,158674,168384,166388,161405,171372,169168,164258,174113,171933,166895,176794,8.13
0633000,"Hayward city, California",19,2024,158433,arima,10690,11816,158791,159241,159647,160012,160342,3792,4433,159137,159804,160436,161035,161602,159137,153059,165216,159804,151149,168459,160436,149766,171106,161035,148636,173433,161602,147656,175547,2.0
2036000,"Kansas City city, Kansas",19,2024,157450,ets,3068,4005,156297,156895,157476,158039,158587,4008,4313,157590,157479,157567,157498,157552,156297,152117,160577,156895,152712,160968,157476,153239,161713,158039,153865,162244,158587,154303,162719,0.72
0843000,"Lakewood city, Colorado",19,2024,156865,arima,6694,7563,158082,158871,159650,160420,161181,4067,5402,157015,156902,156987,156924,156971,157015,153648,160383,156902,152005,161800,156987,151017,162957,156924,149993,163855,156971,149233,164709,0.07
0677000,"Sunnyvale city, California",19,2024,156776,arima,6194,6752,156833,157546,158222,158863,159470,2390,3028,157194,156991,157090,157042,157065,157194,153081,161307,156991,150960,163023,157090,149702,164477,157042,148475,165609,157065,147478,166652,0.18
2567000,"Springfield city, Massachusetts",19,2024,154886,arima,908,1045,154661,154682,154699,154713,154725,571,748,154928,154910,154917,154914,154915,154928,152801,157055,154910,151841,157978,154917,151156,158679,154914,150561,159267,154915,150045,159786,0.02
5305210,"Bellevue city, Washington",19,2024,154387,ets,3881,4607,157828,159972,162106,164229,166341,9793,10538,156429,158459,160477,162482,164476,157828,152969,162801,159972,155111,164705,162106,157182,167030,164229,159378,169115,166341,161363,171144,7.74
1751622,"Naperville city, Illinois",19,2024,153337,arima,3771,3982,152538,153317,154093,154864,155631,2961,3372,153268,153312,153284,153302,153290,153268,150760,155776,153312,149904,156720,153284,149095,157473,153302,148497,158107,153290,147916,158664,-0.03
1738570,"Joliet city, Illinois",19,2024,151937,arima,2229,2416,150197,150240,150275,150303,150326,1709,1891,152129,152044,152082,152065,152073,152129,145676,158583,152044,142360,161729,152082,140202,163962,152065,138260,165870,152073,136610,167535,0.09
0908000,"Bridgeport city, Connecticut",19,2024,151616,arima,7037,8889,151969,152286,152571,152828,153060,2830,3439,151787,151708,151744,151727,151735,151787,148105,155468,151708,146366,157050,151744,145198,158290,151727,144146,159309,151735,143252,160218,0.08
1239925,"Lehigh Acres CDP, Florida",18,2024,151444,arima,15129,18135,146436,148749,150910,152929,154816,13088,16359,150069,151074,150340,150877,150484,150069,133475,166664,151074,128057,174092,150340,122065,178614,150877,118351,183403,150484,114089,186879,-0.63
4847892,"Mesquite city, Texas",19,2024,151379,ets,3612,4831,147215,147336,147438,147525,147599,3919,4720,151368,151376,151370,151375,151372,147215,139881,154722,147336,139998,154480,147438,140007,154872,147525,140203,154901,147599,140084,154848,-2.5
4856000,"Pasadena city, Texas",19,2024,149615,arima,4218,4879,151436,151436,151437,151437,151437,4118,5010,149616,149617,149618,149620,149621,149616,141213,158019,149617,137734,161501,149618,135064,164173,149620,132814,166425,149621,130831,168410,0.0
2052575,"Olathe city, Kansas",19,2024,149027,ets,3658,4626,148631,149773,150862,151899,152887,7118,7216,149752,150392,150956,151454,151893,148631,145162,152181,149773,146303,153152,150862,147347,154378,151899,148436,155388,152887,149332,156315,2.59
0622804,"Escondido city, California",19,2024,148852,arima,8471,8535,151820,151944,152049,152138,152214,2629,3188,151319,149290,150959,149586,150715,151319,145923,156714,149290,141092,157488,150959,141068,160849,149586,137987,161185,150715,137823,163607,1.25
1369000,"Savannah city, Georgia",19,2024,148809,arima,7129,7683,149000,149234,149434,149607,149755,7072,8361,150504,152198,153892,155587,157281,150504,144561,156446,152198,143743,160653,153892,143477,164308,155587,143490,167684,157281,143679,170884,5.69
4845384,"McAllen city, Texas",19,2024,148784,ets,2973,3316,147745,148311,148833,149313,149756,4328,4528,148981,148905,148934,148923,148927,147745,143503,152089,148311,144066,152444,148833,144533,153133,149313,145077,153581,149756,145409,153950,0.65
1225175,"Gainesville city, Florida",19,2024,148716,ets,6924,7197,150273,152134,153951,155726,157459,7370,8538,150023,151236,152363,153409,154380,150273,144553,156128,152134,145117,158649,153951,145956,161607,155726,146907,164198,157459,147758,166438,5.88
0658072,"Pomona city, California",19,2024,147966,ets,3857,4161,149364,149305,149246,149188,149130,4268,4870,147867,147827,147810,147803,147801,149364,140665,158271,149305,140600,157780,149246,140430,158065,149188,140501,157939,149130,140215,157730,0.79
0877290,"Thornton city, Colorado",19,2024,146689,ets,4432,5087,149432,151033,152577,154066,155500,8891,9081,146917,146925,146925,146925,146925,149432,145610,153344,151033,147210,154756,152577,148705,156451,154066,150250,157909,155500,151585,159278,6.01
4876000,"Waco city, Texas",19,2024,146603,ets,3831,4096,147000,148322,149607,150857,152071,8490,8527,147006,146855,146911,146891,146898,147000,142768,151333,148322,144087,152445,149607,145318,153897,150857,146631,155114,152071,147735,156255,3.73
0682954,"Visalia city, California",19,2024,146263,ets,5835,6497,147537,148734,149874,150960,151996,8727,9367,147400,148468,149472,150416,151303,147537,143658,151509,148734,143717,153508,149874,143990,155464,150960,144191,157383,151996,144443,158954,3.92
3673000,"Syracuse city, New York",19,2024,146091,arima,3042,3986,145204,145256,145299,145335,145365,2094,2198,146120,146120,146120,146120,146120,146120,142517,149722,146120,140871,151370,146120,139626,152615,146120,138584,153657,146120,137669,154571,0.02
2250115,"Metairie CDP, Louisiana",19,2024,145144,arima,8831,11230,143079,143167,143242,143306,143360,5021,7673,144433,144564,144540,144544,144544,144433,134840,154025,144564,131501,157628,144540,128675,160405,144544,126316,162773,144544,124222,164865,-0.41
1765000,"Rockford city, Illinois",19,2024,144779,arima,6214,6909,145217,145011,144846,144715,144609,2910,3332,144545,144630,144599,144610,144606,144545,139094,149996,144630,136583,152677,144599,134709,154490,144610,133139,156082,144606,131757,157456,-0.12
4516000,"Columbia city, South Carolina",19,2024,144281,arima,5191,6670,141051,141485,141870,142212,142515,4863,6207,144715,144730,144730,144730,144730,144715,139610,149820,144730,136185,153274,144730,133740,155720,144730,131747,157713,144730,130021,159439,0.31
4848072,"Midland city, Texas",19,2024,143637,arima,12471,13011,143609,144988,146301,147550,148740,11174,12450,142133,143637,142133,143637,142133,142133,134002,150264,143637,132206,155068,142133,128105,156160,143637,127471,159802,142133,124038,160228,-1.05
1245975,"Miramar city, Florida",19,2024,143244,arima,8607,9813,142778,143730,144634,145492,146307,4088,5268,142954,143110,143026,143071,143047,142954,135331,150577,143110,132605,153615,143026,130153,155899,143071,128259,157883,143047,126495,159599,-0.14
1254000,"Palm Bay city, Florida",19,2024,142035,ets,15067,16715,147914,153764,159585,165376,171139,15286,16608,144890,147746,150601,153456,156312,147914,142916,153031,153764,145131,162016,159585,147073,172107,165376,148021,181990,171139,149034,191585,20.49
2836000,"Jackson city, Mississippi",19,2024,141376,arima,20391,21303,139761,138487,137467,136651,135998,18060,19192,141159,141124,141118,141117,141117,141159,136571,145747,141124,134343,147904,141118,132659,149577,141117,131256,150979,141117,130028,152206,-0.18
1214400,"Coral Springs city, Florida",19,2024,140816,arima,8245,8306,137687,138382,138962,139446,139849,4659,5128,141707,141251,141484,141365,141426,141707,137819,145595,141251,135308,147195,141484,134216,148753,141365,132898,149833,141426,131947,150906,0.43
0682590,"Victorville city, California",19,2024,140706,ets,9049,10017,141283,142711,144072,145371,146610,10830,13044,139221,140372,139480,140171,139636,141283,131656,151139,142711,131991,152989,144072,132167,155558,145371,132810,157767,146610,133376,159175,4.2
4872656,"The Woodlands CDP, Texas",18,2024,140489,arima,18752,20807,144300,148194,152021,155782,159478,12304,16649,144491,148492,152494,156495,160495,144491,127412,161570,148492,124005,172980,152494,122099,182889,156495,120937,192052,160495,120233,200758,14.24
3421000,"Elizabeth city, New Jersey",19,2024,140401,ets,4711,5647,139249,140948,142638,144320,145993,5094,6330,140784,140811,140813,140813,140813,139249,134017,144605,140948,134469,146999,142638,134429,150760,144320,133307,154847,145993,132010,159255,3.98
0628000,"Fullerton city, California",19,2024,140051,arima,1883,2387,141595,141874,142141,142398,142645,783,837,140033,140027,140025,140024,140024,140033,136305,143760,140027,134942,145112,140025,133922,146128,140024,133063,146985,140024,132304,147745,-0.02
1652120,"Meridian city, Idaho",16,2024,139736,ets,18574,18671,145106,150448,155764,161054,166317,18673,19335,144836,149935,155034,160133,165231,145106,140423,149900,150448,143097,157367,155764,146182,165185,161054,149098,172517,166317,151871,179541,19.02
0680000,"Torrance city, California",19,2024,139568,arima,9107,9265,139598,139622,139643,139660,139674,5218,5447,139572,139572,139573,139573,139573,139572,137234,141910,139572,136201,142943,139573,135410,143735,139573,134746,144399,139573,134162,144983,0.0
0973000,"Stamford city, Connecticut",19,2024,139112,ets,2035,2497,138066,139067,140063,141054,142040,5445,6132,139084,139085,139085,139085,139085,138066,134762,141450,139067,135760,142287,140063,136714,143413,141054,137754,144378,142040,138653,145307,2.1
4983470,"West Valley City city, Utah",19,2024,138153,arima,6534,6914,136864,136837,136813,136790,136770,4944,5531,138647,139108,139540,139943,140321,138647,134039,143254,139108,132546,145671,139540,131447,147632,139943,130538,149349,140321,129740,150902,1.57
3825700,"Fargo city, North Dakota",19,2024,138059,arima,4393,5580,137601,139520,141382,143189,144941,4285,5558,140751,143442,146134,148825,151516,140751,135221,146281,143442,135543,151342,146134,136363,155904,148825,137434,160216,151516,138660,164372,9.75
0653980,"Orange city, California",19,2024,137957,arima,3628,3906,139038,139044,139048,139052,139055,2229,2631,138061,137987,138039,138003,138028,138061,135410,140711,137987,134347,141628,138039,133563,142515,138003,132862,143143,138028,132276,143781,0.05
1912000,"Cedar Rapids city, Iowa",19,2024,137917,ets,3154,3625,138121,138908,139692,140471,141247,5375,5524,137702,137891,137725,137871,137743,138121,134959,141358,138908,135744,141988,139692,136487,142897,140471,137314,143651,141247,138007,144372,2.41
2684000,"Warren city, Michigan",19,2024,137709,ets,1102,1434,137561,137830,138094,138352,138604,1910,2164,137675,137665,137662,137661,137661,137561,134110,141095,137830,134376,141193,138094,134596,141592,138352,134905,141823,138604,135067,142016,0.65
5135000,"Hampton city, Virginia",19,2024,137596,arima,4054,4588,135470,135354,135248,135153,135067,2447,2518,137649,137655,137656,137656,137656,137649,134319,140979,137655,132687,142623,137656,131445,143866,137656,130410,144901,137656,129506,145805,0.04
0952000,"New Haven city, Connecticut",19,2024,137556,arima,4520,4883,135663,135916,136144,136349,136532,4232,5407,138543,138217,138325,138289,138301,138543,134153,142933,138217,131313,145122,138325,129789,146861,138289,128335,148244,138301,127122,149480,0.54
0656000,"Pasadena city, California",19,2024,137200,arima,5715,6557,139379,139388,139395,139401,139405,5521,7018,137692,137592,137612,137608,137609,137692,131792,143592,137592,128701,146482,137612,126600,148624,137608,124806,150410,137609,123241,151977,0.3
5335415,"Kent city, Washington",19,2024,136587,arima,15154,16502,137880,139071,140166,141175,142104,6311,6397,136873,136918,136926,136927,136927,136873,124457,149289,136918,118541,155296,136926,113987,159864,136927,110180,163674,136927,106848,167006,0.25
3921000,"Dayton city, Ohio",19,2024,136343,arima,3437,3683,137417,137080,136744,136410,136078,3336,3683,136474,136459,136461,136460,136460,136474,131764,141183,136459,129291,143627,136461,127530,145391,136460,126058,146863,136460,124770,148151,0.09
7214290,"Carolina zona urbana, Puerto Rico",19,2024,136303,arima,12550,13319,134728,133256,131815,130402,129017,10217,11676,136289,136284,136282,136281,136281,136289,128032,144546,136284,124543,148025,136282,121858,150706,136281,119594,152969,136281,117600,154961,-0.02
4863500,"Round Rock city, Texas",19,2024,135665,ets,4216,4837,135626,137052,138387,139636,140806,12577,14329,137901,140078,142199,144265,146278,135626,129413,141988,137052,130834,143105,138387,132090,144685,139636,133432,145886,140806,134439,146949,3.79
4813024,"Carrollton city, Texas",19,2024,135256,arima,7672,9194,135671,136254,136822,137374,137910,4634,6649,135215,135203,135199,135197,135197,135215,129508,140923,135203,127197,143208,135199,125438,144959,135197,123956,146438,135197,122651,147743,-0.04
4842508,"Lewisville city, Texas",19,2024,135181,ets,13395,16377,137796,140488,143167,145832,148484,15369,17590,138023,140864,143706,146547,149389,137796,127064,148783,140488,127135,152971,143167,127800,157862,145832,128697,162217,148484,129510,166010,9.84
2676460,"Sterling Heights city, Michigan",19,2024,134343,ets,907,1067,134161,134390,134608,134817,135016,938,1077,134435,134430,134430,134430,134430,134161,129879,138546,134390,130104,138562,134608,130267,138949,134817,130540,139125,135016,130628,139250,0.5
0669084,"Santa Clara city, California",19,2024,133151,arima,5074,5707,133067,133828,134544,135218,135854,4382,5421,133198,133172,133187,133179,133183,133198,129468,136929,133172,127498,138847,133187,126258,140115,133179,125107,141250,133183,124153,142214,0.02
4856348,"Pearland city, Texas",18,2024,131626,arima,13050,13903,135748,137889,139932,141880,143737,9646,12721,133025,134286,135422,136444,137366,133025,124433,141618,134286,121596,146976,135422,119259,151584,136444,117107,155782,137366,115039,159693,4.36
4052500,"Norman city, Oklahoma",19,2024,131008,ets,2100,2900,132066,133065,134012,134909,135761,3688,4081,132095,133128,134110,135042,135928,132066,129182,135019,133065,130179,135875,134012,131089,136935,134909,132030,137811,135761,132805,138612,3.63
2915670,"Columbia city, Missouri",19,2024,130913,arima,4707,5557,130635,131394,132081,132702,133264,2532,2862,131703,132397,133008,133546,134019,131703,129204,134201,132397,128713,136082,133008,128324,137693,133546,127954,139138,134019,127577,140460,2.37
4801000,"Abilene city, Texas",19,2024,130033,ets,2407,2853,130188,130712,131203,131665,132099,3997,4407,130189,130313,130411,130488,130549,130188,125436,135052,130712,125957,135341,131203,126388,136020,131665,126921,136445,132099,127229,136796,1.59
1303440,"Athens-Clarke County unified government (balance), Georgia",19,2024,128630,ets,930,1307,129396,129874,130312,130715,131083,4035,4429,128692,128698,128699,128699,128699,129396,123966,134955,129874,124440,135164,130312,124809,135817,130715,125293,136177,131083,125519,136452,1.91
4815976,"College Station city, Texas",19,2024,128017,ets,1561,2188,130029,132076,134047,135944,137769,6474,7050,129537,130927,132200,133364,134430,130029,126088,134063,132076,128133,135915,134047,130054,138041,135944,132009,139907,137769,133731,141664,7.62
0614218,"Clovis city, California",19,2024,127994,ets,5901,6756,128229,130538,132834,135120,137393,15785,15987,130556,133119,135681,138243,140806,128229,122583,134010,130538,124888,136038,132834,127112,138558,135120,129482,140799,137393,131608,142975,7.34
1276600,"West Palm Beach city, Florida",19,2024,127733,arima,6909,7490,128739,130733,132717,134691,136655,6144,6442,129979,132225,134470,136716,138962,129979,125750,134207,132225,126188,138261,134470,127009,141932,136716,128022,145410,138962,129155,148769,8.79
4202000,"Allentown city, Pennsylvania",19,2024,127225,ets,1853,2390,126347,126808,127238,127639,128014,4075,4365,127523,127293,127470,127333,127439,126347,122050,130747,126808,122507,130994,127238,122882,131594,127639,123348,131962,128014,123610,132262,0.62
1208150,"Brandon CDP, Florida",19,2024,127048,ets,6084,6921,126260,127604,128897,130142,131341,7821,9275,125913,126188,126122,126138,126134,126260,118208,134504,127604,119547,135448,128897,120737,137060,130142,122102,138242,131341,123089,139301,3.38
4550875,"North Charleston city, South Carolina",19,2024,126015,ets,4615,5671,125408,126620,127760,128833,129843,7610,9582,126889,127628,128255,128786,129235,125408,117288,133721,126620,118495,134530,127760,119531,135991,128833,120726,137001,129843,121523,137870,3.04
0672016,"Simi Valley city, California",19,2024,125773,arima,3111,3226,126135,126153,126167,126178,126187,1039,1256,125830,125837,125838,125838,125838,125830,122365,129295,125837,120734,130940,125838,119486,132190,125838,118443,133233,125838,117530,134146,0.05
2071000,"Topeka city, Kansas",19,2024,125475,arima,4013,4115,125268,125212,125167,125131,125102,1313,1399,125818,125478,125815,125480,125812,125818,121868,129767,125478,119881,131074,125815,118965,132665,125480,117566,133395,125812,116967,134658,0.27
3774440,"Wilmington city, North Carolina",19,2024,125267,arima,3914,4567,124655,125260,125812,126314,126772,3833,4037,126057,126784,127452,128066,128631,126057,121527,130588,126784,120262,133306,127452,119331,135573,128066,118542,137590,128631,117827,139434,2.69
1238250,"Lakeland city, Florida",19,2024,124997,ets,8993,9233,127382,130365,133334,136287,139226,11964,12131,125600,125242,125454,125329,125403,127382,122131,132758,130365,123669,136653,133334,124573,141958,136287,124264,147638,139226,123728,154023,11.38
0678582,"Thousand Oaks city, California",19,2024,124243,arima,4960,5353,123930,123758,123587,123417,123247,3479,3753,124255,124263,124267,124269,124271,124255,121790,126721,124263,120809,127716,124267,120067,128467,124269,119444,129095,124271,118896,129645,0.02
0616000,"Concord city, California",19,2024,124030,arima,7250,8017,124110,124182,124247,124304,124356,4893,5258,124120,124147,124156,124158,124159,124120,121466,126773,124147,120278,128017,124156,119340,128971,124158,118547,129770,124159,117849,130470,0.1
4853388,"Odessa city, Texas",19,2024,123861,arima,8324,9357,124423,125462,126458,127414,128330,5979,7035,123907,123883,123895,123889,123892,123907,118459,129355,123883,115835,131930,123895,114049,133742,123889,112459,135319,123892,111104,136680,0.03
2754880,"Rochester city, Minnesota",19,2024,123616,ets,1787,1958,124992,126039,127042,128003,128923,5712,5841,124062,124440,124762,125036,125269,124992,121964,128092,126039,123009,128988,127042,123973,130111,128003,124979,131048,128923,125821,131917,4.29
0681666,"Vallejo city, California",19,2024,123481,ets,1396,1543,125113,125631,126139,126637,127126,2430,2763,123573,123503,123557,123516,123547,125113,120870,129457,125631,121385,129765,126139,121839,130440,126637,122401,130905,127126,122778,131321,2.95
0464210,"San Tan Valley CDP, Arizona",14,2024,123211,ets,13219,18528,124364,127512,130645,133762,136863,21170,21747,124058,123708,123853,123793,123818,124364,110810,138240,127512,112563,141656,130645,114347,146334,133762,116932,150761,136863,119250,154111,11.08
2603000,"Ann Arbor city, Michigan",19,2024,122914,ets,1297,1532,120852,120900,120937,120968,120992,2706,3062,123546,123689,123722,123729,123731,120852,116047,125771,120900,116091,125581,120937,116068,125808,120968,116170,125801,120992,116068,125742,-1.56
0623182,"Fairfield city, California",19,2024,122654,ets,4470,5100,123114,124013,124907,125797,126682,5725,5830,122653,122654,122653,122654,122653,123114,118515,127823,124013,118544,129137,124907,118730,130887,125797,119059,132337,126682,119239,133539,3.28
0803455,"Arvada city, Colorado",19,2024,122529,ets,3617,4424,124508,125522,126530,127534,128533,4893,5982,122694,122575,122660,122599,122643,124508,121470,127618,125522,122016,128875,126530,122542,130400,127534,123213,131696,128533,123827,132874,4.9
2240735,"Lafayette city, Louisiana",19,2024,122273,arima,8992,9942,120985,120732,120530,120368,120238,3893,4497,122522,122356,122467,122392,122442,122522,119381,125662,122356,117712,126999,122467,116809,128125,122392,115813,128972,122442,115092,129791,0.14
0937000,"Hartford city, Connecticut",19,2024,122136,arima,4938,5326,120560,120472,120403,120347,120302,2519,2738,122456,122395,122407,122405,122405,122456,119682,125230,122395,118243,126547,122407,117268,127546,122405,116433,128376,122405,115705,129105,0.22
4009050,"Broken Arrow city, Oklahoma",19,2024,122131,ets,4039,4553,122031,123368,124672,125944,127184,8592,9066,122412,122344,122360,122357,122358,122031,117991,126168,123368,119326,127304,124672,120578,128768,125944,121910,130008,127184,123044,131178,4.14
0606000,"Berkeley city, California",19,2024,121730,arima,6112,6909,121823,122000,122153,122284,122397,2858,3231,122227,122355,122388,122396,122398,122227,116902,127553,122355,114122,130588,122388,111884,132891,122396,109999,134793,122398,108353,136444,0.55
2935000,"Independence city, Missouri",19,2024,121606,ets,2949,3055,121170,121521,121870,122217,122563,3094,3586,121595,121600,121598,121599,121598,121170,116814,125629,121521,117162,125764,121870,117456,126285,122217,117868,126598,122563,118099,126868,0.79
3006550,"Billings city, Montana",19,2024,121478,ets,5372,5880,123019,124388,125751,127107,128456,6845,8305,122430,123334,124194,125012,125790,123019,118223,127929,124388,118700,129717,125751,119333,131969,127107,120125,133892,128456,120719,135575,5.74
2511000,"Cambridge city, Massachusetts",19,2024,121203,ets,3125,3943,121016,121655,122243,122782,123278,5553,6385,123364,125525,127686,129847,132008,121016,115233,126936,121655,115869,127289,122243,116383,128104,122782,117009,128599,123278,117352,128994,1.71
2537000,"Lowell city, Massachusetts",19,2024,120418,ets,3660,4310,116602,117049,117460,117837,118183,3676,4381,119995,120285,120086,120222,120129,116602,112234,121075,117049,112678,121305,117460,113032,121888,117837,113475,122231,118183,113706,122501,-1.86
4841980,"League City city, Texas",18,2024,119398,ets,2360,2399,124100,126907,129690,132448,135183,13962,14106,119671,119707,119712,119712,119712,124100,119053,129267,126907,121857,131824,129690,124575,134806,132448,127409,137525,135183,130011,140172,13.22
0602252,"Antioch city, California",19,2024,118455,ets,1906,2018,117554,118422,119286,120145,121000,4698,4875,118464,118458,118462,118459,118461,117554,114236,120952,118422,115102,121655,119286,115923,122649,120145,116832,123483,121000,117599,124280,2.15
4861796,"Richardson city, Texas",19,2024,118217,arima,12075,13106,119420,120286,121148,122006,122860,7567,9346,118113,118136,118131,118132,118132,118113,113606,122619,118136,112095,124177,118131,110813,125449,118132,109740,126524,118132,108787,127477,-0.07
0428380,"Goodyear city, Arizona",14,2024,118175,ets,24255,24338,124008,129848,135659,141441,147194,24777,24778,122170,126166,130161,134157,138152,124008,116585,131606,129848,117955,141218,135659,119208,151935,141441,119716,162297,147194,119995,172254,24.56
1258050,"Pompano Beach city, Florida",19,2024,118110,arima,5043,5484,114585,115253,115919,116580,117239,4771,5077,118844,118554,118668,118623,118641,118844,116144,121543,118554,114385,122722,118668,113540,123797,118623,112650,124596,118641,111942,125340,0.45
1268350,"Spring Hill CDP, Florida",19,2024,117931,ets,9770,11049,123741,125364,126980,128587,130187,12139,13729,118661,119338,119968,120552,121095,123741,115582,132094,125364,117200,133313,126980,118711,135250,128587,120441,136794,130187,121826,138252,10.39
1656260,"Nampa city, Idaho",19,2024,117346,ets,11937,12527,119589,122030,124459,126876,129280,16411,17026,117291,117346,117291,117346,117291,119589,113260,126069,122030,113833,129841,124459,114845,133634,126876,115810,137387,129280,116906,140686,10.17
3731400,"High Point city, North Carolina",19,2024,117109,arima,4339,4507,117870,118561,119222,119853,120455,4154,4610,117209,117150,117185,117164,117176,117209,112949,121468,117150,111416,122884,117185,110143,124226,117164,109094,125233,117176,108157,126195,0.06
0646842,"Menifee city, California",14,2024,117045,arima,15180,15191,119834,122610,125371,128119,130853,14607,14625,120015,122984,125954,128924,131893,120015,115644,124386,122984,116720,129248,125954,118182,133726,128924,119835,138012,131893,121606,142181,12.69
3539380,"Las Cruces city, New Mexico",19,2024,116992,ets,8064,9178,118516,120078,121631,123177,124715,8241,9931,118360,119689,120979,122232,123449,118516,114048,123091,120078,113896,125974,121631,114173,128788,123177,114571,131259,124715,115004,133821,6.6
1212875,"Clearwater city, Florida",19,2024,116821,arima,5396,5928,117756,118205,118653,119098,119541,3444,4176,116821,116821,116821,116821,116821,116821,110516,123125,116821,107782,125860,116821,105718,127924,116821,103979,129663,116821,102449,131193,0.0
4982950,"West Jordan city, Utah",19,2024,116697,ets,2860,3242,118292,118837,119353,119843,120307,3543,4114,116546,116573,116568,116569,116569,118292,113066,123641,118837,113608,123927,119353,114058,124650,119843,114626,125099,120307,114952,125473,3.09
3345140,"Manchester city, New Hampshire",19,2024,116381,ets,2952,3108,116641,117013,117383,117751,118117,3737,3916,116366,116361,116360,116359,116359,116641,114910,118413,117013,114773,119145,117383,114756,119881,117751,114729,120619,118117,114743,121225,1.49
1245060,"Miami Gardens city, Florida",19,2024,116155,arima,4130,4690,113876,113932,113977,114012,114041,2460,2495,115766,116072,115831,116020,115872,115766,108389,123143,116072,106070,126073,115831,103483,128180,116020,101895,130146,115872,100035,131709,-0.24
1759000,"Peoria city, Illinois",19,2024,115996,arima,6240,6790,113695,113717,113735,113749,113760,4117,5168,116303,116383,116404,116410,116411,116303,111612,120993,116383,109426,123340,116404,107686,125123,116410,106214,126606,116411,104923,127900,0.36
0980000,"Waterbury city, Connecticut",19,2024,115902,ets,4429,4589,112966,113220,113473,113725,113976,4864,5437,115910,115905,115908,115906,115907,112966,107273,118793,113220,107524,118766,113473,107704,119243,113725,108042,119451,113976,108143,119603,-1.66
1723074,"Elgin city, Illinois",19,2024,115541,ets,3694,4919,115165,115266,115351,115422,115482,5250,5647,115643,115725,115791,115844,115886,115165,109309,121159,115266,109406,120970,115351,109416,121286,115422,109575,121312,115482,109482,121271,-0.05
4962470,"Provo city, Utah",19,2024,115496,arima,2810,3004,116375,116382,116387,116391,116395,2095,2489,115785,115892,115932,115946,115952,115785,111505,120064,115892,109398,122385,115932,107670,124194,115946,106188,125704,115952,104884,127020,0.39
1260950,"Riverview CDP, Florida",14,2024,115462,ets,15056,15609,121514,125266,128999,132713,136409,27327,27396,119012,122561,126111,129660,133209,121514,111196,132078,125266,114941,135318,128999,118542,139458,132713,122411,143092,136409,125835,146609,18.14
0660620,"Richmond city, California",19,2024,115356,ets,1686,1763,115776,116396,116995,117575,118137,3965,4425,115240,115324,115263,115308,115275,115776,112107,119533,116396,112723,119970,116995,113276,120715,117575,113911,121266,118137,114376,121764,2.41
0883835,"Westminster city, Colorado",19,2024,115301,ets,1421,1508,115714,115984,116232,116460,116671,1430,1573,115352,115378,115392,115399,115402,115714,113466,118016,115984,113734,118174,116232,113953,118511,116460,114215,118722,116671,114366,118893,1.19
1822000,"Evansville city, Indiana",19,2024,114812,arima,4889,5245,115666,115378,115146,114959,114809,2243,2845,115274,114926,115188,114991,115139,115274,111342,119205,114926,109142,120711,115188,108150,122225,114991,106803,123179,115139,106003,124275,0.28
0620802,"East Los Angeles CDP, California",19,2024,114544,arima,13653,15207,112319,111537,110758,109983,109213,10721,12702,114327,114243,114211,114199,114194,114327,103029,125625,114243,98689,129797,114211,95470,132952,114199,92782,135615,114194,90417,137971,-0.31
0832155,"Greeley city, Colorado",19,2024,114366,ets,4233,4839,114109,115424,116732,118034,119330,6102,6968,116080,117795,119509,121223,122936,114109,110235,118075,115424,111547,119198,116732,112806,120659,118034,114166,121931,119330,115360,123159,4.34
0177256,"Tuscaloosa city, Alabama",19,2024,114274,ets,4981,5624,114278,115015,115682,116287,116835,5710,7023,115264,116133,116896,117565,118152,114278,108381,120315,115015,107620,121934,115682,107192,123782,116287,106726,125461,116835,106246,126615,2.24
4801924,"Allen city, Texas",19,2024,113761,ets,1489,1858,115636,117443,119202,120914,122580,2059,2516,115901,118021,120123,122205,124269,115636,113186,118144,117443,114991,119830,119202,116719,121686,120914,118467,123379,122580,120070,125003,7.75
0611194,"Carlsbad city, California",19,2024,113575,arima,7981,8273,112976,112504,112072,111678,111317,7188,7236,113839,114075,114285,114473,114641,113839,110663,117015,114075,109510,118640,114285,108610,119960,114473,107830,121116,114641,107120,122162,0.94
2646000,"Lansing city, Michigan",19,2024,113466,ets,2765,3567,113834,113808,113782,113755,113729,3483,3632,113010,113358,113092,113295,113140,113834,107647,120169,113808,107616,119836,113782,107511,120054,113755,107577,119979,113729,107388,119846,0.23
5322640,"Everett city, Washington",19,2024,112999,ets,1370,1715,111884,112041,112176,112293,112393,2801,3294,113226,113320,113359,113375,113382,111884,107773,116092,112041,107927,116046,112176,108010,116343,112293,108188,116428,112393,108180,116457,-0.54
4807000,"Beaumont city, Texas",19,2024,112888,arima,6873,7520,112182,111725,111357,111060,110820,4127,5030,113548,113085,113410,113182,113342,113548,110055,117041,113085,107701,118470,113410,106891,119928,113182,105549,120816,113342,104831,121852,0.4
0650076,"Murrieta city, California",19,2024,112531,arima,6932,7390,115889,116330,116733,117100,117435,4101,4882,112482,112484,112484,112484,112484,112482,107806,117158,112484,106146,118822,112484,104828,120140,112484,103706,121261,112484,102712,122255,-0.04
3563460,"Rio Rancho city, New Mexico",19,2024,112518,ets,5815,6657,114138,115408,116425,117238,117889,9333,10030,113405,114079,114591,114980,115275,114138,110706,117651,115408,109885,120733,116425,108578,124248,117238,106734,127335,117889,104901,129892,4.77
0678120,"Temecula city, California",19,2024,112438,arima,9138,10178,114686,114945,115168,115361,115527,7149,8279,112139,112300,112213,112260,112235,112139,105049,119229,112300,102819,121781,112213,100590,123837,112260,98947,125574,112235,97368,127102,-0.18
3714100,"Concord city, North Carolina",16,2024,112398,ets,9854,9918,112972,115457,117930,120391,122839,19072,19095,114999,117601,120202,122803,125405,112972,106716,119377,115457,109197,121552,117930,111590,124272,120391,114144,126684,122839,116428,129024,9.29
4874144,"Tyler city, Texas",19,2024,112204,ets,1645,1817,112219,113111,113978,114819,115635,4324,4772,112202,112204,112202,112204,112202,112219,108483,116044,113111,109373,116751,113978,110191,117765,114819,111088,118577,115635,111806,119329,3.06
1772000,"Springfield city, Illinois",19,2024,112170,arima,4641,4723,112233,112260,112282,112301,112318,2634,2680,112140,112164,112145,112160,112148,112140,110497,113783,112164,109894,114433,112145,109353,114937,112160,108952,115367,112148,108556,115740,-0.02
1216475,"Davie town, Florida",19,2024,112040,ets,4207,5442,110023,111004,111980,112951,113917,5176,5970,111724,111856,111801,111824,111814,110023,103038,117173,111004,104014,117808,111980,104901,119060,112951,105977,119976,113917,106760,120822,1.68
3268400,"Sparks city, Nevada",19,2024,111523,ets,3788,4249,114039,115794,117541,119278,121007,10230,10424,113436,115348,117261,119173,121085,114039,110548,117613,115794,112301,119195,117541,114003,121079,119278,115793,122790,121007,117430,124458,8.5
4131250,"Gresham city, Oregon",19,2024,111500,arima,4057,4687,112178,112287,112381,112460,112528,2703,3262,111828,112126,112395,112640,112862,111828,107405,116251,112126,105793,118458,112395,104550,120241,112640,103483,121797,112862,102522,123202,1.22
0669196,"Santa Maria city, California",19,2024,111347,arima,5324,5913,112508,113141,113727,114270,114774,4110,4170,111278,111288,111287,111287,111287,111278,105412,117144,111288,103198,119379,111287,101437,121136,111287,99952,122622,111287,98639,123935,-0.05
0862000,"Pueblo city, Colorado",19,2024,111156,ets,1389,1581,112179,112320,112445,112557,112657,2108,2717,111255,111179,111237,111192,111227,112179,110030,114379,112320,110169,114413,112445,110268,114624,112557,110412,114719,112657,110455,114781,1.35
4134100,"Hillsboro city, Oregon",19,2024,110340,ets,4813,5663,111975,112975,113949,114897,115819,5699,7051,111014,110618,110850,110714,110794,111975,106945,117124,112975,107943,117875,113949,108852,119048,114897,109875,119956,115819,110665,120791,4.97
4870808,"Sugar Land city, Texas",19,2024,109853,ets,14540,16693,114892,117179,119454,121718,123971,19787,22363,109908,109895,109898,109898,109898,114892,101741,128355,117179,104020,129990,119454,106127,132784,121718,108588,134946,123971,110495,136971,12.85
0665042,"San Buenaventura (Ventura) city, California",19,2024,109815,arima,1690,1853,110255,110304,110345,110380,110410,1485,2358,109827,109835,109840,109844,109846,109827,106425,113228,109835,104947,114723,109840,103778,115902,109844,102774,116914,109846,101879,117814,0.03
0619766,"Downey city, California",19,2024,109365,arima,3576,3948,109929,109931,109932,109934,109935,2915,3047,109562,109407,109529,109433,109509,109562,107252,111873,109407,105986,112828,109529,105375,113683,109433,104592,114275,109509,104112,114905,0.13
0616532,"Costa Mesa city, California",19,2024,109140,arima,5303,5553,111978,111994,112007,112018,112026,3035,3525,108914,109102,108946,109076,108968,108914,103904,113924,109102,102224,115980,108946,100466,117425,109076,99354,118797,108968,98070,119865,-0.16
0812815,"Centennial city, Colorado",19,2024,108860,arima,5960,6083,108813,109012,109201,109381,109551,3479,3589,108843,108841,108840,108840,108840,108843,105994,111692,108841,104828,112853,108840,103935,113746,108840,103181,114500,108840,102516,115164,-0.02
4822660,"Edinburg city, Texas",18,2024,108746,ets,7799,8012,110986,113301,115604,117896,120176,8600,10225,111061,113377,115692,118008,120323,110986,106537,115540,113301,107691,118561,115604,109151,121751,117896,110632,124892,120176,112124,127638,10.51
5367167,"Spokane Valley city, Washington",19,2024,108287,ets,5995,6562,111724,113552,115370,117180,118980,9863,9918,109406,110526,111645,112764,113883,111724,108253,115277,113552,109052,117841,115370,109319,121326,117180,108916,125073,118980,108277,129234,9.87
4105800,"Bend city, Oregon",19,2024,106925,arima,7430,8553,108838,110713,112549,114349,116112,7145,9149,109103,111273,113434,115588,117733,109103,107051,111155,111273,108329,114217,113434,109777,117091,115588,111306,119869,117733,112881,122585,10.11
0684200,"West Covina city, California",19,2024,106923,ets,764,927,106403,106394,106386,106380,106375,1897,1942,106848,106810,106790,106780,106775,106403,101744,111173,106394,101732,110933,106386,101665,111109,106380,101728,111067,106375,101601,110981,-0.51
0807850,"Boulder city, Colorado",19,2024,106802,arima,5755,6763,107247,107719,108163,108583,108979,2094,2543,106969,106926,106937,106934,106935,106969,104376,109562,106926,102947,110906,106937,102006,111868,106934,101195,112674,106935,100490,113380,0.12
1254200,"Palm Coast city, Florida",18,2024,106726,ets,7074,7601,103659,105650,107631,109603,111564,11970,12794,107842,108010,108035,108039,108040,103659,97868,109588,105650,99855,111292,107631,101763,113501,109603,103821,115428,111564,105630,117289,4.53
2621000,"Dearborn city, Michigan",19,2024,106383,arima,10338,11930,104201,104197,104193,104190,104188,8847,10249,106383,106383,106383,106383,106383,106383,94145,118621,106383,89076,123690,106383,85186,127580,106383,81907,130859,106383,79018,133748,0.0
5531000,"Green Bay city, Wisconsin",19,2024,106312,arima,1754,2416,106326,106358,106384,106405,106421,878,952,106349,106377,106397,106412,106422,106349,104637,108062,106377,103885,108869,106397,103274,109520,106412,102738,110085,106422,102253,110592,0.1
2941348,"Lee's Summit city, Missouri",19,2024,106296,ets,3882,4030,105275,106272,107264,108251,109233,6211,6768,106831,106370,106768,106425,106720,105275,100944,109709,106272,101978,110466,107264,102848,111590,108251,103786,112722,109233,104676,113628,2.76
4965330,"St. George city, Utah",18,2024,106289,arima,14905,15281,108251,110203,112146,114078,116001,13655,13708,108329,110368,112408,114448,116487,108329,103768,112890,110368,103853,116884,112408,104348,120468,114448,105050,123845,116487,105880,127094,9.59
2509000,"Brockton city, Massachusetts",19,2024,105785,ets,6456,7596,106396,107044,107690,108332,108970,6845,7906,105814,105816,105816,105816,105816,106396,102053,110842,107044,101509,112242,107690,101261,113775,108332,101080,115326,108970,100850,116549,3.01
5357745,"Renton city, Washington",14,2024,105551,arima,565,732,106350,106919,107451,107951,108419,518,607,105986,106373,106716,107021,107292,105986,104182,107791,106373,103775,108970,106716,103483,109949,107021,103232,110810,107292,102998,111586,1.65
1368516,"Sandy Springs city, Georgia",19,2024,105506,arima,6947,8081,107083,107495,107906,108314,108720,4117,5140,105432,105477,105449,105466,105456,105432,96828,114035,105477,93639,117315,105449,90923,119976,105466,88763,122169,105456,86782,124130,-0.05
0660466,"Rialto city, California",19,2024,104912,ets,873,958,104105,104179,104245,104306,104361,926,1055,104927,104914,104925,104915,104924,104105,98736,109602,104179,98806,109409,104245,98804,109688,104306,98945,109706,104361,98859,109669,-0.53
1823278,"Fishers city, Indiana",17,2024,104730,ets,5859,6748,106843,108676,110464,112208,113910,9580,9956,105933,107034,108041,108963,109806,106843,102533,111256,108676,104363,112875,110464,106096,114833,112208,107905,116544,113910,109493,118171,8.77
0622230,"El Monte city, California",19,2024,104621,arima,8333,9518,103159,102471,101921,101481,101129,7757,9148,104660,104659,104659,104659,104659,104660,99070,110250,104659,96588,112730,104659,94711,114607,104659,93135,116183,104659,91751,117567,0.04
0681554,"Vacaville city, California",19,2024,103992,ets,2611,3159,104388,105024,105638,106229,106800,4132,4364,104178,104274,104323,104349,104362,104388,100925,107934,105024,101559,108398,105638,102128,109149,106229,102771,109713,106800,103251,110224,2.7
4804462,"Atascocita CDP, Texas",15,2024,103937,ets,26387,28136,111499,114339,117166,119978,122777,29132,30251,102588,103088,102903,102971,102946,111499,95176,128209,114339,96091,132148,117166,96685,137109,119978,98064,141353,122777,99487,144715,18.13
1810342,"Carmel city, Indiana",16,2024,103858,ets,1587,1910,106656,108307,109918,111488,113019,4713,5233,105058,106178,107225,108202,109114,106656,103699,109683,108307,105348,111188,109918,106921,112915,111488,108536,114462,113019,109989,115942,8.82
0485540,"Yuma city, Arizona",19,2024,103561,arima,6130,6614,99923,99924,99925,99926,99927,4710,4847,103732,103804,103834,103847,103853,103732,99635,107829,103804,97877,109731,103834,96475,111194,103847,95275,112419,103853,94213,113492,0.28
0608954,"Burbank city, California",19,2024,103543,arima,2326,2527,104385,104392,104398,104402,104406,991,1190,103842,103639,103777,103684,103747,103842,101495,106189,103639,99824,107455,103777,99182,108372,103684,98270,109098,103747,97715,109778,0.2
2537490,"Lynn city, Massachusetts",19,2024,103510,ets,4768,5352,103956,104935,105909,106878,107842,4902,5643,104609,105708,106806,107905,109004,103956,101106,106874,104935,101616,108080,105909,102157,109574,106878,102805,110805,107842,103372,111965,4.19
2555745,"Quincy city, Massachusetts",19,2024,103430,ets,4922,5163,104245,105237,106224,107206,108182,5636,6595,104480,105530,106579,107629,108678,104245,100642,107934,105237,100727,109441,106224,101035,111167,107206,101410,112766,108182,101744,114120,4.59
0621712,"El Cajon city, California",19,2024,103287,arima,3717,3943,104611,104708,104792,104864,104927,2269,3025,103255,103268,103263,103265,103264,103255,98418,108093,103268,96617,109918,103263,95137,111389,103265,93913,112617,103264,92822,113706,-0.02
0523290,"Fayetteville city, Arkansas",19,2024,103124,ets,8363,9690,105295,107466,109626,111776,113914,9199,10091,105457,107782,110097,112403,114701,105295,100286,110423,107466,101585,113008,109626,102952,116103,111776,104599,118759,113914,105987,121255,10.46
5176432,"Suffolk city, Virginia",19,2024,103105,ets,6187,6358,105310,107504,109687,111859,114020,7028,7215,104496,105886,107277,108667,110058,105310,103435,107229,107504,104382,110503,109687,105224,114069,111859,105883,117620,114020,106562,120941,10.59
0668252,"San Mateo city, California",19,2024,103013,arima,6514,7367,102296,102537,102729,102883,103006,5600,6017,103327,103627,103912,104184,104444,103327,100293,106361,103627,99315,107938,103912,98607,109218,104184,98030,110338,104444,97533,111354,1.39
1871000,"South Bend city, Indiana",19,2024,102944,ets,1126,1388,102938,102945,102950,102955,102959,1635,2407,103488,103023,103421,103080,103372,102938,97644,108358,102945,97648,108102,102950,97586,108317,102955,97669,108280,102959,97534,108192,0.01
0613014,"Chico city, California",19,2024,102907,ets,7322,7638,104622,105815,106981,108120,109233,9536,9931,102429,102907,102429,102907,102430,104622,98734,110650,105815,99923,111551,106981,101014,112949,108120,102241,114043,109233,103200,115054,6.15
0636546,"Inglewood city, California",19,2024,102765,ets,4298,4784,103703,103217,102755,102315,101898,5632,6107,104710,103418,104276,103706,104085,103703,96018,111570,103217,95527,110703,102755,94967,110544,102315,94642,110045,101898,94023,109495,-0.84
4879000,"Wichita Falls city, Texas",19,2024,102373,arima,4118,4160,102094,101887,101722,101590,101484,3170,4436,103659,102503,103542,102608,103448,103659,99985,107334,102503,97108,107898,103542,97000,110085,102608,94978,110238,103448,94957,111939,1.05
1207300,"Boca Raton city, Florida",19,2024,102235,ets,4346,4617,102900,103793,104653,105481,106277,5460,6315,101806,102155,101870,102102,101914,102900,97862,108059,103793,98752,108702,104653,99547,109760,105481,100450,110549,106277,101114,111258,3.95
2419125,"Columbia CDP, Maryland",19,2024,101936,arima,7598,8239,104924,105070,105196,105306,105401,4027,4453,101904,101916,101911,101913,101912,101904,93780,110028,101916,90835,112996,101911,88387,115435,101913,86364,117462,101912,84560,119265,-0.02
0633434,"Hesperia city, California",19,2024,101844,ets,4713,5220,101421,102186,102947,103705,104458,5446,5816,101947,101872,101927,101887,101916,101421,96455,106505,102186,97217,107024,102947,97915,107981,103705,98746,108699,104458,99369,109367,2.57
0617918,"Daly City city, California",19,2024,101424,arima,6984,7834,101300,101323,101342,101357,101369,4624,5289,101531,101560,101567,101570,101570,101531,96655,106406,101560,94409,108710,101567,92652,110483,101570,91171,111968,101570,89872,113268,0.14
3601000,"Albany city, New York",19,2024,101314,arima,3318,4083,101415,101495,101559,101611,101652,2284,2629,101334,101338,101339,101339,101339,101334,99405,103262,101338,98281,104395,101339,97413,105264,101339,96695,105983,101339,96072,106606,0.02
2545000,"New Bedford city, Massachusetts",19,2024,101313,arima,4069,4260,100709,101231,101750,102267,102781,3980,4723,101249,101267,101262,101263,101263,101249,98162,104335,101267,96344,106190,101262,95149,107375,101263,94127,108400,101263,93240,109286,-0.05
7263820,"Ponce zona urbana, Puerto Rico",19,2024,101024,ets,5986,6518,98208,95945,93743,91598,89510,10171,10762,99848,98730,97666,96654,95692,98208,91327,105252,95945,89060,102648,93743,86770,100717,91598,84728,98519,89510,82460,96312,-11.4
1919000,"Davenport city, Iowa",19,2024,100948,arima,2523,2667,100672,100631,100598,100572,100551,1469,1592,100954,100958,100961,100963,100964,100954,99836,102072,100958,99326,102590,100961,98913,103009,100963,98554,103372,100964,98231,103698,0.02
0845970,"Longmont city, Colorado",19,2024,100764,ets,4110,4452,102121,103141,104155,105164,106168,6205,6338,100949,100995,101006,101009,101010,102121,98598,105728,103141,99615,106573,104155,100584,107726,105164,101646,108708,106168,102557,109651,5.36
1257425,"Plantation city, Florida",19,2024,100690,ets,1266,1536,98712,99510,100304,101094,101880,3401,3820,99957,100458,100115,100349,100189,98712,93911,103628,99510,94706,104187,100304,95439,105171,101094,96301,105923,101880,96961,106627,1.18
1217200,"Deltona city, Florida",19,2024,100515,arima,8196,8304,102027,103801,105566,107323,109070,6753,6824,100405,100431,100425,100426,100426,100405,98080,102730,100431,97258,103605,100425,96564,104286,100426,95988,104865,100426,95475,105377,-0.09
5323515,"Federal Way city, Washington",19,2024,100242,arima,2773,3089,100374,100896,101393,101866,102317,2701,2955,100301,100255,100291,100263,100285,100301,97582,103021,100255,96307,104203,100291,95480,105103,100263,94677,105849,100285,94051,106520,0.04
0680238,"Tracy city, California",19,2024,100136,arima,7945,8500,101652,103155,104639,106105,107552,7884,7947,100784,100329,100648,100424,100582,100784,97627,103941,100329,95518,105139,100648,94817,106480,100424,93606,107241,100582,92978,108185,0.45
1269700,"Sunrise city, Florida",19,2024,100131,ets,2467,2767,98505,99170,99832,100490,101146,3384,3461,100043,100120,100052,100112,100059,98505,95480,101601,99170,96144,102116,99832,96767,102897,100490,97471,103532,101146,98047,104135,1.01
1224125,"Fort Myers city, Florida",16,2024,99929,ets,8881,9249,102418,104895,107360,109812,112252,15242,15989,102527,105126,107724,110322,112920,102418,99193,105720,104895,100195,109334,107360,101650,112833,109812,103102,116094,112252,104730,119361,12.33
4864472,"San Angelo city, Texas",19,2024,99661,arima,5608,6057,100529,100626,100710,100780,100841,2244,2594,99895,99914,99916,99916,99916,99895,93751,106039,99914,90811,109017,99916,88576,111255,99916,86711,113121,99916,85078,114753,0.26
5539225,"Kenosha city, Wisconsin",19,2024,99574,arima,2074,2143,99837,99849,99858,99866,99872,745,902,99511,99560,99522,99552,99528,99511,97772,101250,99560,97148,101973,99522,96556,102487,99552,96142,102962,99528,95711,103345,-0.05
0682996,"Vista city, California",19,2024,99330,arima,5267,5988,100952,101117,101264,101396,101513,3213,3309,99480,99502,99505,99505,99505,99480,94846,104114,99502,92433,106570,99505,90587,108423,99505,89052,109958,99505,87715,111296,0.18
0836410,"Highlands Ranch CDP, Colorado",19,2024,99056,arima,10254,10430,104273,104310,104340,104363,104382,5853,7003,98899,99039,98915,99025,98927,98899,89837,107961,99039,86429,111648,98915,83405,114424,99025,81194,116855,98927,78952,118901,-0.13
4023200,"Edmond city, Oklahoma",19,2024,99036,ets,1954,2187,99797,100839,101866,102877,103873,5149,5169,99259,99385,99457,99498,99521,99797,95687,104005,100839,96727,104843,101866,97701,106032,102877,98773,107011,103873,99661,107936,4.88
1200410,"Alafaya CDP, Florida",14,2024,98873,ets,1473,1716,98977,100073,101117,102110,103055,5949,6157,98583,98794,98640,98752,98671,98977,89557,108621,100073,90647,109250,101117,91570,110665,102110,92704,111585,103055,93402,112367,4.23
4105350,"Beaverton city, Oregon",19,2024,98302,ets,2426,2988,99361,99599,99813,100005,100178,4997,5275,98609,98890,99147,99383,99599,99361,96160,102637,99599,96396,102717,99813,96569,103057,100005,96809,103224,100178,96898,103342,1.91
0652526,"Norwalk city, California",19,2024,98211,arima,5894,6404,97785,97360,96938,96518,96100,5719,6228,98202,98199,98198,98198,98198,98202,94351,102052,98199,92647,103751,98198,91328,105068,98198,90217,106179,98198,89240,107155,-0.01
5168000,"Roanoke city, Virginia",19,2024,97912,arima,4679,4751,97200,97006,96835,96683,96548,3532,3616,97932,97950,97964,97976,97987,97932,96593,99272,97950,96018,99882,97964,95557,100371,97976,95154,100799,97987,94788,101185,0.08
5380010,"Yakima city, Washington",19,2024,97378,arima,3063,4478,97669,97970,98244,98493,98719,2214,2559,97367,97375,97369,97373,97370,97367,94618,100115,97375,93343,101407,97369,92457,102281,97373,91664,103082,97370,90996,103744,-0.01
2038900,"Lawrence city, Kansas",19,2024,97265,arima,2468,3425,97352,97571,97769,97948,98111,2295,3428,97501,97507,97507,97507,97507,97501,94307,100694,97507,92440,102574,97507,91080,103934,97507,89961,105053,97507,88988,106026,0.25
3473110,"Toms River CDP, New Jersey",19,2024,96868,arima,5289,5695,94576,94939,95236,95477,95674,4457,4987,96974,97080,97185,97291,97396,96974,88338,105609,97080,84860,109299,97185,82211,112159,97291,79991,114591,97396,78043,116749,0.55
4957300,"Orem city, Utah",19,2024,96642,arima,3855,3932,98231,98562,98875,99172,99454,2553,3096,96659,96650,96654,96652,96653,96659,93077,100240,96650,91531,101768,96654,90387,102922,96652,89405,103899,96653,88550,104757,0.01
0404720,"Avondale city, Arizona",19,2024,96626,ets,4477,5042,95132,96225,97271,98275,99236,9738,9904,96355,96586,96390,96556,96415,95132,87318,103132,96225,88405,103837,97271,89352,105193,98275,90472,106135,99236,91228,106961,2.7
0668196,"San Marcos city, California",19,2024,96615,arima,7409,8322,96939,97568,98160,98718,99244,3911,5191,96637,96634,96634,96634,96634,96637,93403,99871,96634,92041,101227,96634,91003,102265,96634,90129,103140,96634,89358,103910,0.02
5164000,"Portsmouth city, Virginia",19,2024,96482,arima,3078,3418,95581,95541,95505,95475,95448,1795,1813,96451,96448,96448,96448,96448,96451,94280,98621,96448,93217,99678,96448,92417,100479,96448,91750,101146,96448,91166,101729,-0.04
4872176,"Temple city, Texas",14,2024,96268,arima,13870,13890,99772,103258,106727,110178,113612,13566,13575,98523,100778,103034,105289,107544,98523,95613,101434,100778,96606,104951,103034,97856,108212,105289,99233,111345,107544,100687,114401,11.71
0646898,"Merced city, California",19,2024,96082,ets,5166,6324,96812,98203,99588,100966,102337,7215,8285,95992,96052,96012,96039,96021,96812,92091,101645,98203,92558,103481,99588,93220,105738,100966,94015,107720,102337,94628,109394,6.51
4263624,"Reading city, Pennsylvania",19,2024,96008,ets,3862,4087,95844,96625,97399,98167,98930,4856,5775,96033,96013,96030,96016,96027,95844,91640,100148,96625,92418,100720,97399,93138,101661,98167,93970,102396,98930,94622,103086,3.04
5305280,"Bellingham city, Washington",19,2024,95880,ets,3197,3679,97236,98397,99546,100685,101814,6583,6719,96048,96122,96155,96170,96177,97236,94368,100173,98397,95526,101191,99546,96639,102454,100685,97821,103571,101814,98874,104649,6.19
4548535,"Mount Pleasant town, South Carolina",16,2024,95606,arima,4129,4360,96137,96544,96932,97301,97652,2078,2708,97497,99387,101278,103169,105060,97497,95575,99418,99387,96633,102142,101278,97860,104696,103169,99171,107167,105060,100533,109586,9.89
2954074,"O'Fallon city, Missouri",19,2024,95363,ets,1828,2017,96358,97319,98240,99124,99972,2314,2387,96411,97421,98395,99333,100238,96358,93757,99020,97319,94098,100327,98240,94561,101780,99124,95029,103038,99972,95450,104153,4.83
3728080,"Greenville city, North Carolina",19,2024,95144,arima,5884,7132,92774,92869,92947,93009,93059,2567,2641,97255,99365,101476,103587,105698,97255,90337,104173,99365,89473,109258,101476,89229,113724,103587,89294,117880,105698,89551,121845,11.09
3702140,"Asheville city, North Carolina",19,2024,94983,ets,1974,2175,96920,97713,98481,99224,99944,4274,4423,94873,94903,94895,94897,94896,96920,93000,100933,97713,93790,101531,98481,94508,102454,99224,95310,103167,99944,95927,103820,5.22
2523000,"Fall River city, Massachusetts",19,2024,94687,arima,4872,5151,94581,95036,95406,95707,95952,3540,4014,94566,94535,94527,94525,94525,94566,92364,96767,94535,91591,97478,94527,91029,98026,94525,90556,98494,94525,90137,98912,-0.17
0636448,"Indio city, California",19,2024,94283,ets,3038,3334,94276,94732,95140,95505,95832,4822,5557,93934,94236,93975,94201,94005,94276,89207,99466,94732,89660,99670,95140,90003,100278,95505,90444,100604,95832,90638,100843,1.64
0645484,"Manteca city, California",16,2024,94283,ets,3090,3336,96579,99536,102478,105406,108319,3866,3926,96183,98083,99982,101882,103782,96579,94829,98370,99536,96849,102074,102478,98506,106377,105406,99622,110887,108319,100803,115479,14.89
0613210,"Chino city, California",19,2024,94006,arima,6227,7251,94093,94162,94217,94261,94297,5770,6571,94115,94176,94209,94228,94239,94115,90962,97268,94176,89453,98898,94209,88199,100219,94228,87102,101355,94239,86118,102359,0.25
0955990,"Norwalk city, Connecticut",19,2024,93666,ets,1490,1769,93348,93872,94383,94881,95367,2632,2938,93605,93642,93619,93633,93625,93348,89492,97296,93872,90013,97629,94383,90475,98291,94881,91030,98759,95367,91415,99179,1.82
0659920,"Redding city, California",19,2024,93509,ets,577,727,93537,93737,93935,94130,94323,1154,1285,93695,93879,94063,94245,94427,93537,91520,95602,93737,91719,95702,93935,91891,95980,94130,92116,96159,94323,92256,96317,0.87
2649000,"Livonia city, Michigan",19,2024,93118,ets,942,1099,92917,92831,92756,92690,92633,1615,2194,92461,91815,91182,90559,89948,92917,88558,97381,92831,88469,97079,92756,88338,97175,92690,88337,97076,92633,88165,96943,-0.52
0135896,"Hoover city, Alabama",19,2024,93002,ets,3240,3500,93675,94568,95443,96299,97138,5422,6260,93656,93027,93632,93051,93609,93675,90146,97288,94568,91037,98006,95443,91867,99020,96299,92776,99849,97138,93522,100627,4.45
4224000,"Erie city, Pennsylvania",19,2024,92936,arima,6550,6697,92373,91959,91613,91324,91082,4358,4419,93035,93006,93015,93012,93013,93035,90589,95482,93006,89045,96967,93015,88094,97935,93012,87261,98763,93013,86545,99481,0.08
0633182,"Hemet city, California",19,2024,92908,ets,1199,1657,93508,94589,95665,96735,97800,5640,5978,92920,92915,92917,92916,92916,93508,88798,98331,94589,89876,99178,95665,90891,100440,96735,92032,101473,97800,92973,102457,5.27
4967440,"Sandy city, Utah",19,2024,92832,ets,3248,3848,94453,94604,94754,94904,95053,4729,5275,92533,92797,92563,92770,92587,94453,89229,99801,94604,89377,99693,94754,89460,100049,94904,89688,100158,95053,89700,100217,2.39
1367284,"Roswell city, Georgia",19,2024,92229,arima,2913,3804,92644,92587,92538,92495,92459,1368,1527,92229,92228,92228,92228,92227,92229,79342,105115,92228,74004,110453,92228,69908,114548,92228,66455,118001,92227,63412,121043,-0.0
1779293,"Waukegan city, Illinois",19,2024,92114,arima,4307,5181,88411,88416,88419,88422,88424,4264,5409,92251,92194,92218,92208,92212,92251,87604,96898,92194,85429,98960,92218,83919,100516,92208,82596,101821,92212,81453,102971,0.11
1712385,"Champaign city, Illinois",19,2024,91951,ets,783,969,89788,89930,90049,90151,90236,2577,2777,92457,92780,92986,93118,93202,89788,87308,92327,89930,87448,92346,90049,87536,92564,90151,87674,92645,90236,87694,92688,-1.87
3350260,"Nashua city, New Hampshire",19,2024,91850,ets,2135,2198,90933,91188,91442,91694,91945,2487,2597,91906,91874,91892,91882,91888,90933,88239,93691,91188,88492,93813,91442,88711,94172,91694,89004,94404,91945,89184,94608,0.1
0648256,"Mission Viejo city, California",19,2024,91598,arima,5423,5759,90562,90195,89901,89666,89478,3585,3872,91860,91774,91802,91793,91796,91860,89992,93729,91774,88906,94642,91802,88263,95342,91793,87674,95912,91796,87174,96418,0.22
4810912,"Bryan city, Texas",19,2024,91544,ets,1693,1940,90347,90895,91396,91853,92271,5159,5221,92035,92114,92127,92129,92130,90347,87492,93271,90895,88038,93677,91396,88502,94290,91853,89002,94725,92271,89344,95094,0.79
2432025,"Germantown CDP, Maryland",14,2024,91497,ets,2154,2259,91525,91900,92274,92645,93015,8632,8841,91884,92270,92657,93043,93430,91525,81772,101510,91900,82141,101401,92274,82389,102160,92645,82907,102455,93015,83020,102657,1.66
0611530,"Carson city, California",19,2024,91370,arima,1159,1265,91969,91893,91817,91742,91667,914,1098,91341,91355,91348,91352,91350,91341,86643,96039,91355,84945,97766,91348,83498,99198,91352,82330,100374,91350,81273,101427,-0.02
3474000,"Trenton city, New Jersey",19,2024,91204,ets,4169,4363,89809,90303,90794,91283,91769,4233,5013,90973,91124,91025,91089,91047,89809,85932,93779,90303,86423,94080,90794,86865,94725,91283,87412,95183,91769,87796,95603,0.62
0615044,"Compton city, California",19,2024,91122,ets,4090,4573,91320,90947,90577,90208,89841,4476,4826,91116,91114,91113,91112,91112,91320,86963,95781,90947,86241,95450,90577,85436,95519,90208,84991,95551,89841,84401,95218,-1.41
0673080,"South Gate city, California",19,2024,90809,ets,2690,3066,91392,91198,91019,90856,90706,2918,3507,89224,90809,89224,90809,89224,91392,85891,97023,91198,85693,96556,91019,85445,96595,90856,85363,96389,90706,85069,96144,-0.11
0670000,"Santa Monica city, California",19,2024,90740,arima,3944,4189,90578,90605,90626,90644,90657,1880,2027,90679,90720,90693,90711,90699,90679,89484,91875,90720,88801,92639,90693,88377,93008,90711,87987,93435,90699,87663,93735,-0.05
2545560,"Newton city, Massachusetts",19,2024,90695,arima,1269,1656,88213,88209,88206,88204,88202,966,1168,90956,91041,91068,91077,91080,90956,85219,96692,91041,82493,99588,91068,80311,101825,91077,78459,103695,91080,76833,105327,0.42
3570500,"Santa Fe city, New Mexico",19,2024,90553,ets,6630,8685,92134,93432,94723,96007,97286,7568,8939,90478,90486,90485,90485,90485,92134,85233,99199,93432,85833,100635,94723,86430,102693,96007,87481,104654,97286,88354,106012,7.44
0524550,"Fort Smith city, Arkansas",19,2024,90517,arima,1466,1527,90812,91095,91365,91624,91871,1110,1340,90679,90822,90947,91058,91154,90679,89824,91535,90822,89577,92068,90947,89382,92513,91058,89208,92907,91154,89042,93266,0.7
1216725,"Deerfield Beach city, Florida",19,2024,90487,ets,5078,5533,89846,91283,92712,94134,95550,5766,6326,90977,90927,90932,90932,90932,89846,83701,96138,91283,84207,98051,92712,83806,101341,94134,83006,104915,95550,81487,108903,5.6
0602553,"Arden-Arcade CDP, California",19,2024,90375,arima,17267,19161,90913,90962,91005,91044,91079,10915,11737,90423,90423,90423,90423,90423,90423,81709,99137,90423,78454,102391,90423,75910,104935,90423,73750,107096,90423,71839,109007,0.05
3413690,"Clifton city, New Jersey",19,2024,90315,ets,3002,3694,89125,89327,89508,89669,89814,3249,3900,90215,90304,90224,90296,90232,89125,84335,94030,89327,84534,93994,89508,84653,94364,89669,84886,94488,89814,84905,94550,-0.55
4041850,"Lawton city, Oklahoma",19,2024,90039,arima,8263,8360,89783,89413,89112,88866,88666,3736,3859,90022,90020,90020,90020,90020,90022,85163,94880,90020,82593,97447,90020,80661,99378,90020,79061,100978,90020,77667,102373,-0.02
0566080,"Springdale city, Arkansas",17,2024,89641,ets,2165,2944,90188,91220,92217,93178,94106,4008,4443,91030,92408,93777,95136,96485,90188,87289,93155,91220,88320,94044,92217,89279,95155,93178,90284,96094,94106,91136,96972,4.98
0684550,"Westminster city, California",19,2024,89547,ets,914,1094,89373,89338,89310,89287,89269,1428,1703,89558,89564,89568,89571,89572,89373,85245,93599,89338,83861,94533,89310,82903,95505,89287,81809,96347,89269,80868,97027,-0.31
2430325,"Frederick city, Maryland",14,2024,89545,ets,11690,11774,93258,96973,100668,104345,108004,11708,11806,91374,93202,95031,96860,98688,93258,89576,97028,96973,90917,102777,100668,91434,109656,104345,91331,116814,108004,91008,123893,20.61
2534550,"Lawrence city, Massachusetts",19,2024,89323,ets,4734,5387,89938,91302,92659,94010,95354,6369,6983,89114,89114,89114,89114,89114,89938,82769,97276,91302,83298,99079,92659,82819,102230,94010,81980,105621,95354,80291,109468,6.75
2680700,"Troy city, Michigan",19,2024,89205,arima,3743,3836,89312,90192,91068,91939,92806,3012,3308,89089,89165,89115,89148,89126,89089,86977,91201,89165,86305,92025,89115,85596,92633,89148,85115,93180,89126,84615,93637,-0.09
0918430,"Danbury city, Connecticut",19,2024,88683,ets,571,806,87616,87846,88056,88248,88423,1787,2140,89162,88856,89052,88926,89007,87616,85346,89941,87846,85574,90058,88056,85755,90358,88248,85981,90532,88423,86097,90668,-0.29
4955980,"Ogden city, Utah",19,2024,88661,arima,1288,1469,88378,88610,88829,89037,89234,1127,1301,88858,88712,88820,88740,88799,88858,86156,91559,88712,84736,92688,88820,83981,93658,88740,83111,94369,88799,82518,95080,0.16
4848768,"Mission city, Texas",17,2024,88570,ets,2050,2685,88444,88827,89172,89483,89765,3537,3632,89425,90265,91090,91902,92700,88444,84399,92586,88827,84779,92768,89172,85072,93273,89483,85444,93553,89765,85619,93764,1.35
2706616,"Bloomington city, Minnesota",19,2024,88339,ets,1958,2606,88010,88157,88290,88413,88525,2454,2835,88557,88761,88951,89128,89294,88010,86124,89941,88157,86269,89994,88290,86379,90202,88413,86530,90310,88525,86592,90389,0.21
0624638,"Folsom city, California",19,2024,88096,ets,4851,5112,85332,86193,87050,87903,88751,6135,6277,88662,88893,88987,89025,89041,85332,80120,90668,86193,80978,91271,87050,81768,92334,87903,82699,93145,88751,83410,93904,0.74
2717000,"Duluth city, Minnesota",19,2024,87990,arima,1273,1574,86781,86793,86803,86811,86818,924,1200,87797,87830,87825,87826,87825,87797,86596,88999,87830,85741,89920,87825,85178,90471,87826,84713,90938,87825,84310,91341,-0.19
1243975,"Melbourne city, Florida",19,2024,87572,ets,4009,4030,88936,89989,91037,92080,93117,4977,4984,87537,87522,87515,87512,87511,88936,85299,92658,89989,85643,94052,91037,85582,96408,92080,85084,98859,93117,84298,101524,6.33
1973335,"Sioux City city, Iowa",19,2024,87526,ets,2108,2645,84846,84993,85139,85284,85428,2331,2708,87667,87731,87759,87772,87778,84846,81671,88097,84993,81816,88086,85139,81921,88358,85284,82113,88478,85428,82174,88567,-2.4
0649670,"Mountain View city, California",19,2024,87322,arima,2511,3062,85125,85643,86141,86619,87078,2430,3106,87843,87440,87752,87510,87697,87843,84602,91083,87440,82648,92231,87752,81931,93573,87510,80729,94291,87697,80136,95258,0.43
0669070,"Santa Barbara city, California",19,2024,87291,arima,5210,5941,86731,86301,85956,85680,85460,3146,3686,87063,87215,87113,87181,87136,87063,84363,89762,87215,83655,90775,87113,82721,91506,87181,82173,92189,87136,81531,92741,-0.18
0639496,"Lake Forest city, California",19,2024,87164,ets,2080,2363,88319,88948,89558,90148,90719,3996,4538,87678,88164,88623,89057,89468,88319,84092,92647,88948,84719,93066,89558,85274,93843,90148,85927,94400,90719,86388,94898,4.08
0613588,"Citrus Heights city, California",19,2024,86910,arima,1479,1571,86936,86958,86974,86988,86999,1372,1550,86947,86961,86966,86968,86968,86947,85071,88823,86961,84211,89710,86966,83530,90402,86968,82952,90983,86968,82443,91494,0.07
5335275,"Kennewick city, Washington",15,2024,86721,ets,1911,2166,87250,87900,88515,89097,89647,3383,3393,87134,87247,87277,87285,87288,87250,84836,89723,87900,85484,90253,88515,86068,90963,89097,86686,91526,89647,87173,92034,3.37
0668084,"San Leandro city, California",19,2024,86568,arima,3061,3686,88344,88352,88358,88363,88367,2634,2951,86697,86722,86727,86728,86728,86697,80683,92711,86722,77465,95978,86727,74978,98475,86728,72910,100545,86728,71109,102347,0.18
4806128,"Baytown city, Texas",19,2024,86395,ets,5067,6169,84647,85444,86237,87026,87811,5424,6259,87156,86650,86986,86763,86911,84647,77344,92124,85444,78136,92559,86237,78836,93640,87026,79734,94372,87811,80327,95030,1.64
5303180,"Auburn city, Washington",14,2024,86372,ets,839,959,88047,89109,90149,91166,92163,4621,4646,87563,86373,87562,86374,87561,88047,84871,91298,89109,85931,92202,90149,86930,93367,91166,87996,94360,92163,88909,95302,6.7
4147000,"Medford city, Oregon",19,2024,86313,ets,2945,3273,87041,87714,88384,89050,89713,4530,4630,86992,87670,88348,89027,89705,87041,84789,89346,87714,85200,90156,88384,85577,91119,89050,86038,91985,89713,86529,92727,3.94
1272145,"Town 'n' Country CDP, Florida",19,2024,86253,ets,5339,7132,88582,88962,89316,89645,89952,6352,7420,84844,85244,85130,85162,85153,88582,79883,97489,88962,80257,97437,89316,80499,98134,89645,80959,98396,89952,81037,98552,4.29
0668378,"San Ramon city, California",14,2024,85932,ets,8690,8706,87059,87999,88934,89864,90790,9135,9160,86915,87898,88880,89863,90845,87059,81498,92753,87999,81370,94201,88934,81459,96169,89864,81700,97788,90790,81774,99088,5.65
1380508,"Warner Robins city, Georgia",14,2024,85856,ets,5222,5591,86958,88282,89599,90909,92213,7725,7883,87308,88760,90211,91663,93114,86958,84378,89600,88282,85109,91244,89599,85976,93055,90909,86911,94755,92213,87802,96289,7.4
0685292,"Whittier city, California",19,2024,85594,ets,1591,1727,85699,85699,85700,85700,85700,1768,1992,86138,85951,86015,85993,86001,85699,77988,93594,85699,77983,93212,85700,77885,93517,85700,78000,93457,85700,77798,93324,0.12
3725580,"Gastonia city, North Carolina",19,2024,85528,ets,4576,4843,86098,87610,89115,90612,92102,5379,5658,86231,86934,87637,88340,89043,86098,81911,90385,87610,82527,92330,89115,82729,95398,90612,82315,98643,92102,81650,102049,7.69
3650617,"New Rochelle city, New York",19,2024,85509,arima,2578,3130,84023,84473,84906,85322,85723,2358,3225,85602,85525,85588,85537,85579,85602,81838,89365,85525,80109,90941,85588,78980,92197,85537,77875,93198,85579,77026,94132,0.08
0641992,"Livermore city, California",19,2024,84849,arima,5540,6053,87680,87808,87925,88032,88129,4487,4863,84481,84559,84543,84546,84545,84481,81765,87197,84559,81054,88065,84543,80338,88747,84546,79753,89339,84545,79227,89863,-0.36
4419180,"Cranston city, Rhode Island",19,2024,84445,ets,1191,1551,83140,83316,83487,83652,83813,1942,2276,84298,84410,84325,84390,84340,83140,78573,87816,83316,78746,87765,83487,78858,88116,83652,79092,88246,83813,79133,88328,-0.75
4943660,"Layton city, Utah",16,2024,84336,ets,2860,3933,86302,87640,88970,90292,91606,6686,6814,85277,86170,87017,87821,88584,86302,84337,88314,87640,85673,89554,88970,86978,90962,90292,88330,92269,91606,89593,93549,8.62
2627440,"Farmington Hills city, Michigan",19,2024,84160,arima,1535,1803,82309,82394,82479,82563,82647,1394,1673,84390,84383,84384,84384,84384,84390,82829,85951,84383,82015,86752,84384,81424,87344,84384,80932,87835,84384,80502,88265,0.27
0632548,"Hawthorne city, California",19,2024,83629,ets,1259,1393,85231,85212,85197,85185,85176,2672,2949,83584,83612,83594,83605,83598,85231,79375,91226,85212,79352,90917,85197,79263,91134,85185,79338,91076,85176,79175,90965,1.85
4474300,"Warwick city, Rhode Island",19,2024,83554,arima,1989,2372,82030,82024,82020,82017,82014,1596,1705,83497,83495,83495,83495,83495,83497,82112,84883,83495,81632,85358,83495,81257,85733,83495,80937,86054,83495,80652,86338,-0.07
1245025,"Miami Beach city, Florida",19,2024,83264,arima,12638,14158,83166,83188,83206,83221,83232,7986,9397,83207,83184,83175,83171,83170,83207,79065,87350,83184,77389,88980,83175,76123,90227,83171,75062,91281,83170,74129,92211,-0.11
1207875,"Boynton Beach city, Florida",19,2024,83095,ets,1873,2290,83895,84842,85766,86670,87552,5002,5326,83919,84704,85453,86168,86849,83895,81206,86649,84842,82150,87462,85766,83041,88493,86670,83984,89375,87552,84796,90211,5.36
0656700,"Perris city, California",14,2024,83040,ets,2903,2956,83959,84856,85732,86587,87422,3151,3210,83970,84879,85768,86637,87487,83959,82829,85116,84856,83209,86411,85732,83731,87650,86587,84236,88788,87422,84786,89913,5.28
0660102,"Redwood City city, California",19,2024,82974,arima,6284,6594,82995,83013,83028,83039,83049,4007,4137,82868,82826,82810,82803,82800,82868,78550,87187,82826,76928,88725,82810,75739,89880,82803,74752,90854,82800,73884,91716,-0.21
0651182,"Newport Beach city, California",19,2024,82956,arima,3269,3311,83638,83443,83287,83162,83062,2560,2618,83052,82976,83036,82989,83026,83052,79798,86307,82976,78267,87685,83036,77294,88779,82989,76326,89651,83026,75589,90464,0.08
4843888,"Longview city, Texas",19,2024,82941,arima,1798,2286,83315,83386,83448,83503,83551,1141,1286,82887,82917,82900,82910,82904,82887,80269,85504,82917,79143,86691,82900,78282,87518,82910,77564,88256,82904,76926,88883,-0.04
2707966,"Brooklyn Park city, Minnesota",19,2024,82887,ets,1213,1425,83649,83954,84234,84492,84731,2711,3033,83034,83033,83033,83033,83033,83649,81168,86189,83954,81471,86370,84234,81720,86749,84492,82015,86988,84731,82188,87183,2.22
2686000,"Westland city, Michigan",19,2024,82745,arima,3260,3455,82235,82205,82180,82158,82139,1521,1891,83325,82858,83234,82931,83175,83325,78385,88265,82858,75293,90423,83234,74114,92354,82931,72226,93636,83175,71276,95074,0.52
1236100,"Kendall CDP, Florida",19,2024,82704,arima,5288,5843,76972,76956,76942,76932,76924,3713,4196,81295,81698,81583,81616,81606,81295,74743,87848,81698,73033,90362,81583,71088,92078,81616,69600,93631,81606,68234,94979,-1.33
0608786,"Buena Park city, California",19,2024,82597,arima,874,979,82841,82847,82851,82855,82858,711,820,82629,82643,82649,82652,82653,82629,79242,86017,82643,77669,87618,82649,76417,88882,82652,75351,89953,82653,74412,90894,0.07
0535710,"Jonesboro city, Arkansas",15,2024,82386,ets,510,527,83166,84136,85090,86027,86947,595,733,83425,84451,85462,86459,87442,83166,82673,83670,84136,83643,84617,85090,84591,85590,86027,85535,86523,86947,86442,87434,5.54
1239425,"Largo city, Florida",19,2024,82343,arima,3996,4506,82723,82971,83203,83421,83624,3247,3944,82474,82389,82444,82408,82431,82474,80092,84855,82389,78875,85904,82444,78158,86730,82408,77427,87390,82431,76865,87998,0.11
2562535,"Somerville city, Massachusetts",19,2024,82144,arima,4134,4320,81775,81896,82001,82094,82174,1461,1736,81891,81984,81950,81963,81958,81891,78755,85027,81984,77883,86086,81950,76969,86930,81963,76269,87656,81958,75621,88295,-0.23
1714351,"Cicero town, Illinois",19,2024,82093,arima,1859,2114,82072,81990,81908,81827,81746,1641,1964,82043,82076,82054,82069,82059,82043,77552,86534,82076,75951,88201,82054,74524,89584,82069,73427,90710,82059,72393,91725,-0.04
2481175,"Waldorf CDP, Maryland",14,2024,81672,ets,5734,6531,83992,85004,86011,87013,88010,7929,9705,81636,81632,81632,81632,81632,83992,78901,89205,85004,79909,89964,86011,80851,91172,87013,81929,92134,88010,82792,93043,7.76
1342425,"Johns Creek city, Georgia",14,2024,81176,arima,4915,4956,80611,80283,80021,79812,79644,3555,3560,81115,81075,81049,81032,81022,81115,79517,82713,81075,78743,83406,81049,78126,83972,81032,77597,84467,81022,77129,84914,-0.19
2241155,"Lake Charles city, Louisiana",19,2024,81166,ets,805,1096,81800,82460,83117,83771,84421,3375,3498,81269,81247,81252,81251,81251,81800,79784,83864,82460,80443,84424,83117,81074,85160,83771,81758,85798,84421,82356,86414,4.01
4857200,"Pharr city, Texas",16,2024,81145,ets,2403,2626,81949,82341,82700,83028,83327,2542,2989,81470,81757,82009,82232,82429,81949,80046,83897,82341,80437,84195,82700,80772,84629,83028,81128,84942,83327,81377,85208,2.69
0846465,"Loveland city, Colorado",16,2024,81103,arima,6455,6925,81779,82521,83237,83926,84591,3914,4163,82031,82949,83860,84762,85656,82031,80384,83677,82949,80594,85305,83860,80943,86776,84762,81358,88166,85656,81809,89502,5.61
4848804,"Missouri City city, Texas",19,2024,80865,arima,2995,3586,76342,76577,76794,76994,77179,2959,3959,81270,81559,81764,81911,82015,81270,75993,86547,81559,73882,89235,81764,72151,91378,81911,70612,93210,82015,69200,94830,1.42
5147672,"Lynchburg city, Virginia",19,2024,80301,arima,2958,3263,80172,80232,80279,80318,80348,2143,2298,80437,80511,80550,80572,80584,80437,78568,82306,80511,77618,83403,80550,76799,84302,80572,76070,85074,80584,75413,85754,0.35
0600884,"Alhambra city, California",19,2024,80289,arima,4022,4431,80208,80193,80178,80163,80149,3579,4077,80289,80289,80289,80289,80289,80289,76339,84238,80289,74704,85874,80289,73448,87130,80289,72390,88188,80289,71458,89120,0.0
4206088,"Bethlehem city, Pennsylvania",19,2024,79959,ets,2042,2465,77883,77972,78050,78119,78179,2455,2955,80137,80101,80108,80107,80107,77883,75230,80599,77972,75318,80556,78050,75362,80739,78119,75470,80787,78179,75461,80801,-2.23
4652980,"Rapid City city, South Dakota",16,2024,79894,ets,3144,3340,80391,81010,81598,82157,82688,3939,4063,79994,80025,80034,80037,80038,80391,78312,82520,81010,78929,83035,81598,79491,83705,82157,80081,84248,82688,80557,84743,3.5
0647766,"Milpitas city, California",17,2024,79748,arima,8986,10041,80336,80900,81443,81965,82467,5176,6351,79802,79808,79808,79808,79808,79802,75516,84089,79808,73676,85939,79808,72265,87351,79808,71078,88538,79808,70035,89582,0.08
2629000,"Flint city, Michigan",19,2024,79727,ets,9609,10772,77784,76117,74459,72809,71168,10138,12136,79741,79736,79737,79737,79737,77784,69943,85811,76117,67474,84301,74459,65036,83524,72809,63101,82640,71168,61001,81122,-10.74
0681344,"Upland city, California",19,2024,79685,arima,2464,2676,79961,80236,80510,80782,81053,1979,2073,79822,79824,79824,79824,79824,79822,78476,81169,79824,77782,81866,79824,77268,82379,79824,76842,82806,79824,76469,83178,0.17
4826232,"Flower Mound town, Texas",18,2024,79435,arima,7750,8240,80560,81314,82063,82809,83551,6143,7263,79427,79427,79427,79427,79427,79427,75256,83599,79427,73624,85230,79427,72363,86491,79427,71295,87558,79427,70352,88501,-0.01
3961000,"Parma city, Ohio",19,2024,79354,arima,1531,1709,78653,78564,78482,78406,78337,743,1066,79384,79388,79388,79388,79388,79384,76076,82692,79388,74522,84254,79388,73335,85442,79388,72343,86434,79388,71475,87302,0.04
1706613,"Bloomington city, Illinois",19,2024,79239,arima,2785,2971,79757,80172,80504,80769,80982,1067,1182,79430,79534,79590,79620,79637,79430,78266,80594,79534,77619,81449,79590,77020,82160,79620,76472,82768,79637,75973,83300,0.5
0680854,"Tustin city, California",19,2024,78864,arima,6316,6384,80078,80143,80198,80245,80285,1722,2016,78580,78617,78612,78613,78612,78580,68846,88314,78617,66569,90664,78612,64454,92770,78613,62640,94585,78612,61010,96215,-0.32
0600562,"Alameda city, California",19,2024,78807,arima,2220,2790,78062,78164,78258,78344,78424,1882,2294,78338,78552,78454,78499,78478,78338,75737,80938,78552,75100,82004,78454,74238,82671,78499,73670,83327,78478,73094,83863,-0.42
2688940,"Wyoming city, Michigan",19,2024,78557,ets,957,1045,77577,77845,78112,78378,78642,1526,1651,78744,78719,78723,78722,78722,77577,74854,80365,77845,75121,80498,78112,75353,80872,78378,75659,81116,78642,75852,81334,0.11
2751730,"Plymouth city, Minnesota",19,2024,78545,arima,3112,3273,78781,78999,79200,79386,79558,2942,3365,78791,79022,79236,79437,79624,78791,76953,80630,79022,76395,81648,79236,75989,82484,79437,75653,83221,79624,75356,83891,1.37
0639892,"Lakewood city, California",19,2024,78488,ets,1944,2420,78804,78714,78636,78568,78509,2352,2459,78488,78488,78488,78488,78488,78804,74368,83347,78714,74274,83036,78636,74139,83133,78568,74138,83031,78509,73962,82895,0.03
2669035,"Rochester Hills city, Michigan",19,2024,78328,arima,2579,2713,77672,78266,78857,79445,80030,2252,2390,78573,78404,78521,78440,78496,78573,76796,80350,78404,75703,81105,78521,75243,81799,78440,74611,82270,78496,74223,82768,0.21
1768003,"Schaumburg village, Illinois",19,2024,78223,ets,2506,2822,76098,76233,76367,76500,76633,2947,3334,78643,78319,78569,78376,78525,76098,71800,80498,76233,71932,80420,76367,72011,80724,76500,72209,80824,76633,72229,80882,-2.03
3050200,"Missoula city, Montana",17,2024,78213,ets,2509,3167,78889,79691,80489,81282,82072,4507,4555,78216,78220,78223,78226,78229,78889,76452,81385,79691,77252,82066,80489,78018,82960,81282,78848,83734,82072,79574,84482,4.93
5566000,"Racine city, Wisconsin",19,2024,78063,arima,1654,1781,77300,77303,77306,77308,77310,807,1007,78061,78058,78056,78054,78051,78061,75671,80450,78058,74679,81437,78056,73918,82194,78054,73275,82832,78051,72709,83394,-0.02
2472450,"Silver Spring CDP, Maryland",19,2024,77793,ets,5523,7407,81683,81873,82052,82220,82377,6222,7871,78012,77991,77993,77993,77993,81683,76366,87126,81873,76553,87052,82052,76664,87441,82220,76911,87567,82377,76929,87633,5.89
1805860,"Bloomington city, Indiana",19,2024,77725,arima,8770,10348,77815,77880,77931,77973,78005,7318,8054,78099,78294,78395,78448,78476,78099,71983,84215,78294,68832,87755,78395,66137,90654,78448,63759,93138,78476,61628,95324,0.97
2426000,"Ellicott City CDP, Maryland",16,2024,77698,ets,1719,1908,76494,76928,77343,77739,78117,5368,5542,77677,77691,77681,77688,77684,76494,72997,80075,76928,73428,80336,77343,73798,80888,77739,74247,81257,78117,74533,81575,0.54
0423620,"Flagstaff city, Arizona",14,2024,77549,ets,90,94,78899,79751,80587,81410,82219,866,992,78400,79247,80090,80928,81763,78899,77622,80207,79751,78473,80995,80587,79293,81882,81410,80135,82695,82219,80910,83481,6.02
0613214,"Chino Hills city, California",19,2024,77412,arima,5935,6805,77416,77420,77422,77424,77426,3939,4744,77365,77392,77376,77385,77380,77365,74667,80063,77392,73662,81122,77376,72803,81950,77385,72122,82649,77380,71497,83264,-0.04
0657456,"Pittsburg city, California",15,2024,77125,ets,1379,2062,78736,79736,80732,81723,82709,4873,5107,77074,77085,77083,77083,77083,78736,76664,80856,79736,77664,81754,80732,78633,82832,81723,79655,83806,82709,80586,84756,7.24
4454640,"Pawtucket city, Rhode Island",19,2024,76996,arima,3615,3926,77036,77795,78517,79204,79858,3140,3708,77090,77046,77066,77057,77061,77090,74773,79407,77046,73592,80500,77066,72833,81300,77057,72140,81974,77061,71556,82566,0.08
0650258,"Napa city, California",19,2024,76913,arima,4990,5055,76975,76657,76388,76161,75968,1702,1832,76706,76847,76751,76817,76772,76706,75242,78169,76847,74476,79219,76751,73895,79607,76817,73452,80182,76772,73023,80520,-0.18
2674900,"Southfield city, Michigan",19,2024,76885,arima,2342,2672,76633,77207,77778,78346,78911,2087,2391,76896,76888,76894,76889,76893,76896,74916,78875,76888,74202,79573,76894,73581,80206,76889,73098,80680,76893,72644,81141,0.01
1938595,"Iowa City city, Iowa",17,2024,76711,arima,3495,3552,77052,77371,77671,77952,78216,2929,3260,76792,76804,76805,76806,76806,76792,75528,78056,76804,74947,78660,76805,74496,79115,76806,74117,79494,76806,73786,79825,0.12
1239550,"Lauderhill city, Florida",17,2024,76623,ets,1607,1806,74567,74926,75283,75639,75992,2407,2725,77172,76944,77039,76999,77016,74567,71494,77714,74926,71851,77921,75283,72168,78399,75639,72570,78730,75992,72842,79031,-0.82
1831000,"Hammond city, Indiana",19,2024,76035,arima,3476,3787,76587,76595,76601,76606,76610,1279,1744,76019,76021,76021,76021,76021,76019,73131,78907,76021,71612,80430,76021,70526,81515,76021,69619,82422,76021,68826,83216,-0.02
1724582,"Evanston city, Illinois",19,2024,75994,arima,2458,3164,76026,76053,76075,76092,76106,1443,1604,75921,75956,75939,75947,75943,75921,72220,79622,75956,70347,81565,75939,69068,82810,75947,67953,83942,75943,66991,84896,-0.07
4269000,"Scranton city, Pennsylvania",19,2024,75915,arima,1740,2144,76783,76809,76830,76847,76861,1471,1483,75928,75930,75931,75931,75931,75928,73907,77948,75930,72900,78961,75931,72119,79743,75931,71465,80397,75931,70894,80968,0.02
0950370,"New Britain city, Connecticut",19,2024,75861,arima,2071,2383,74676,74811,74936,75050,75155,1426,1761,76015,75921,75978,75943,75965,76015,72838,79192,75921,71251,80591,75978,70275,81681,75943,69322,82565,75965,68563,83367,0.14
4561405,"Rock Hill city, South Carolina",16,2024,75787,ets,1649,1794,77010,77551,78075,78583,79076,2202,2287,75788,75787,75788,75787,75788,77010,75090,78976,77551,75629,79421,78075,76129,80022,78583,76666,80515,79076,77109,80975,4.34
0604982,"Bellflower city, California",19,2024,75720,ets,999,1261,76421,76354,76287,76220,76153,1378,1542,75371,75026,74685,74347,74013,76421,70912,82061,76354,70841,81720,76287,70703,81871,76220,70719,81761,76153,70508,81600,0.57
0657792,"Pleasanton city, California",19,2024,75661,arima,7326,8371,75820,75938,76042,76136,76220,5687,6127,76628,75933,76432,76073,76331,76628,73105,80151,75933,70315,81551,76432,69670,83195,76073,68111,84036,76331,67470,85193,0.89
1702154,"Arlington Heights village, Illinois",19,2024,75472,ets,1284,1818,75145,75123,75103,75086,75070,1634,1864,75789,75642,75710,75679,75693,75145,72184,78177,75123,72160,78007,75103,72102,78104,75086,72129,78064,75070,72036,77998,-0.53
0602364,"Apple Valley town, California",19,2024,75039,ets,1674,2018,75433,75744,76054,76362,76668,2377,2559,75014,75020,75019,75019,75019,75433,72012,78934,75744,72321,79076,76054,72587,79521,76362,72947,79802,76668,73163,80050,2.17
7210334,"Caguas zona urbana, Puerto Rico",19,2024,74695,arima,5549,6666,69839,68995,68154,67318,66486,5008,6056,74668,74674,74673,74673,74673,74668,68416,80921,74674,65869,83479,74673,63897,85448,74673,62237,87109,74673,60773,88573,-0.03
2829700,"Gulfport city, Mississippi",19,2024,74632,arima,1793,2139,73714,73925,74124,74312,74488,865,1073,74632,74632,74632,74632,74632,74632,70637,78627,74632,68983,80281,74632,67713,81551,74632,66643,82621,74632,65700,83564,0.0
5502375,"Appleton city, Wisconsin",19,2024,74439,ets,1525,1808,75632,75822,76005,76180,76348,1809,2396,74542,74638,74725,74805,74879,75632,73573,77740,75822,73762,77828,76005,73918,78092,76180,74124,78251,76348,74238,78384,2.56
0659962,"Redlands city, California",19,2024,74287,ets,1331,1530,74320,74347,74368,74385,74399,1888,2043,74291,74292,74292,74292,74292,74320,72605,76076,74347,71823,76728,74368,71282,77347,74385,70716,77808,74399,70256,78288,0.15
1707133,"Bolingbrook village, Illinois",19,2024,73856,arima,1791,2352,74348,74376,74400,74421,74439,1542,1864,73254,73752,73340,73681,73399,73254,69799,76709,73752,68515,78990,73340,67019,79661,73681,66271,81091,73399,65163,81635,-0.62
3615000,"Cheektowaga CDP, New York",19,2024,73359,arima,1065,1326,74348,74328,74312,74298,74286,1037,1259,73579,73573,73573,73573,73573,73579,71258,75901,73573,70459,76686,73573,69827,77318,73573,69288,77858,73573,68809,78337,0.29
2524960,"Framingham city, Massachusetts",18,2024,73356,arima,1969,2029,72890,72976,73051,73116,73173,985,1744,73226,73320,73252,73301,73265,73226,71253,75198,73320,70634,76005,73252,69944,76559,73301,69510,77091,73265,69021,77509,-0.12
2642160,"Kalamazoo city, Michigan",19,2024,73280,arima,3731,4090,72631,72388,72194,72039,71914,2210,2585,73311,73314,73314,73314,73314,73311,71878,74745,73314,71003,75625,73314,70358,76270,73314,69830,76798,73314,69372,77256,0.05
1077580,"Wilmington city, Delaware",19,2024,73173,arima,2200,2465,71961,71981,71998,72011,72021,1245,1665,72993,73148,73015,73129,73031,72993,70049,75937,73148,69087,77208,73015,68011,78018,73129,67389,78870,73031,66595,79466,-0.19
1840788,"Lafayette city, Indiana",15,2024,73124,arima,4062,4514,72244,72343,72426,72495,72553,2037,2798,73293,73432,73546,73640,73717,73293,69854,76732,73432,68484,78381,73546,67394,79699,73640,66443,80838,73717,65578,81857,0.81
0680812,"Turlock city, California",19,2024,72879,arima,2071,2490,72539,72600,72648,72687,72718,1435,1776,72770,72839,72795,72823,72805,72770,70916,74623,72839,70364,75314,72795,69750,75841,72823,69340,76306,72805,68910,76701,-0.1
0121184,"Dothan city, Alabama",17,2024,72735,ets,2449,2688,71858,72259,72658,73054,73449,3354,3601,72833,72876,72896,72905,72909,71858,69721,74047,72259,70120,74342,72658,70491,74824,73054,70920,75204,73449,71258,75562,0.98
2964082,"St. Charles city, Missouri",15,2024,72463,arima,1454,1530,72877,73316,73751,74180,74604,1078,1122,72930,73394,73857,74318,74776,72930,72328,73531,73394,72529,74259,73857,72780,74934,74318,73054,75581,74776,73341,76211,3.19
5522300,"Eau Claire city, Wisconsin",16,2024,72382,ets,1018,1646,71041,71314,71575,71824,72062,1977,2474,72559,72516,72527,72524,72525,71041,69139,72988,71314,69411,73167,71575,69648,73503,71824,69925,73737,72062,70113,73942,-0.44
4832372,"Harlingen city, Texas",15,2024,72239,ets,6012,6023,72625,73052,73478,73901,74322,6323,6331,72244,72241,72243,72242,72243,72625,69186,76145,73052,68605,77284,73478,68263,78432,73901,67904,79593,74322,67629,80490,2.88
3649121,"Mount Vernon city, New York",19,2024,71982,ets,2315,2441,70842,71045,71247,71447,71647,2681,3092,71873,71928,71901,71915,71908,70842,67587,74175,71045,67787,74217,71247,67947,74547,71447,68197,74722,71647,68311,74865,-0.47
3419390,"East Orange city, New Jersey",19,2024,71844,ets,3283,3783,68701,69006,69310,69613,69914,3342,4080,71777,71824,71791,71814,71798,68701,65531,71946,69006,65834,72094,69310,66098,72524,69613,66448,72802,69914,66666,73048,-2.69
3410000,"Camden city, New Jersey",19,2024,71761,ets,3770,4038,71702,71654,71617,71586,71562,3930,4047,71746,71735,71727,71721,71717,71702,69606,73847,71654,68490,74649,71617,67668,75463,71586,66824,76099,71562,66024,76694,-0.28
5584250,"Waukesha city, Wisconsin",19,2024,71462,arima,2053,2317,72082,72111,72135,72155,72171,1360,1455,71722,71717,71717,71717,71717,71722,70609,72834,71717,69922,73512,71717,69438,73996,71717,69040,74394,71717,68694,74740,0.36
4852356,"North Richland Hills city, Texas",16,2024,71428,arima,2327,2849,71793,71992,72171,72331,72475,615,684,71903,71681,71784,71736,71759,71903,70874,72931,71681,69909,73452,71784,69617,73952,71736,69188,74284,71759,68899,74618,0.46
3734200,"Jacksonville city, North Carolina",18,2024,70843,ets,2440,3015,70868,70867,70867,70866,70866,2662,3156,69600,70521,69839,70344,69970,70868,64829,77051,70867,64824,76751,70867,64746,76989,70866,64836,76941,70866,64677,76836,0.03
3456550,"Passaic city, New Jersey",19,2024,70730,arima,4359,4649,70676,70704,70728,70748,70764,1414,1522,70336,70586,70427,70528,70464,70336,67193,73479,70586,66593,74580,70427,65494,75360,70528,64943,76114,70464,64217,76710,-0.38
1276582,"Weston city, Florida",19,2024,70672,ets,1992,2179,70686,70697,70706,70714,70719,2168,2329,70515,70435,70393,70372,70361,70686,66811,74653,70697,65051,76030,70706,63847,77282,70714,62653,78260,70719,61682,79260,0.07
0610046,"Camarillo city, California",14,2024,69868,ets,185,216,70082,70281,70466,70640,70801,784,1078,70087,70294,70490,70675,70850,70082,68955,71234,70281,68640,71830,70466,68473,72377,70640,68297,72833,70801,68175,73283,1.34
2756896,"St. Cloud city, Minnesota",19,2024,69609,ets,808,816,69434,69609,69771,69921,70060,1428,1922,69724,69824,69911,69986,70052,69434,66676,72258,69609,66850,72296,69771,66976,72567,69921,67168,72695,70060,67234,72787,0.65
2360545,"Portland city, Maine",14,2024,69572,arima,2957,3283,69782,70016,70249,70481,70711,2718,2758,69573,69573,69573,69573,69573,69573,68307,70839,69573,67773,71372,69573,67368,71778,69573,67025,72121,69573,66724,72422,0.0
3665508,"Schenectady city, New York",14,2024,69489,arima,4157,4162,69851,70142,70376,70563,70714,3549,3593,69372,69488,69373,69486,69374,69372,68061,70682,69488,67629,71346,69373,67099,71647,69486,66858,72115,69374,66437,72311,-0.17
4737640,"Jackson city, Tennessee",14,2024,69300,arima,1514,1657,69583,69879,70174,70468,70760,1297,1305,69565,69826,70083,70337,70586,69565,68472,70658,69826,68270,71383,70083,68164,72003,70337,68106,72567,70586,68076,73096,1.86
0603666,"Baldwin Park city, California",19,2024,69244,ets,4301,5096,68033,67658,67358,67118,66926,5091,5752,69112,69217,69133,69200,69147,68033,63792,72374,67658,61315,73646,67358,58613,75920,67118,55523,78233,66926,52515,80363,-3.35
2964550,"St. Joseph city, Missouri",19,2024,69221,arima,5303,5744,68674,67607,66662,65824,65082,3701,4390,69008,69067,69051,69055,69054,69008,66191,71825,69067,64890,73245,69051,63902,74200,69055,63080,75031,69054,62357,75752,-0.24
3912000,"Canton city, Ohio",19,2024,69209,ets,1072,1561,69030,68739,68450,68162,67876,1624,2097,69209,69209,69209,69209,69209,69030,65340,72808,68739,65047,72334,68450,64710,72191,68162,64478,71874,67876,64094,71524,-1.93
7232522,"Guaynabo zona urbana, Puerto Rico",19,2024,68908,arima,4971,5078,66517,66047,65602,65181,64781,3105,4151,68904,68902,68901,68901,68901,68904,61866,75942,68902,58869,78935,68901,56551,81251,68901,54594,83207,68901,52870,84931,-0.01
0660018,"Redondo Beach city, California",19,2024,68087,arima,995,1177,68449,68463,68474,68483,68490,883,1020,68087,68087,68087,68087,68087,68087,64021,72153,68087,62336,73838,68087,61044,75130,68087,59954,76219,68087,58994,77179,0.0
1982425,"Waterloo city, Iowa",19,2024,67471,arima,2206,2402,68060,68532,68909,69210,69452,985,1074,67363,67256,67149,67043,66937,67363,65392,69334,67256,64473,70039,67149,63746,70552,67043,63119,70967,66937,62557,71318,-0.79
5114440,"Centreville CDP, Virginia",14,2024,67421,ets,3245,4141,70023,69686,69350,69016,68684,7997,8381,67708,67836,67893,67918,67929,70023,61781,78462,69686,61438,77716,69350,60997,77706,69016,60787,77307,68684,60238,76833,1.87
1301052,"Albany city, Georgia",19,2024,67418,arima,5005,5304,66806,66369,65934,65502,65071,4382,4589,67812,67480,67760,67524,67723,67812,64800,70824,67480,63013,71946,67760,62347,73172,67524,61205,73843,67723,60689,74756,0.45
5560500,"Oshkosh city, Wisconsin",14,2024,67241,arima,506,517,66674,66677,66680,66682,66683,491,493,67274,67288,67294,67297,67298,67274,66633,67915,67288,66367,68209,67294,66155,68434,67297,65973,68621,67298,65812,68785,0.08
0618100,"Davis city, California",14,2024,67129,arima,5517,5688,67038,67061,67079,67094,67105,4889,4919,67149,67166,67180,67191,67200,67149,65596,68703,67166,64957,69376,67180,64460,69899,67191,64037,70345,67200,63660,70740,0.11
3474630,"Union City city, New Jersey",19,2024,66918,arima,4042,4438,66926,66933,66939,66943,66946,2656,3337,67050,67054,67054,67054,67054,67050,63964,70136,67054,62572,71536,67054,61514,72594,67054,60629,73479,67054,59851,74257,0.2
1718823,"Decatur city, Illinois",19,2024,66528,arima,3749,3897,66564,65803,65052,64312,63582,2542,2997,66461,66515,66471,66506,66478,66461,63525,69396,66515,62014,71016,66471,61046,71897,66506,60137,72876,66478,59399,73558,-0.08
0686832,"Yorba Linda city, California",18,2024,66487,arima,1886,2174,67645,67658,67668,67677,67683,1189,2099,66413,66465,66429,66454,66436,66413,61608,71218,66465,60163,72767,66429,58636,74222,66454,57586,75321,66436,56502,76370,-0.08
0681204,"Union City city, California",19,2024,66206,arima,8855,10033,64959,64009,63224,62575,62040,5946,6837,65813,66137,65869,66091,65908,65813,60318,71308,66137,58790,73485,65869,56759,74980,66091,55714,76467,65908,54250,77566,-0.45
1757225,"Palatine village, Illinois",19,2024,65890,arima,3620,3699,65062,64806,64593,64415,64267,2475,2585,65832,65841,65839,65840,65840,65832,63769,67895,65841,63037,68644,65839,62439,69240,65840,61935,69744,65840,61488,70191,-0.08
1770122,"Skokie village, Illinois",18,2024,65847,arima,2338,2377,64310,64293,64279,64268,64260,1075,1431,65665,65719,65703,65708,65706,65665,63889,67440,65719,63436,68002,65703,62950,68455,65708,62570,68846,65706,62221,69191,-0.21
5121088,"Dale City CDP, Virginia",17,2024,65783,arima,6621,7260,71572,71650,71718,71775,71824,3536,4661,66433,66177,66278,66238,66254,66433,57836,75029,66177,54535,77819,66278,52070,80485,66238,49919,82557,66254,48047,84461,0.72
3944856,"Lorain city, Ohio",19,2024,65765,arima,3227,3352,64305,64294,64286,64280,64275,1169,1363,65798,65788,65791,65790,65791,65798,61984,69613,65788,60112,71465,65791,58797,72786,65790,57672,73909,65791,56691,74891,0.04
3988000,"Youngstown city, Ohio",15,2019,65479,arima,2977,3208,63942,63650,63361,63075,62792,468,477,65538,65512,65523,65518,65520,65538,62623,68452,65512,61129,69894,65523,60148,70899,65518,59270,71766,65520,58522,72519,0.06
1851876,"Muncie city, Indiana",18,2024,65055,arima,5408,5872,64128,63627,63223,62898,62636,3264,3493,64944,64866,64811,64773,64746,64944,62452,67436,64866,61188,68545,64811,60154,69469,64773,59253,70292,64746,58446,71045,-0.47
1827000,"Gary city, Indiana",18,2024,64975,ets,4094,5239,66077,65294,64556,63862,63208,4996,6356,65482,65550,65560,65561,65561,66077,58243,74096,65294,57455,72925,64556,56618,72497,63862,56040,71741,63208,55180,70952,-2.72
2239475,"Kenner city, Louisiana",19,2024,64651,ets,1864,2134,65026,64898,64770,64643,64517,2005,2390,64277,64379,64351,64359,64357,65026,61540,68594,64898,61410,68293,64770,61238,68303,64643,61163,68149,64517,60945,67963,-0.21
0644574,"Lynwood city, California",19,2024,63587,ets,4794,5552,63904,63480,63058,62639,62222,4992,5714,64200,63929,64049,63996,64019,63904,58315,69625,63480,57541,69225,63058,56670,69287,62639,56077,69237,62222,55367,68873,-2.15
