city,county,population,year
Alachua,Alachua,11353.0,2025
Archer,Alachua,1135.0,2025
Gainesville,Alachua,151275.0,2025
Hawthorne,Alachua,1494.0,2025
High Springs,Alachua,7131.0,2025
La Crosse,Alachua,306.0,2025
Micanopy,Alachua,666.0,2025
Newberry,Alachua,9553.0,2025
Waldo,Alachua,857.0,2025
Glen St. Mary,Baker,491.0,2025
Macclenny,Baker,8162.0,2025
Callaway,Bay,15157.0,2025
Lynn Haven,Bay,21733.0,2025
Mexico Beach,Bay,1402.0,2025
Panama City,Bay,38078.0,2025
Panama City Beach,Bay,19581.0,2025
Parker,Bay,4608.0,2025
Springfield,Bay,9213.0,2025
Brooker,Bradford,305.0,2025
Hampton,Bradford,498.0,2025
Lawtey,Bradford,708.0,2025
Starke,Bradford,6174.0,2025
Cape Canaveral,Brevard,9987.0,2025
Cocoa,Brevard,21518.0,2025
Cocoa Beach,Brevard,11361.0,2025
Grant-Valkaria,Brevard,5859.0,2025
Indialantic,Brevard,3009.0,2025
Indian Harbour Beach,Brevard,8998.0,2025
Malabar,Brevard,3136.0,2025
Melbourne,Brevard,88499.0,2025
Melbourne Beach,Brevard,3334.0,2025
Melbourne Village,Brevard,691.0,2025
Palm Bay,Brevard,146929.0,2025
Palm Shores,Brevard,1189.0,2025
Rockledge,Brevard,30554.0,2025
Satellite Beach,Brevard,11493.0,2025
Titusville,Brevard,51158.0,2025
West Melbourne,Brevard,32372.0,2025
Coconut Creek,Broward,57933.0,2025
Cooper City,Broward,35011.0,2025
Coral Springs,Broward,136062.0,2025
Dania Beach,Broward,34034.0,2025
Davie,Broward,107914.0,2025
Deerfield Beach,Broward,87712.0,2025
Fort Lauderdale,Broward,192338.0,2025
Hallandale Beach,Broward,41819.0,2025
Hillsboro Beach,Broward,1978.0,2025
Hollywood,Broward,156997.0,2025
Lauderdale Lakes,Broward,36647.0,2025
Lauderdale-By-The-Sea,Broward,6187.0,2025
Lauderhill,Broward,74772.0,2025
Lazy Lake,Broward,31.0,2025
Lighthouse Point,Broward,10454.0,2025
Margate,Broward,58727.0,2025
Miramar,Broward,140807.0,2025
North Lauderdale,Broward,44888.0,2025
Oakland Park,Broward,46465.0,2025
Parkland,Broward,38427.0,2025
Pembroke Park,Broward,6056.0,2025
Pembroke Pines,Broward,171413.0,2025
Plantation,Broward,98437.0,2025
Pompano Beach,Broward,115813.0,2025
Sea Ranch Lakes,Broward,540.0,2025
Southwest Ranches,Broward,7783.0,2025
Sunrise,Broward,98310.0,2025
Tamarac,Broward,73563.0,2025
West Park,Broward,15315.0,2025
Weston,Broward,68311.0,2025
Wilton Manors,Broward,11497.0,2025
Altha,Calhoun,520.0,2025
Blountstown,Calhoun,2231.0,2025
Punta Gorda,Charlotte,20446.0,2025
Crystal River,Citrus,3271.0,2025
Inverness,Citrus,7937.0,2025
Green Cove Springs,Clay,10275.0,2025
Keystone Heights,Clay,1471.0,2025
Orange Park,Clay,9158.0,2025
Penney Farms,Clay,835.0,2025
Everglades,Collier,378.0,2025
Marco Island,Collier,16194.0,2025
Naples,Collier,19089.0,2025
Fort White,Columbia,664.0,2025
Lake City,Columbia,12579.0,2025
Arcadia,DeSoto,8002.0,2025
Cross City,Dixie,1748.0,2025
Horseshoe Beach,Dixie,114.0,2025
Atlantic Beach,Duval,13524.0,2025
Baldwin,Duval,1425.0,2025
Jacksonville,Duval,1032601.0,2025
Jacksonville Beach,Duval,24253.0,2025
Neptune Beach,Duval,7241.0,2025
Century,Escambia,1621.0,2025
Pensacola,Escambia,55194.0,2025
Beverly Beach,Flagler,504.0,2025
Bunnell,Flagler,4224.0,2025
Palm Coast,Flagler,110330.0,2025
Marineland,Flagler/St. Johns,15.0,2025
Flagler Beach,Flagler/Volusia,5731.0,2025
Apalachicola,Franklin,2456.0,2025
Carrabelle,Franklin,3071.0,2025
Chattahoochee,Gadsden,2833.0,2025
Greensboro,Gadsden,449.0,2025
Gretna,Gadsden,1369.0,2025
Havana,Gadsden,1758.0,2025
Midway,Gadsden,3664.0,2025
Quincy,Gadsden,8131.0,2025
Bell,Gilchrist,558.0,2025
Trenton,Gilchrist,2221.0,2025
Fanning Springs,Gilchrist/Levy,1336.0,2025
Moore Haven,Glades,1641.0,2025
Port St. Joe,Gulf,3896.0,2025
Wewahitchka,Gulf,2261.0,2025
Jasper,Hamilton,4004.0,2025
Jennings,Hamilton,708.0,2025
White Springs,Hamilton,715.0,2025
Bowling Green,Hardee,2513.0,2025
Wauchula,Hardee,4879.0,2025
Zolfo Springs,Hardee,1804.0,2025
Clewiston,Hendry,7341.0,2025
LaBelle,Hendry,5593.0,2025
Brooksville,Hernando,10142.0,2025
Avon Park,Highlands,9786.0,2025
Lake Placid,Highlands,2419.0,2025
Sebring,Highlands,11903.0,2025
Plant City,Hillsborough,45331.0,2025
Tampa,Hillsborough,412684.0,2025
Temple Terrace,Hillsborough,27698.0,2025
Bonifay,Holmes,2809.0,2025
Esto,Holmes,336.0,2025
Noma,Holmes,220.0,2025
Ponce de Leon,Holmes,500.0,2025
Westville,Holmes,266.0,2025
Fellsmere,Indian River,4987.0,2025
Indian River Shores,Indian River,4511.0,2025
Orchid,Indian River,551.0,2025
Sebastian,Indian River,27367.0,2025
Vero Beach,Indian River,16800.0,2025
Alford,Jackson,482.0,2025
Bascom,Jackson,89.0,2025
Campbellton,Jackson,193.0,2025
Cottondale,Jackson,861.0,2025
Graceville,Jackson,2053.0,2025
Grand Ridge,Jackson,949.0,2025
Greenwood,Jackson,547.0,2025
Jacob City,Jackson,223.0,2025
Malone,Jackson,1962.0,2025
Marianna,Jackson,7103.0,2025
Sneads,Jackson,1658.0,2025
Monticello,Jefferson,2847.0,2025
Mayo,Lafayette,1103.0,2025
Astatula,Lake,2273.0,2025
Clermont,Lake,51042.0,2025
Eustis,Lake,24477.0,2025
Fruitland Park,Lake,8732.0,2025
Groveland,Lake,23827.0,2025
Howey-in-the-Hills,Lake,2039.0,2025
Lady Lake,Lake,16978.0,2025
Leesburg,Lake,37541.0,2025
Mascotte,Lake,9894.0,2025
Minneola,Lake,21201.0,2025
Montverde,Lake,2195.0,2025
Mount Dora,Lake,18896.0,2025
Tavares,Lake,21869.0,2025
Umatilla,Lake,4050.0,2025
Bonita Springs,Lee,55801.0,2025
Cape Coral,Lee,222862.0,2025
Estero,Lee,38033.0,2025
Fort Myers,Lee,102060.0,2025
Fort Myers Beach,Lee,4330.0,2025
Sanibel,Lee,6017.0,2025
Tallahassee,Leon,205623.0,2025
Bronson,Levy,1154.0,2025
Cedar Key,Levy,576.0,2025
Chiefland,Levy,2326.0,2025
Inglis,Levy,1506.0,2025
Otter Creek,Levy,113.0,2025
Williston,Levy,3170.0,2025
Yankeetown,Levy,528.0,2025
Bristol,Liberty,962.0,2025
Greenville,Madison,735.0,2025
Lee,Madison,393.0,2025
Madison,Madison,2850.0,2025
Anna Maria,Manatee,913.0,2025
Bradenton,Manatee,58469.0,2025
Bradenton Beach,Manatee,766.0,2025
Holmes Beach,Manatee,2914.0,2025
Palmetto,Manatee,13961.0,2025
Longboat Key,Manatee/Sarasota,7445.0,2025
Belleview,Marion,6121.0,2025
Dunnellon,Marion,2022.0,2025
McIntosh,Marion,460.0,2025
Ocala,Marion,71017.0,2025
Reddick,Marion,466.0,2025
Indiantown,Martin,6704.0,2025
Jupiter Island,Martin,780.0,2025
Ocean Breeze,Martin,608.0,2025
Sewall's Point,Martin,2067.0,2025
Stuart,Martin,20573.0,2025
Aventura,Miami-Dade,40171.0,2025
Bal Harbour,Miami-Dade,3010.0,2025
Bay Harbor Islands,Miami-Dade,5815.0,2025
Biscayne Park,Miami-Dade,3059.0,2025
Coral Gables,Miami-Dade,50853.0,2025
Cutler Bay,Miami-Dade,45361.0,2025
Doral,Miami-Dade,83746.0,2025
El Portal,Miami-Dade,2277.0,2025
Florida City,Miami-Dade,18175.0,2025
Golden Beach,Miami-Dade,953.0,2025
Hialeah,Miami-Dade,232243.0,2025
Hialeah Gardens,Miami-Dade,23577.0,2025
Homestead,Miami-Dade,85630.0,2025
Indian Creek,Miami-Dade,90.0,2025
Key Biscayne,Miami-Dade,14653.0,2025
Medley,Miami-Dade,1049.0,2025
Miami,Miami-Dade,478799.0,2025
Miami Beach,Miami-Dade,83678.0,2025
Miami Gardens,Miami-Dade,116192.0,2025
Miami Lakes,Miami-Dade,31332.0,2025
Miami Shores,Miami-Dade,11492.0,2025
Miami Springs,Miami-Dade,13864.0,2025
North Bay Village,Miami-Dade,7946.0,2025
North Miami,Miami-Dade,61371.0,2025
North Miami Beach,Miami-Dade,44365.0,2025
Opa-locka,Miami-Dade,16559.0,2025
Palmetto Bay,Miami-Dade,25217.0,2025
Pinecrest,Miami-Dade,18206.0,2025
South Miami,Miami-Dade,12386.0,2025
Sunny Isles Beach,Miami-Dade,22801.0,2025
Surfside,Miami-Dade,5399.0,2025
Sweetwater,Miami-Dade,21454.0,2025
Virginia Gardens,Miami-Dade,2372.0,2025
West Miami,Miami-Dade,7255.0,2025
Islamorada,Monroe,7379.0,2025
Key Colony Beach,Monroe,796.0,2025
Key West,Monroe,26526.0,2025
Layton,Monroe,221.0,2025
Marathon,Monroe,10163.0,2025
Callahan,Nassau,1752.0,2025
Fernandina Beach,Nassau,13958.0,2025
Hilliard,Nassau,3127.0,2025
Cinco Bayou,Okaloosa,447.0,2025
Crestview,Okaloosa,31702.0,2025
Destin,Okaloosa,14640.0,2025
Fort Walton Beach,Okaloosa,21553.0,2025
Laurel Hill,Okaloosa,746.0,2025
Mary Esther,Okaloosa,4457.0,2025
Niceville,Okaloosa,17119.0,2025
Shalimar,Okaloosa,733.0,2025
Valparaiso,Okaloosa,5105.0,2025
Okeechobee,Okeechobee,5456.0,2025
Apopka,Orange,66580.0,2025
Bay Lake,Orange,14.0,2025
Belle Isle,Orange,7214.0,2025
Eatonville,Orange,3328.0,2025
Edgewood,Orange,2595.0,2025
Lake Buena Vista,Orange,21.0,2025
Maitland,Orange,20141.0,2025
Oakland,Orange,5629.0,2025
Ocoee,Orange,51209.0,2025
Orlando,Orange,340681.0,2025
Windermere,Orange,3186.0,2025
Winter Garden,Orange,52479.0,2025
Winter Park,Orange,30600.0,2025
Kissimmee,Osceola,87664.0,2025
St. Cloud,Osceola,71242.0,2025
Atlantis,Palm Beach,2138.0,2025
Belle Glade,Palm Beach,17542.0,2025
Boca Raton,Palm Beach,100897.0,2025
Boynton Beach,Palm Beach,82937.0,2025
Briny Breezes,Palm Beach,494.0,2025
Cloud Lake,Palm Beach,139.0,2025
Delray Beach,Palm Beach,69038.0,2025
Glen Ridge,Palm Beach,216.0,2025
Golf,Palm Beach,284.0,2025
Greenacres,Palm Beach,45403.0,2025
Gulf Stream,Palm Beach,957.0,2025
Haverhill,Palm Beach,2274.0,2025
Highland Beach,Palm Beach,4279.0,2025
Hypoluxo,Palm Beach,2670.0,2025
Juno Beach,Palm Beach,3895.0,2025
Jupiter,Palm Beach,61246.0,2025
Jupiter Inlet Colony,Palm Beach,410.0,2025
Lake Clarke Shores,Palm Beach,3547.0,2025
Lake Park,Palm Beach,9174.0,2025
Lake Worth Beach,Palm Beach,43596.0,2025
Lantana,Palm Beach,12248.0,2025
Loxahatchee Groves,Palm Beach,3384.0,2025
Manalapan,Palm Beach,412.0,2025
Mangonia Park,Palm Beach,2530.0,2025
North Palm Beach,Palm Beach,13111.0,2025
Ocean Ridge,Palm Beach,1819.0,2025
Pahokee,Palm Beach,5612.0,2025
Palm Beach,Palm Beach,9191.0,2025
Palm Beach Gardens,Palm Beach,64547.0,2025
Palm Beach Shores,Palm Beach,1295.0,2025
Palm Springs,Palm Beach,27928.0,2025
Riviera Beach,Palm Beach,39644.0,2025
Royal Palm Beach,Palm Beach,41165.0,2025
South Bay,Palm Beach,4982.0,2025
South Palm Beach,Palm Beach,1466.0,2025
Tequesta,Palm Beach,6116.0,2025
Wellington,Palm Beach,61836.0,2025
West Palm Beach,Palm Beach,126944.0,2025
Westlake,Palm Beach,6685.0,2025
Dade City,Pasco,10206.0,2025
New Port Richey,Pasco,16977.0,2025
Port Richey,Pasco,2970.0,2025
San Antonio,Pasco,1541.0,2025
St. Leo,Pasco,2290.0,2025
Zephyrhills,Pasco,19691.0,2025
Belleair,Pinellas,4306.0,2025
Belleair Beach,Pinellas,1534.0,2025
Belleair Bluffs,Pinellas,2298.0,2025
Belleair Shore,Pinellas,66.0,2025
Clearwater,Pinellas,118327.0,2025
Dunedin,Pinellas,35742.0,2025
Gulfport,Pinellas,11525.0,2025
Indian Rocks Beach,Pinellas,3433.0,2025
Indian Shores,Pinellas,1158.0,2025
Kenneth City,Pinellas,4957.0,2025
Largo,Pinellas,84075.0,2025
Madeira Beach,Pinellas,3629.0,2025
North Redington Beach,Pinellas,1389.0,2025
Oldsmar,Pinellas,14879.0,2025
Pinellas Park,Pinellas,55055.0,2025
Redington Beach,Pinellas,1224.0,2025
Redington Shores,Pinellas,1955.0,2025
Safety Harbor,Pinellas,16808.0,2025
Seminole,Pinellas,19323.0,2025
South Pasadena,Pinellas,4958.0,2025
St. Pete Beach,Pinellas,8424.0,2025
St. Petersburg,Pinellas,266153.0,2025
Tarpon Springs,Pinellas,25676.0,2025
Treasure Island,Pinellas,6103.0,2025
Auburndale,Polk,21677.0,2025
Bartow,Polk,23135.0,2025
Davenport,Polk,13993.0,2025
Dundee,Polk,5847.0,2025
Eagle Lake,Polk,6206.0,2025
Fort Meade,Polk,5179.0,2025
Frostproof,Polk,2993.0,2025
Haines City,Polk,44215.0,2025
Highland Park,Polk,234.0,2025
Hillcrest Heights,Polk,242.0,2025
Lake Alfred,Polk,9038.0,2025
Lake Hamilton,Polk,3139.0,2025
Lake Wales,Polk,17736.0,2025
Lakeland,Polk,124725.0,2025
Mulberry,Polk,4574.0,2025
Polk City,Polk,3007.0,2025
Winter Haven,Polk,60837.0,2025
Crescent City,Putnam,1715.0,2025
Interlachen,Putnam,1559.0,2025
Palatka,Putnam,10601.0,2025
Pomona Park,Putnam,813.0,2025
Welaka,Putnam,824.0,2025
Gulf Breeze,Santa Rosa,6342.0,2025
Jay,Santa Rosa,612.0,2025
Milton,Santa Rosa,10527.0,2025
North Port,Sarasota,96301.0,2025
Sarasota,Sarasota,58279.0,2025
Venice,Sarasota,29802.0,2025
Altamonte Springs,Seminole,47609.0,2025
Casselberry,Seminole,30132.0,2025
Lake Mary,Seminole,17516.0,2025
Longwood,Seminole,16641.0,2025
Oviedo,Seminole,42080.0,2025
Sanford,Seminole,68136.0,2025
Winter Springs,Seminole,39170.0,2025
St. Augustine,St. Johns,16548.0,2025
St. Augustine Beach,St. Johns,6995.0,2025
Fort Pierce,St. Lucie,51352.0,2025
Port St. Lucie,St. Lucie,260194.0,2025
St. Lucie Village,St. Lucie,623.0,2025
Bushnell,Sumter,3989.0,2025
Center Hill,Sumter,889.0,2025
Coleman,Sumter,658.0,2025
Webster,Sumter,953.0,2025
Wildwood,Sumter,36783.0,2025
Branford,Suwannee,756.0,2025
Live Oak,Suwannee,7051.0,2025
Perry,Taylor,7233.0,2025
Lake Butler,Union,1997.0,2025
Raiford,Union,234.0,2025
Worthington Springs,Union,458.0,2025
Daytona Beach,Volusia,88144.0,2025
Daytona Beach Shores,Volusia,5268.0,2025
DeBary,Volusia,24529.0,2025
DeLand,Volusia,44316.0,2025
Deltona,Volusia,98792.0,2025
Edgewater,Volusia,25655.0,2025
Holly Hill,Volusia,13041.0,2025
Lake Helen,Volusia,3041.0,2025
New Smyrna Beach,Volusia,32852.0,2025
Oak Hill,Volusia,2139.0,2025
Orange City,Volusia,14882.0,2025
Ormond Beach,Volusia,45723.0,2025
Pierson,Volusia,1583.0,2025
Ponce Inlet,Volusia,3428.0,2025
Port Orange,Volusia,65898.0,2025
South Daytona,Volusia,13517.0,2025
Sopchoppy,Wakulla,465.0,2025
St. Marks,Wakulla,322.0,2025
DeFuniak Springs,Walton,6180.0,2025
Freeport,Walton,11440.0,2025
Paxton,Walton,584.0,2025
Caryville,Washington,269.0,2025
Chipley,Washington,3609.0,2025
Ebro,Washington,258.0,2025
Vernon,Washington,761.0,2025
Wausau,Washington,341.0,2025
Incorporated Population,,11696425.0,2025
Total Population,,23379261.0,2025
Incorporated Pop. as % of Total Pop.,,0.5002906208198796,2025
Alachua,Alachua,11296.0,2024
Archer,Alachua,1165.0,2024
Gainesville,Alachua,150120.0,2024
Hawthorne,Alachua,1485.0,2024
High Springs,Alachua,7118.0,2024
La Crosse,Alachua,304.0,2024
Micanopy,Alachua,653.0,2024
Newberry,Alachua,9096.0,2024
Waldo,Alachua,869.0,2024
Glen St. Mary,Baker,491.0,2024
Macclenny,Baker,8113.0,2024
Callaway,Bay,14835.0,2024
Lynn Haven,Bay,20469.0,2024
Mexico Beach,Bay,1416.0,2024
Panama City,Bay,37909.0,2024
Panama City Beach,Bay,19549.0,2024
Parker,Bay,4427.0,2024
Springfield,Bay,9010.0,2024
Brooker,Bradford,313.0,2024
Hampton,Bradford,483.0,2024
Lawtey,Bradford,658.0,2024
Starke,Bradford,5893.0,2024
Cape Canaveral,Brevard,10002.0,2024
Cocoa,Brevard,21123.0,2024
Cocoa Beach,Brevard,11349.0,2024
Grant-Valkaria,Brevard,5441.0,2024
Indialantic,Brevard,3009.0,2024
Indian Harbour Beach,Brevard,8984.0,2024
Malabar,Brevard,3118.0,2024
Melbourne,Brevard,87846.0,2024
Melbourne Beach,Brevard,3306.0,2024
Melbourne Village,Brevard,684.0,2024
Palm Bay,Brevard,140199.0,2024
Palm Shores,Brevard,1197.0,2024
Rockledge,Brevard,29134.0,2024
Satellite Beach,Brevard,11453.0,2024
Titusville,Brevard,50547.0,2024
West Melbourne,Brevard,30443.0,2024
Coconut Creek,Broward,57702.0,2024
Cooper City,Broward,35024.0,2024
Coral Springs,Broward,135191.0,2024
Dania Beach,Broward,33746.0,2024
Davie,Broward,107410.0,2024
Deerfield Beach,Broward,87402.0,2024
Fort Lauderdale,Broward,189583.0,2024
Hallandale Beach,Broward,41771.0,2024
Hillsboro Beach,Broward,1971.0,2024
Hollywood,Broward,155038.0,2024
Lauderdale Lakes,Broward,36659.0,2024
Lauderdale-By-The-Sea,Broward,6181.0,2024
Lauderhill,Broward,74751.0,2024
Lazy Lake,Broward,33.0,2024
Lighthouse Point,Broward,10462.0,2024
Margate,Broward,58544.0,2024
Miramar,Broward,139500.0,2024
North Lauderdale,Broward,44853.0,2024
Oakland Park,Broward,46039.0,2024
Parkland,Broward,38342.0,2024
Pembroke Park,Broward,6105.0,2024
Pembroke Pines,Broward,170892.0,2024
Plantation,Broward,98431.0,2024
Pompano Beach,Broward,114703.0,2024
Sea Ranch Lakes,Broward,535.0,2024
Southwest Ranches,Broward,7796.0,2024
Sunrise,Broward,97899.0,2024
Tamarac,Broward,73130.0,2024
West Park,Broward,15218.0,2024
Weston,Broward,68249.0,2024
Wilton Manors,Broward,11495.0,2024
Altha,Calhoun,487.0,2024
Blountstown,Calhoun,2262.0,2024
Punta Gorda,Charlotte,20443.0,2024
Crystal River,Citrus,3516.0,2024
Inverness,Citrus,7922.0,2024
Green Cove Springs,Clay,10270.0,2024
Keystone Heights,Clay,1473.0,2024
Orange Park,Clay,9171.0,2024
Penney Farms,Clay,835.0,2024
Everglades,Collier,381.0,2024
Marco Island,Collier,16288.0,2024
Naples,Collier,19390.0,2024
Fort White,Columbia,667.0,2024
Lake City,Columbia,12494.0,2024
Arcadia,DeSoto,7702.0,2024
Cross City,Dixie,1698.0,2024
Horseshoe Beach,Dixie,153.0,2024
Atlantic Beach,Duval,13517.0,2024
Baldwin,Duval,1426.0,2024
Jacksonville,Duval,1016103.0,2024
Jacksonville Beach,Duval,24309.0,2024
Neptune Beach,Duval,7238.0,2024
Century,Escambia,1638.0,2024
Pensacola,Escambia,55152.0,2024
Beverly Beach,Flagler,503.0,2024
Bunnell,Flagler,4149.0,2024
Palm Coast,Flagler,106193.0,2024
Marineland,Flagler/St. Johns,15.0,2024
Flagler Beach,Flagler/Volusia,5622.0,2024
Apalachicola,Franklin,2470.0,2024
Carrabelle,Franklin,3073.0,2024
Chattahoochee,Gadsden,2974.0,2024
Greensboro,Gadsden,444.0,2024
Gretna,Gadsden,1355.0,2024
Havana,Gadsden,1797.0,2024
Midway,Gadsden,3683.0,2024
Quincy,Gadsden,8124.0,2024
Bell,Gilchrist,521.0,2024
Trenton,Gilchrist,2173.0,2024
Fanning Springs,Gilchrist/Levy,1310.0,2024
Moore Haven,Glades,1533.0,2024
Port St. Joe,Gulf,3912.0,2024
Wewahitchka,Gulf,2292.0,2024
Jasper,Hamilton,4008.0,2024
Jennings,Hamilton,721.0,2024
White Springs,Hamilton,731.0,2024
Bowling Green,Hardee,2462.0,2024
Wauchula,Hardee,4905.0,2024
Zolfo Springs,Hardee,1836.0,2024
Clewiston,Hendry,7336.0,2024
LaBelle,Hendry,5480.0,2024
Brooksville,Hernando,9752.0,2024
Avon Park,Highlands,9814.0,2024
Lake Placid,Highlands,2453.0,2024
Sebring,Highlands,11687.0,2024
Plant City,Hillsborough,42141.0,2024
Tampa,Hillsborough,409458.0,2024
Temple Terrace,Hillsborough,27469.0,2024
Bonifay,Holmes,2838.0,2024
Esto,Holmes,352.0,2024
Noma,Holmes,216.0,2024
Ponce de Leon,Holmes,511.0,2024
Westville,Holmes,269.0,2024
Fellsmere,Indian River,4990.0,2024
Indian River Shores,Indian River,4553.0,2024
Orchid,Indian River,548.0,2024
Sebastian,Indian River,26907.0,2024
Vero Beach,Indian River,16805.0,2024
Alford,Jackson,474.0,2024
Bascom,Jackson,82.0,2024
Campbellton,Jackson,197.0,2024
Cottondale,Jackson,823.0,2024
Graceville,Jackson,2045.0,2024
Grand Ridge,Jackson,942.0,2024
Greenwood,Jackson,527.0,2024
Jacob City,Jackson,235.0,2024
Malone,Jackson,1734.0,2024
Marianna,Jackson,7132.0,2024
Sneads,Jackson,1678.0,2024
Monticello,Jefferson,2788.0,2024
Mayo,Lafayette,1081.0,2024
Astatula,Lake,2205.0,2024
Clermont,Lake,48988.0,2024
Eustis,Lake,24180.0,2024
Fruitland Park,Lake,8634.0,2024
Groveland,Lake,23697.0,2024
Howey-in-the-Hills,Lake,1934.0,2024
Lady Lake,Lake,16352.0,2024
Leesburg,Lake,33344.0,2024
Mascotte,Lake,9215.0,2024
Minneola,Lake,19893.0,2024
Montverde,Lake,2191.0,2024
Mount Dora,Lake,18227.0,2024
Tavares,Lake,21530.0,2024
Umatilla,Lake,3885.0,2024
Bonita Springs,Lee,56066.0,2024
Cape Coral,Lee,220236.0,2024
Estero,Lee,37993.0,2024
Fort Myers,Lee,100780.0,2024
Fort Myers Beach,Lee,3665.0,2024
Sanibel,Lee,5971.0,2024
Tallahassee,Leon,202203.0,2024
Bronson,Levy,1156.0,2024
Cedar Key,Levy,684.0,2024
Chiefland,Levy,2318.0,2024
Inglis,Levy,1499.0,2024
Otter Creek,Levy,111.0,2024
Williston,Levy,3205.0,2024
Yankeetown,Levy,575.0,2024
Bristol,Liberty,961.0,2024
Greenville,Madison,754.0,2024
Lee,Madison,395.0,2024
Madison,Madison,2880.0,2024
Anna Maria,Manatee,957.0,2024
Bradenton,Manatee,57474.0,2024
Bradenton Beach,Manatee,902.0,2024
Holmes Beach,Manatee,3018.0,2024
Palmetto,Manatee,13948.0,2024
Longboat Key,Manatee/Sarasota,7532.0,2024
Belleview,Marion,5941.0,2024
Dunnellon,Marion,2015.0,2024
McIntosh,Marion,470.0,2024
Ocala,Marion,69556.0,2024
Reddick,Marion,465.0,2024
Indiantown,Martin,6700.0,2024
Jupiter Island,Martin,814.0,2024
Ocean Breeze,Martin,608.0,2024
Sewall's Point,Martin,2057.0,2024
Stuart,Martin,20191.0,2024
Aventura,Miami-Dade,40104.0,2024
Bal Harbour,Miami-Dade,3010.0,2024
Bay Harbor Islands,Miami-Dade,5793.0,2024
Biscayne Park,Miami-Dade,3030.0,2024
Coral Gables,Miami-Dade,50813.0,2024
Cutler Bay,Miami-Dade,45026.0,2024
Doral,Miami-Dade,82175.0,2024
El Portal,Miami-Dade,2236.0,2024
Florida City,Miami-Dade,17173.0,2024
Golden Beach,Miami-Dade,981.0,2024
Hialeah,Miami-Dade,230575.0,2024
Hialeah Gardens,Miami-Dade,22303.0,2024
Homestead,Miami-Dade,84014.0,2024
Indian Creek,Miami-Dade,89.0,2024
Key Biscayne,Miami-Dade,14603.0,2024
Medley,Miami-Dade,1050.0,2024
Miami,Miami-Dade,467171.0,2024
Miami Beach,Miami-Dade,83230.0,2024
Miami Gardens,Miami-Dade,115364.0,2024
Miami Lakes,Miami-Dade,30856.0,2024
Miami Shores,Miami-Dade,11553.0,2024
Miami Springs,Miami-Dade,13866.0,2024
North Bay Village,Miami-Dade,7977.0,2024
North Miami,Miami-Dade,59955.0,2024
North Miami Beach,Miami-Dade,43575.0,2024
Opa-locka,Miami-Dade,16560.0,2024
Palmetto Bay,Miami-Dade,25091.0,2024
Pinecrest,Miami-Dade,18304.0,2024
South Miami,Miami-Dade,12018.0,2024
Sunny Isles Beach,Miami-Dade,22788.0,2024
Surfside,Miami-Dade,5401.0,2024
Sweetwater,Miami-Dade,21393.0,2024
Virginia Gardens,Miami-Dade,2374.0,2024
West Miami,Miami-Dade,7257.0,2024
Islamorada,Monroe,7342.0,2024
Key Colony Beach,Monroe,796.0,2024
Key West,Monroe,26327.0,2024
Layton,Monroe,216.0,2024
Marathon,Monroe,9920.0,2024
Callahan,Nassau,1733.0,2024
Fernandina Beach,Nassau,13648.0,2024
Hilliard,Nassau,3114.0,2024
Cinco Bayou,Okaloosa,466.0,2024
Crestview,Okaloosa,29872.0,2024
Destin,Okaloosa,14608.0,2024
Fort Walton Beach,Okaloosa,21090.0,2024
Laurel Hill,Okaloosa,685.0,2024
Mary Esther,Okaloosa,4493.0,2024
Niceville,Okaloosa,16594.0,2024
Shalimar,Okaloosa,756.0,2024
Valparaiso,Okaloosa,5050.0,2024
Okeechobee,Okeechobee,5452.0,2024
Apopka,Orange,61820.0,2024
Bay Lake,Orange,14.0,2024
Belle Isle,Orange,7293.0,2024
Eatonville,Orange,2464.0,2024
Edgewood,Orange,2553.0,2024
Lake Buena Vista,Orange,21.0,2024
Maitland,Orange,20042.0,2024
Oakland,Orange,5402.0,2024
Ocoee,Orange,51186.0,2024
Orlando,Orange,335066.0,2024
Windermere,Orange,3044.0,2024
Winter Garden,Orange,51495.0,2024
Winter Park,Orange,30565.0,2024
Kissimmee,Osceola,85141.0,2024
St. Cloud,Osceola,65974.0,2024
Atlantis,Palm Beach,2135.0,2024
Belle Glade,Palm Beach,17468.0,2024
Boca Raton,Palm Beach,100560.0,2024
Boynton Beach,Palm Beach,82393.0,2024
Briny Breezes,Palm Beach,498.0,2024
Cloud Lake,Palm Beach,137.0,2024
Delray Beach,Palm Beach,68096.0,2024
Glen Ridge,Palm Beach,214.0,2024
Golf,Palm Beach,287.0,2024
Greenacres,Palm Beach,45439.0,2024
Gulf Stream,Palm Beach,956.0,2024
Haverhill,Palm Beach,2188.0,2024
Highland Beach,Palm Beach,4287.0,2024
Hypoluxo,Palm Beach,2672.0,2024
Juno Beach,Palm Beach,3871.0,2024
Jupiter,Palm Beach,61215.0,2024
Jupiter Inlet Colony,Palm Beach,412.0,2024
Lake Clarke Shores,Palm Beach,3545.0,2024
Lake Park,Palm Beach,9014.0,2024
Lake Worth Beach,Palm Beach,43472.0,2024
Lantana,Palm Beach,12239.0,2024
Loxahatchee Groves,Palm Beach,3374.0,2024
Manalapan,Palm Beach,416.0,2024
Mangonia Park,Palm Beach,2511.0,2024
North Palm Beach,Palm Beach,13101.0,2024
Ocean Ridge,Palm Beach,1810.0,2024
Pahokee,Palm Beach,5666.0,2024
Palm Beach,Palm Beach,9212.0,2024
Palm Beach Gardens,Palm Beach,62469.0,2024
Palm Beach Shores,Palm Beach,1283.0,2024
Palm Springs,Palm Beach,27312.0,2024
Riviera Beach,Palm Beach,39390.0,2024
Royal Palm Beach,Palm Beach,40430.0,2024
South Bay,Palm Beach,4984.0,2024
South Palm Beach,Palm Beach,1465.0,2024
Tequesta,Palm Beach,6093.0,2024
Wellington,Palm Beach,61794.0,2024
West Palm Beach,Palm Beach,125401.0,2024
Westlake,Palm Beach,6419.0,2024
Dade City,Pasco,9382.0,2024
New Port Richey,Pasco,17270.0,2024
Port Richey,Pasco,3251.0,2024
San Antonio,Pasco,1403.0,2024
St. Leo,Pasco,2282.0,2024
Zephyrhills,Pasco,19666.0,2024
Belleair,Pinellas,4310.0,2024
Belleair Beach,Pinellas,1633.0,2024
Belleair Bluffs,Pinellas,2312.0,2024
Belleair Shore,Pinellas,70.0,2024
Clearwater,Pinellas,118463.0,2024
Dunedin,Pinellas,35606.0,2024
Gulfport,Pinellas,11757.0,2024
Indian Rocks Beach,Pinellas,3702.0,2024
Indian Shores,Pinellas,1206.0,2024
Kenneth City,Pinellas,4943.0,2024
Largo,Pinellas,83950.0,2024
Madeira Beach,Pinellas,4006.0,2024
North Redington Beach,Pinellas,1472.0,2024
Oldsmar,Pinellas,14888.0,2024
Pinellas Park,Pinellas,54952.0,2024
Redington Beach,Pinellas,1346.0,2024
Redington Shores,Pinellas,2154.0,2024
Safety Harbor,Pinellas,16762.0,2024
Seminole,Pinellas,19338.0,2024
South Pasadena,Pinellas,5403.0,2024
St. Pete Beach,Pinellas,8765.0,2024
St. Petersburg,Pinellas,267031.0,2024
Tarpon Springs,Pinellas,25949.0,2024
Treasure Island,Pinellas,6510.0,2024
Auburndale,Polk,20186.0,2024
Bartow,Polk,20502.0,2024
Davenport,Polk,13630.0,2024
Dundee,Polk,5762.0,2024
Eagle Lake,Polk,4902.0,2024
Fort Meade,Polk,5219.0,2024
Frostproof,Polk,3032.0,2024
Haines City,Polk,39514.0,2024
Highland Park,Polk,245.0,2024
Hillcrest Heights,Polk,234.0,2024
Lake Alfred,Polk,8037.0,2024
Lake Hamilton,Polk,1702.0,2024
Lake Wales,Polk,17558.0,2024
Lakeland,Polk,123760.0,2024
Mulberry,Polk,4483.0,2024
Polk City,Polk,3049.0,2024
Winter Haven,Polk,57923.0,2024
Crescent City,Putnam,1702.0,2024
Interlachen,Putnam,1495.0,2024
Palatka,Putnam,10503.0,2024
Pomona Park,Putnam,801.0,2024
Welaka,Putnam,815.0,2024
Gulf Breeze,Santa Rosa,6335.0,2024
Jay,Santa Rosa,526.0,2024
Milton,Santa Rosa,10300.0,2024
North Port,Sarasota,92399.0,2024
Sarasota,Sarasota,57943.0,2024
Venice,Sarasota,28967.0,2024
Altamonte Springs,Seminole,47313.0,2024
Casselberry,Seminole,30120.0,2024
Lake Mary,Seminole,17423.0,2024
Longwood,Seminole,16617.0,2024
Oviedo,Seminole,41934.0,2024
Sanford,Seminole,67897.0,2024
Winter Springs,Seminole,39131.0,2024
St. Augustine,St. Johns,15684.0,2024
St. Augustine Beach,St. Johns,6972.0,2024
Fort Pierce,St. Lucie,50823.0,2024
Port St. Lucie,St. Lucie,253959.0,2024
St. Lucie Village,St. Lucie,624.0,2024
Bushnell,Sumter,3760.0,2024
Center Hill,Sumter,893.0,2024
Coleman,Sumter,627.0,2024
Webster,Sumter,948.0,2024
Wildwood,Sumter,31337.0,2024
Branford,Suwannee,758.0,2024
Live Oak,Suwannee,6962.0,2024
Perry,Taylor,7062.0,2024
Lake Butler,Union,1979.0,2024
Raiford,Union,236.0,2024
Worthington Springs,Union,451.0,2024
Daytona Beach,Volusia,84891.0,2024
Daytona Beach Shores,Volusia,5251.0,2024
DeBary,Volusia,24009.0,2024
DeLand,Volusia,43185.0,2024
Deltona,Volusia,98312.0,2024
Edgewater,Volusia,24981.0,2024
Holly Hill,Volusia,13008.0,2024
Lake Helen,Volusia,3034.0,2024
New Smyrna Beach,Volusia,32542.0,2024
Oak Hill,Volusia,2103.0,2024
Orange City,Volusia,14866.0,2024
Ormond Beach,Volusia,45140.0,2024
Pierson,Volusia,1561.0,2024
Ponce Inlet,Volusia,3428.0,2024
Port Orange,Volusia,65670.0,2024
South Daytona,Volusia,13493.0,2024
Sopchoppy,Wakulla,485.0,2024
St. Marks,Wakulla,331.0,2024
DeFuniak Springs,Walton,6216.0,2024
Freeport,Walton,9857.0,2024
Paxton,Walton,580.0,2024
Caryville,Washington,279.0,2024
Chipley,Washington,3613.0,2024
Ebro,Washington,256.0,2024
Vernon,Washington,772.0,2024
Wausau,Washington,353.0,2024
Incorporated Population,,11520405.0,2024
Total Population,,23014551.0,2024
Incorporated Pop. as % of Total Pop.,,0.5005704869063055,2024
Alachua,Alachua,11015.0,2023
Archer,Alachua,1160.0,2023
Gainesville,Alachua,147865.0,2023
Hawthorne,Alachua,1462.0,2023
High Springs,Alachua,6975.0,2023
La Crosse,Alachua,305.0,2023
Micanopy,Alachua,660.0,2023
Newberry,Alachua,8503.0,2023
Waldo,Alachua,882.0,2023
Glen St. Mary,Baker,457.0,2023
Macclenny,Baker,7754.0,2023
Callaway,Bay,13200.0,2023
Lynn Haven,Bay,19432.0,2023
Mexico Beach,Bay,1285.0,2023
Panama City,Bay,37526.0,2023
Panama City Beach,Bay,19842.0,2023
Parker,Bay,4279.0,2023
Springfield,Bay,8510.0,2023
Brooker,Bradford,331.0,2023
Hampton,Bradford,483.0,2023
Lawtey,Bradford,659.0,2023
Starke,Bradford,6107.0,2023
Cape Canaveral,Brevard,10001.0,2023
Cocoa,Brevard,20670.0,2023
Cocoa Beach,Brevard,11356.0,2023
Grant-Valkaria,Brevard,4996.0,2023
Indialantic,Brevard,3005.0,2023
Indian Harbour Beach,Brevard,8982.0,2023
Malabar,Brevard,3083.0,2023
Melbourne,Brevard,87662.0,2023
Melbourne Beach,Brevard,3248.0,2023
Melbourne Village,Brevard,683.0,2023
Palm Bay,Brevard,133459.0,2023
Palm Shores,Brevard,1197.0,2023
Rockledge,Brevard,28774.0,2023
Satellite Beach,Brevard,11389.0,2023
Titusville,Brevard,49982.0,2023
West Melbourne,Brevard,29739.0,2023
Coconut Creek,Broward,57875.0,2023
Cooper City,Broward,34878.0,2023
Coral Springs,Broward,135010.0,2023
Dania Beach,Broward,32811.0,2023
Davie,Broward,106989.0,2023
Deerfield Beach,Broward,87578.0,2023
Fort Lauderdale,Broward,189118.0,2023
Hallandale Beach,Broward,41726.0,2023
Hillsboro Beach,Broward,1980.0,2023
Hollywood,Broward,154875.0,2023
Lauderdale Lakes,Broward,36792.0,2023
Lauderdale-By-The-Sea,Broward,6191.0,2023
Lauderhill,Broward,74592.0,2023
Lazy Lake,Broward,33.0,2023
Lighthouse Point,Broward,10504.0,2023
Margate,Broward,58725.0,2023
Miramar,Broward,138590.0,2023
North Lauderdale,Broward,44971.0,2023
Oakland Park,Broward,45065.0,2023
Parkland,Broward,37365.0,2023
Pembroke Park,Broward,6115.0,2023
Pembroke Pines,Broward,171222.0,2023
Plantation,Broward,95293.0,2023
Pompano Beach,Broward,113691.0,2023
Sea Ranch Lakes,Broward,537.0,2023
Southwest Ranches,Broward,7747.0,2023
Sunrise,Broward,98011.0,2023
Tamarac,Broward,73063.0,2023
West Park,Broward,15249.0,2023
Weston,Broward,68227.0,2023
Wilton Manors,Broward,11532.0,2023
Altha,Calhoun,505.0,2023
Blountstown,Calhoun,2259.0,2023
Punta Gorda,Charlotte,20410.0,2023
Crystal River,Citrus,3491.0,2023
Inverness,Citrus,7860.0,2023
Green Cove Springs,Clay,10384.0,2023
Keystone Heights,Clay,1464.0,2023
Orange Park,Clay,9165.0,2023
Penney Farms,Clay,840.0,2023
Everglades,Collier,376.0,2023
Marco Island,Collier,16198.0,2023
Naples,Collier,19306.0,2023
Fort White,Columbia,651.0,2023
Lake City,Columbia,12428.0,2023
Arcadia,DeSoto,7638.0,2023
Cross City,Dixie,1701.0,2023
Horseshoe Beach,Dixie,164.0,2023
Atlantic Beach,Duval,13529.0,2023
Baldwin,Duval,1415.0,2023
Jacksonville,Duval,1004869.0,2023
Jacksonville Beach,Duval,24204.0,2023
Neptune Beach,Duval,7261.0,2023
Century,Escambia,1682.0,2023
Pensacola,Escambia,55102.0,2023
Beverly Beach,Flagler,495.0,2023
Bunnell,Flagler,4027.0,2023
Palm Coast,Flagler,101737.0,2023
Marineland,Flagler/St. Johns,15.0,2023
Flagler Beach,Flagler/Volusia,5288.0,2023
Apalachicola,Franklin,2465.0,2023
Carrabelle,Franklin,2875.0,2023
Chattahoochee,Gadsden,3073.0,2023
Greensboro,Gadsden,465.0,2023
Gretna,Gadsden,1364.0,2023
Havana,Gadsden,1749.0,2023
Midway,Gadsden,3683.0,2023
Quincy,Gadsden,7971.0,2023
Bell,Gilchrist,521.0,2023
Trenton,Gilchrist,2149.0,2023
Fanning Springs,Gilchrist/Levy,1270.0,2023
Moore Haven,Glades,1529.0,2023
Port St. Joe,Gulf,3787.0,2023
Wewahitchka,Gulf,2190.0,2023
Jasper,Hamilton,3787.0,2023
Jennings,Hamilton,747.0,2023
White Springs,Hamilton,742.0,2023
Bowling Green,Hardee,2450.0,2023
Wauchula,Hardee,4869.0,2023
Zolfo Springs,Hardee,1753.0,2023
Clewiston,Hendry,7278.0,2023
LaBelle,Hendry,5083.0,2023
Brooksville,Hernando,9566.0,2023
Avon Park,Highlands,9758.0,2023
Lake Placid,Highlands,2409.0,2023
Sebring,Highlands,11472.0,2023
Plant City,Hillsborough,40949.0,2023
Tampa,Hillsborough,406294.0,2023
Temple Terrace,Hillsborough,27327.0,2023
Bonifay,Holmes,2776.0,2023
Esto,Holmes,350.0,2023
Noma,Holmes,218.0,2023
Ponce de Leon,Holmes,501.0,2023
Westville,Holmes,293.0,2023
Fellsmere,Indian River,4933.0,2023
Indian River Shores,Indian River,4512.0,2023
Orchid,Indian River,531.0,2023
Sebastian,Indian River,26405.0,2023
Vero Beach,Indian River,16693.0,2023
Alford,Jackson,488.0,2023
Bascom,Jackson,85.0,2023
Campbellton,Jackson,191.0,2023
Cottondale,Jackson,846.0,2023
Graceville,Jackson,2117.0,2023
Grand Ridge,Jackson,920.0,2023
Greenwood,Jackson,531.0,2023
Jacob City,Jackson,235.0,2023
Malone,Jackson,1535.0,2023
Marianna,Jackson,7191.0,2023
Sneads,Jackson,1687.0,2023
Monticello,Jefferson,2694.0,2023
Mayo,Lafayette,1093.0,2023
Astatula,Lake,2042.0,2023
Clermont,Lake,47456.0,2023
Eustis,Lake,23918.0,2023
Fruitland Park,Lake,8615.0,2023
Groveland,Lake,22760.0,2023
Howey-in-the-Hills,Lake,1790.0,2023
Lady Lake,Lake,16224.0,2023
Leesburg,Lake,30378.0,2023
Mascotte,Lake,8565.0,2023
Minneola,Lake,18064.0,2023
Montverde,Lake,1792.0,2023
Mount Dora,Lake,17843.0,2023
Tavares,Lake,21003.0,2023
Umatilla,Lake,3881.0,2023
Bonita Springs,Lee,54868.0,2023
Cape Coral,Lee,213301.0,2023
Estero,Lee,37507.0,2023
Fort Myers,Lee,97711.0,2023
Fort Myers Beach,Lee,3255.0,2023
Sanibel,Lee,5946.0,2023
Tallahassee,Leon,201833.0,2023
Bronson,Levy,1152.0,2023
Cedar Key,Levy,689.0,2023
Chiefland,Levy,2323.0,2023
Inglis,Levy,1506.0,2023
Otter Creek,Levy,110.0,2023
Williston,Levy,3297.0,2023
Yankeetown,Levy,588.0,2023
Bristol,Liberty,956.0,2023
Greenville,Madison,773.0,2023
Lee,Madison,388.0,2023
Madison,Madison,2978.0,2023
Anna Maria,Manatee,987.0,2023
Bradenton,Manatee,57253.0,2023
Bradenton Beach,Manatee,902.0,2023
Holmes Beach,Manatee,3026.0,2023
Palmetto,Manatee,13927.0,2023
Longboat Key,Manatee/Sarasota,7537.0,2023
Belleview,Marion,5833.0,2023
Dunnellon,Marion,2015.0,2023
McIntosh,Marion,465.0,2023
Ocala,Marion,66368.0,2023
Reddick,Marion,477.0,2023
Indiantown,Martin,6664.0,2023
Jupiter Island,Martin,786.0,2023
Ocean Breeze,Martin,608.0,2023
Sewall's Point,Martin,2038.0,2023
Stuart,Martin,19264.0,2023
Aventura,Miami-Dade,40247.0,2023
Bal Harbour,Miami-Dade,3054.0,2023
Bay Harbor Islands,Miami-Dade,5895.0,2023
Biscayne Park,Miami-Dade,3083.0,2023
Coral Gables,Miami-Dade,51677.0,2023
Cutler Bay,Miami-Dade,45472.0,2023
Doral,Miami-Dade,81318.0,2023
El Portal,Miami-Dade,1955.0,2023
Florida City,Miami-Dade,15690.0,2023
Golden Beach,Miami-Dade,966.0,2023
Hialeah,Miami-Dade,229054.0,2023
Hialeah Gardens,Miami-Dade,23065.0,2023
Homestead,Miami-Dade,83767.0,2023
Indian Creek,Miami-Dade,93.0,2023
Key Biscayne,Miami-Dade,14751.0,2023
Medley,Miami-Dade,1053.0,2023
Miami,Miami-Dade,464225.0,2023
Miami Beach,Miami-Dade,83430.0,2023
Miami Gardens,Miami-Dade,115299.0,2023
Miami Lakes,Miami-Dade,30902.0,2023
Miami Shores,Miami-Dade,11612.0,2023
Miami Springs,Miami-Dade,13887.0,2023
North Bay Village,Miami-Dade,8177.0,2023
North Miami,Miami-Dade,60172.0,2023
North Miami Beach,Miami-Dade,43100.0,2023
Opa-locka,Miami-Dade,16723.0,2023
Palmetto Bay,Miami-Dade,25064.0,2023
Pinecrest,Miami-Dade,18395.0,2023
South Miami,Miami-Dade,11981.0,2023
Sunny Isles Beach,Miami-Dade,22783.0,2023
Surfside,Miami-Dade,5398.0,2023
Sweetwater,Miami-Dade,20571.0,2023
Virginia Gardens,Miami-Dade,2382.0,2023
West Miami,Miami-Dade,7305.0,2023
Islamorada,Monroe,7307.0,2023
Key Colony Beach,Monroe,800.0,2023
Key West,Monroe,26767.0,2023
Layton,Monroe,214.0,2023
Marathon,Monroe,10056.0,2023
Callahan,Nassau,1680.0,2023
Fernandina Beach,Nassau,13499.0,2023
Hilliard,Nassau,3090.0,2023
Cinco Bayou,Okaloosa,455.0,2023
Crestview,Okaloosa,27933.0,2023
Destin,Okaloosa,14594.0,2023
Fort Walton Beach,Okaloosa,21120.0,2023
Laurel Hill,Okaloosa,658.0,2023
Mary Esther,Okaloosa,4571.0,2023
Niceville,Okaloosa,16492.0,2023
Shalimar,Okaloosa,783.0,2023
Valparaiso,Okaloosa,5025.0,2023
Okeechobee,Okeechobee,5361.0,2023
Apopka,Orange,58293.0,2023
Bay Lake,Orange,29.0,2023
Belle Isle,Orange,7239.0,2023
Eatonville,Orange,2370.0,2023
Edgewood,Orange,2631.0,2023
Lake Buena Vista,Orange,21.0,2023
Maitland,Orange,19964.0,2023
Oakland,Orange,5402.0,2023
Ocoee,Orange,49711.0,2023
Orlando,Orange,326988.0,2023
Windermere,Orange,3041.0,2023
Winter Garden,Orange,50800.0,2023
Winter Park,Orange,30706.0,2023
Kissimmee,Osceola,82714.0,2023
St. Cloud,Osceola,61997.0,2023
Atlantis,Palm Beach,2147.0,2023
Belle Glade,Palm Beach,17286.0,2023
Boca Raton,Palm Beach,100491.0,2023
Boynton Beach,Palm Beach,82208.0,2023
Briny Breezes,Palm Beach,500.0,2023
Cloud Lake,Palm Beach,140.0,2023
Delray Beach,Palm Beach,67213.0,2023
Glen Ridge,Palm Beach,215.0,2023
Golf,Palm Beach,281.0,2023
Greenacres,Palm Beach,45476.0,2023
Gulf Stream,Palm Beach,959.0,2023
Haverhill,Palm Beach,2193.0,2023
Highland Beach,Palm Beach,4303.0,2023
Hypoluxo,Palm Beach,2687.0,2023
Juno Beach,Palm Beach,3883.0,2023
Jupiter,Palm Beach,61333.0,2023
Jupiter Inlet Colony,Palm Beach,400.0,2023
Lake Clarke Shores,Palm Beach,3556.0,2023
Lake Park,Palm Beach,9025.0,2023
Lake Worth Beach,Palm Beach,43432.0,2023
Lantana,Palm Beach,12244.0,2023
Loxahatchee Groves,Palm Beach,3373.0,2023
Manalapan,Palm Beach,420.0,2023
Mangonia Park,Palm Beach,2369.0,2023
North Palm Beach,Palm Beach,13145.0,2023
Ocean Ridge,Palm Beach,1830.0,2023
Pahokee,Palm Beach,5607.0,2023
Palm Beach,Palm Beach,9207.0,2023
Palm Beach Gardens,Palm Beach,61517.0,2023
Palm Beach Shores,Palm Beach,1309.0,2023
Palm Springs,Palm Beach,27167.0,2023
Riviera Beach,Palm Beach,38795.0,2023
Royal Palm Beach,Palm Beach,40299.0,2023
South Bay,Palm Beach,4958.0,2023
South Palm Beach,Palm Beach,1469.0,2023
Tequesta,Palm Beach,6179.0,2023
Wellington,Palm Beach,61788.0,2023
West Palm Beach,Palm Beach,122157.0,2023
Westlake,Palm Beach,4694.0,2023
Dade City,Pasco,8363.0,2023
New Port Richey,Pasco,17213.0,2023
Port Richey,Pasco,3267.0,2023
San Antonio,Pasco,1381.0,2023
St. Leo,Pasco,2462.0,2023
Zephyrhills,Pasco,19337.0,2023
Belleair,Pinellas,4367.0,2023
Belleair Beach,Pinellas,1641.0,2023
Belleair Bluffs,Pinellas,2324.0,2023
Belleair Shore,Pinellas,74.0,2023
Clearwater,Pinellas,118904.0,2023
Dunedin,Pinellas,36083.0,2023
Gulfport,Pinellas,11806.0,2023
Indian Rocks Beach,Pinellas,3717.0,2023
Indian Shores,Pinellas,1212.0,2023
Kenneth City,Pinellas,5052.0,2023
Largo,Pinellas,84431.0,2023
Madeira Beach,Pinellas,3994.0,2023
North Redington Beach,Pinellas,1501.0,2023
Oldsmar,Pinellas,14928.0,2023
Pinellas Park,Pinellas,55572.0,2023
Redington Beach,Pinellas,1380.0,2023
Redington Shores,Pinellas,2194.0,2023
Safety Harbor,Pinellas,17059.0,2023
Seminole,Pinellas,19428.0,2023
South Pasadena,Pinellas,5428.0,2023
St. Pete Beach,Pinellas,8879.0,2023
St. Petersburg,Pinellas,265782.0,2023
Tarpon Springs,Pinellas,25849.0,2023
Treasure Island,Pinellas,6583.0,2023
Auburndale,Polk,19298.0,2023
Bartow,Polk,19969.0,2023
Davenport,Polk,12413.0,2023
Dundee,Polk,5653.0,2023
Eagle Lake,Polk,3863.0,2023
Fort Meade,Polk,5006.0,2023
Frostproof,Polk,3029.0,2023
Haines City,Polk,35285.0,2023
Highland Park,Polk,251.0,2023
Hillcrest Heights,Polk,240.0,2023
Lake Alfred,Polk,7342.0,2023
Lake Hamilton,Polk,1571.0,2023
Lake Wales,Polk,17384.0,2023
Lakeland,Polk,121968.0,2023
Mulberry,Polk,4345.0,2023
Polk City,Polk,2973.0,2023
Winter Haven,Polk,55764.0,2023
Crescent City,Putnam,1690.0,2023
Interlachen,Putnam,1446.0,2023
Palatka,Putnam,10506.0,2023
Pomona Park,Putnam,794.0,2023
Welaka,Putnam,785.0,2023
Gulf Breeze,Santa Rosa,6383.0,2023
Jay,Santa Rosa,550.0,2023
Milton,Santa Rosa,10120.0,2023
North Port,Sarasota,86552.0,2023
Sarasota,Sarasota,57005.0,2023
Venice,Sarasota,27793.0,2023
Altamonte Springs,Seminole,47420.0,2023
Casselberry,Seminole,30061.0,2023
Lake Mary,Seminole,17366.0,2023
Longwood,Seminole,16408.0,2023
Oviedo,Seminole,40261.0,2023
Sanford,Seminole,64508.0,2023
Winter Springs,Seminole,39097.0,2023
St. Augustine,St. Johns,15307.0,2023
St. Augustine Beach,St. Johns,6953.0,2023
Fort Pierce,St. Lucie,49508.0,2023
Port St. Lucie,St. Lucie,239653.0,2023
St. Lucie Village,St. Lucie,621.0,2023
Bushnell,Sumter,3523.0,2023
Center Hill,Sumter,868.0,2023
Coleman,Sumter,641.0,2023
Webster,Sumter,948.0,2023
Wildwood,Sumter,30327.0,2023
Branford,Suwannee,756.0,2023
Live Oak,Suwannee,6889.0,2023
Perry,Taylor,7006.0,2023
Lake Butler,Union,2001.0,2023
Raiford,Union,240.0,2023
Worthington Springs,Union,458.0,2023
Daytona Beach,Volusia,80940.0,2023
Daytona Beach Shores,Volusia,5262.0,2023
DeBary,Volusia,23750.0,2023
DeLand,Volusia,41264.0,2023
Deltona,Volusia,97337.0,2023
Edgewater,Volusia,24334.0,2023
Holly Hill,Volusia,13008.0,2023
Lake Helen,Volusia,3015.0,2023
New Smyrna Beach,Volusia,32131.0,2023
Oak Hill,Volusia,2065.0,2023
Orange City,Volusia,14313.0,2023
Ormond Beach,Volusia,44935.0,2023
Pierson,Volusia,1560.0,2023
Ponce Inlet,Volusia,3405.0,2023
Port Orange,Volusia,65008.0,2023
South Daytona,Volusia,13449.0,2023
Sopchoppy,Wakulla,460.0,2023
St. Marks,Wakulla,325.0,2023
DeFuniak Springs,Walton,6158.0,2023
Freeport,Walton,8901.0,2023
Paxton,Walton,579.0,2023
Caryville,Washington,293.0,2023
Chipley,Washington,3599.0,2023
Ebro,Washington,247.0,2023
Vernon,Washington,758.0,2023
Wausau,Washington,375.0,2023
Incorporated Population,,11355391.0,2023
Total Population,,22634867.0,2023
Incorporated Pop. as % of Total Pop.,,0.5016769482232876,2023
Alachua,Alachua,10844.0,2022
Archer,Alachua,1151.0,2022
Gainesville,Alachua,145879.0,2022
Hawthorne,Alachua,1480.0,2022
High Springs,Alachua,6741.0,2022
La Crosse,Alachua,288.0,2022
Micanopy,Alachua,656.0,2022
Newberry,Alachua,8066.0,2022
Waldo,Alachua,875.0,2022
Glen St. Mary,Baker,467.0,2022
Macclenny,Baker,7600.0,2022
Callaway,Bay,13162.0,2022
Lynn Haven,Bay,19107.0,2022
Mexico Beach,Bay,1229.0,2022
Panama City,Bay,36139.0,2022
Panama City Beach,Bay,19078.0,2022
Parker,Bay,4251.0,2022
Springfield,Bay,8431.0,2022
Brooker,Bradford,329.0,2022
Hampton,Bradford,479.0,2022
Lawtey,Bradford,663.0,2022
Starke,Bradford,5867.0,2022
Cape Canaveral,Brevard,9988.0,2022
Cocoa,Brevard,19892.0,2022
Cocoa Beach,Brevard,11385.0,2022
Grant-Valkaria,Brevard,4677.0,2022
Indialantic,Brevard,2998.0,2022
Indian Harbour Beach,Brevard,8978.0,2022
Malabar,Brevard,3019.0,2022
Melbourne,Brevard,87007.0,2022
Melbourne Beach,Brevard,3237.0,2022
Melbourne Village,Brevard,680.0,2022
Palm Bay,Brevard,126748.0,2022
Palm Shores,Brevard,1198.0,2022
Rockledge,Brevard,28500.0,2022
Satellite Beach,Brevard,11393.0,2022
Titusville,Brevard,49493.0,2022
West Melbourne,Brevard,28857.0,2022
Coconut Creek,Broward,57937.0,2022
Cooper City,Broward,34683.0,2022
Coral Springs,Broward,134816.0,2022
Dania Beach,Broward,32140.0,2022
Davie,Broward,106984.0,2022
Deerfield Beach,Broward,87414.0,2022
Fort Lauderdale,Broward,189019.0,2022
Hallandale Beach,Broward,41677.0,2022
Hillsboro Beach,Broward,1981.0,2022
Hollywood,Broward,154909.0,2022
Lauderdale Lakes,Broward,36725.0,2022
Lauderdale-By-The-Sea,Broward,6205.0,2022
Lauderhill,Broward,74887.0,2022
Lazy Lake,Broward,31.0,2022
Lighthouse Point,Broward,10506.0,2022
Margate,Broward,58760.0,2022
Miramar,Broward,138237.0,2022
North Lauderdale,Broward,45077.0,2022
Oakland Park,Broward,44517.0,2022
Parkland,Broward,36390.0,2022
Pembroke Park,Broward,6255.0,2022
Pembroke Pines,Broward,171309.0,2022
Plantation,Broward,94048.0,2022
Pompano Beach,Broward,113789.0,2022
Sea Ranch Lakes,Broward,540.0,2022
Southwest Ranches,Broward,7716.0,2022
Sunrise,Broward,97479.0,2022
Tamarac,Broward,72740.0,2022
West Park,Broward,15243.0,2022
Weston,Broward,68318.0,2022
Wilton Manors,Broward,11569.0,2022
Altha,Calhoun,498.0,2022
Blountstown,Calhoun,2280.0,2022
Punta Gorda,Charlotte,19930.0,2022
Crystal River,Citrus,3474.0,2022
Inverness,Citrus,7812.0,2022
Green Cove Springs,Clay,10234.0,2022
Keystone Heights,Clay,1454.0,2022
Orange Park,Clay,9157.0,2022
Penney Farms,Clay,832.0,2022
Everglades,Collier,383.0,2022
Marco Island,Collier,16112.0,2022
Naples,Collier,19283.0,2022
Fort White,Columbia,654.0,2022
Lake City,Columbia,12455.0,2022
Arcadia,DeSoto,7608.0,2022
Cross City,Dixie,1717.0,2022
Horseshoe Beach,Dixie,165.0,2022
Atlantic Beach,Duval,13500.0,2022
Baldwin,Duval,1403.0,2022
Jacksonville,Duval,987247.0,2022
Jacksonville Beach,Duval,24112.0,2022
Neptune Beach,Duval,7271.0,2022
Century,Escambia,1711.0,2022
Pensacola,Escambia,54772.0,2022
Beverly Beach,Flagler,490.0,2022
Bunnell,Flagler,3752.0,2022
Palm Coast,Flagler,96504.0,2022
Marineland,Flagler/St. Johns,15.0,2022
Flagler Beach,Flagler/Volusia,5254.0,2022
Apalachicola,Franklin,2380.0,2022
Carrabelle,Franklin,2818.0,2022
Chattahoochee,Gadsden,2744.0,2022
Greensboro,Gadsden,467.0,2022
Gretna,Gadsden,1362.0,2022
Havana,Gadsden,1777.0,2022
Midway,Gadsden,3647.0,2022
Quincy,Gadsden,7923.0,2022
Bell,Gilchrist,515.0,2022
Trenton,Gilchrist,2107.0,2022
Fanning Springs,Gilchrist/Levy,1228.0,2022
Moore Haven,Glades,1468.0,2022
Port St. Joe,Gulf,3760.0,2022
Wewahitchka,Gulf,2188.0,2022
Jasper,Hamilton,3726.0,2022
Jennings,Hamilton,757.0,2022
White Springs,Hamilton,766.0,2022
Bowling Green,Hardee,2438.0,2022
Wauchula,Hardee,4842.0,2022
Zolfo Springs,Hardee,1758.0,2022
Clewiston,Hendry,7316.0,2022
LaBelle,Hendry,5041.0,2022
Brooksville,Hernando,9481.0,2022
Avon Park,Highlands,9769.0,2022
Lake Placid,Highlands,2385.0,2022
Sebring,Highlands,11361.0,2022
Plant City,Hillsborough,40365.0,2022
Tampa,Hillsborough,401512.0,2022
Temple Terrace,Hillsborough,27251.0,2022
Bonifay,Holmes,2764.0,2022
Esto,Holmes,350.0,2022
Noma,Holmes,217.0,2022
Ponce de Leon,Holmes,497.0,2022
Westville,Holmes,281.0,2022
Fellsmere,Indian River,4913.0,2022
Indian River Shores,Indian River,4435.0,2022
Orchid,Indian River,520.0,2022
Sebastian,Indian River,25915.0,2022
Vero Beach,Indian River,16473.0,2022
Alford,Jackson,466.0,2022
Bascom,Jackson,84.0,2022
Campbellton,Jackson,191.0,2022
Cottondale,Jackson,852.0,2022
Graceville,Jackson,2110.0,2022
Grand Ridge,Jackson,892.0,2022
Greenwood,Jackson,545.0,2022
Jacob City,Jackson,231.0,2022
Malone,Jackson,1574.0,2022
Marianna,Jackson,7035.0,2022
Sneads,Jackson,1703.0,2022
Monticello,Jefferson,2646.0,2022
Mayo,Lafayette,1075.0,2022
Astatula,Lake,1995.0,2022
Clermont,Lake,45812.0,2022
Eustis,Lake,23595.0,2022
Fruitland Park,Lake,8615.0,2022
Groveland,Lake,21633.0,2022
Howey-in-the-Hills,Lake,1778.0,2022
Lady Lake,Lake,16174.0,2022
Leesburg,Lake,28833.0,2022
Mascotte,Lake,8040.0,2022
Minneola,Lake,16446.0,2022
Montverde,Lake,1712.0,2022
Mount Dora,Lake,17129.0,2022
Tavares,Lake,20296.0,2022
Umatilla,Lake,3875.0,2022
Bonita Springs,Lee,55502.0,2022
Cape Coral,Lee,208053.0,2022
Estero,Lee,37842.0,2022
Fort Myers,Lee,96755.0,2022
Fort Myers Beach,Lee,5589.0,2022
Sanibel,Lee,6485.0,2022
Tallahassee,Leon,200289.0,2022
Bronson,Levy,1147.0,2022
Cedar Key,Levy,689.0,2022
Chiefland,Levy,2321.0,2022
Inglis,Levy,1492.0,2022
Otter Creek,Levy,108.0,2022
Williston,Levy,3085.0,2022
Yankeetown,Levy,585.0,2022
Bristol,Liberty,945.0,2022
Greenville,Madison,756.0,2022
Lee,Madison,388.0,2022
Madison,Madison,3002.0,2022
Anna Maria,Manatee,984.0,2022
Bradenton,Manatee,56957.0,2022
Bradenton Beach,Manatee,897.0,2022
Holmes Beach,Manatee,3023.0,2022
Palmetto,Manatee,13493.0,2022
Longboat Key,Manatee/Sarasota,7519.0,2022
Belleview,Marion,5770.0,2022
Dunnellon,Marion,1992.0,2022
McIntosh,Marion,465.0,2022
Ocala,Marion,64951.0,2022
Reddick,Marion,471.0,2022
Indiantown,Martin,6590.0,2022
Jupiter Island,Martin,793.0,2022
Ocean Breeze,Martin,396.0,2022
Sewall's Point,Martin,2006.0,2022
Stuart,Martin,18788.0,2022
Aventura,Miami-Dade,40350.0,2022
Bal Harbour,Miami-Dade,3094.0,2022
Bay Harbor Islands,Miami-Dade,5961.0,2022
Biscayne Park,Miami-Dade,3112.0,2022
Coral Gables,Miami-Dade,52014.0,2022
Cutler Bay,Miami-Dade,45545.0,2022
Doral,Miami-Dade,81182.0,2022
El Portal,Miami-Dade,1993.0,2022
Florida City,Miami-Dade,14320.0,2022
Golden Beach,Miami-Dade,955.0,2022
Hialeah,Miami-Dade,228206.0,2022
Hialeah Gardens,Miami-Dade,23076.0,2022
Homestead,Miami-Dade,83012.0,2022
Indian Creek,Miami-Dade,89.0,2022
Key Biscayne,Miami-Dade,14784.0,2022
Medley,Miami-Dade,1056.0,2022
Miami,Miami-Dade,459224.0,2022
Miami Beach,Miami-Dade,83618.0,2022
Miami Gardens,Miami-Dade,115053.0,2022
Miami Lakes,Miami-Dade,30905.0,2022
Miami Shores,Miami-Dade,11630.0,2022
Miami Springs,Miami-Dade,13865.0,2022
North Bay Village,Miami-Dade,8206.0,2022
North Miami,Miami-Dade,60337.0,2022
North Miami Beach,Miami-Dade,43591.0,2022
Opa-locka,Miami-Dade,16710.0,2022
Palmetto Bay,Miami-Dade,25041.0,2022
Pinecrest,Miami-Dade,18394.0,2022
South Miami,Miami-Dade,12090.0,2022
Sunny Isles Beach,Miami-Dade,22756.0,2022
Surfside,Miami-Dade,5446.0,2022
Sweetwater,Miami-Dade,20240.0,2022
Virginia Gardens,Miami-Dade,2376.0,2022
West Miami,Miami-Dade,7313.0,2022
Islamorada,Monroe,7272.0,2022
Key Colony Beach,Monroe,807.0,2022
Key West,Monroe,27040.0,2022
Layton,Monroe,214.0,2022
Marathon,Monroe,9926.0,2022
Callahan,Nassau,1597.0,2022
Fernandina Beach,Nassau,13188.0,2022
Hilliard,Nassau,2988.0,2022
Cinco Bayou,Okaloosa,455.0,2022
Crestview,Okaloosa,27542.0,2022
Destin,Okaloosa,14472.0,2022
Fort Walton Beach,Okaloosa,21011.0,2022
Laurel Hill,Okaloosa,627.0,2022
Mary Esther,Okaloosa,4396.0,2022
Niceville,Okaloosa,16186.0,2022
Shalimar,Okaloosa,774.0,2022
Valparaiso,Okaloosa,4926.0,2022
Okeechobee,Okeechobee,5352.0,2022
Apopka,Orange,57390.0,2022
Bay Lake,Orange,29.0,2022
Belle Isle,Orange,7042.0,2022
Eatonville,Orange,2371.0,2022
Edgewood,Orange,2645.0,2022
Lake Buena Vista,Orange,21.0,2022
Maitland,Orange,19944.0,2022
Oakland,Orange,5396.0,2022
Ocoee,Orange,49221.0,2022
Orlando,Orange,321904.0,2022
Windermere,Orange,3038.0,2022
Winter Garden,Orange,50318.0,2022
Winter Park,Orange,30465.0,2022
Kissimmee,Osceola,82168.0,2022
St. Cloud,Osceola,61331.0,2022
Atlantis,Palm Beach,2145.0,2022
Belle Glade,Palm Beach,17213.0,2022
Boca Raton,Palm Beach,99542.0,2022
Boynton Beach,Palm Beach,81748.0,2022
Briny Breezes,Palm Beach,498.0,2022
Cloud Lake,Palm Beach,139.0,2022
Delray Beach,Palm Beach,67073.0,2022
Glen Ridge,Palm Beach,217.0,2022
Golf,Palm Beach,260.0,2022
Greenacres,Palm Beach,44797.0,2022
Gulf Stream,Palm Beach,957.0,2022
Haverhill,Palm Beach,2190.0,2022
Highland Beach,Palm Beach,4302.0,2022
Hypoluxo,Palm Beach,2686.0,2022
Juno Beach,Palm Beach,3869.0,2022
Jupiter,Palm Beach,61341.0,2022
Jupiter Inlet Colony,Palm Beach,406.0,2022
Lake Clarke Shores,Palm Beach,3565.0,2022
Lake Park,Palm Beach,9030.0,2022
Lake Worth Beach,Palm Beach,42637.0,2022
Lantana,Palm Beach,12132.0,2022
Loxahatchee Groves,Palm Beach,3375.0,2022
Manalapan,Palm Beach,422.0,2022
Mangonia Park,Palm Beach,2134.0,2022
North Palm Beach,Palm Beach,13166.0,2022
Ocean Ridge,Palm Beach,1831.0,2022
Pahokee,Palm Beach,5579.0,2022
Palm Beach,Palm Beach,9218.0,2022
Palm Beach Gardens,Palm Beach,60675.0,2022
Palm Beach Shores,Palm Beach,1309.0,2022
Palm Springs,Palm Beach,26924.0,2022
Riviera Beach,Palm Beach,38613.0,2022
Royal Palm Beach,Palm Beach,39345.0,2022
South Bay,Palm Beach,5015.0,2022
South Palm Beach,Palm Beach,1472.0,2022
Tequesta,Palm Beach,6152.0,2022
Wellington,Palm Beach,61807.0,2022
West Palm Beach,Palm Beach,119971.0,2022
Westlake,Palm Beach,2981.0,2022
Dade City,Pasco,7779.0,2022
New Port Richey,Pasco,17165.0,2022
Port Richey,Pasco,3250.0,2022
San Antonio,Pasco,1304.0,2022
St. Leo,Pasco,2462.0,2022
Zephyrhills,Pasco,18631.0,2022
Belleair,Pinellas,4372.0,2022
Belleair Beach,Pinellas,1643.0,2022
Belleair Bluffs,Pinellas,2332.0,2022
Belleair Shore,Pinellas,74.0,2022
Clearwater,Pinellas,119208.0,2022
Dunedin,Pinellas,36102.0,2022
Gulfport,Pinellas,11801.0,2022
Indian Rocks Beach,Pinellas,3719.0,2022
Indian Shores,Pinellas,1207.0,2022
Kenneth City,Pinellas,5053.0,2022
Largo,Pinellas,84286.0,2022
Madeira Beach,Pinellas,3939.0,2022
North Redington Beach,Pinellas,1495.0,2022
Oldsmar,Pinellas,14924.0,2022
Pinellas Park,Pinellas,55092.0,2022
Redington Beach,Pinellas,1375.0,2022
Redington Shores,Pinellas,2181.0,2022
Safety Harbor,Pinellas,17039.0,2022
Seminole,Pinellas,19476.0,2022
South Pasadena,Pinellas,5417.0,2022
St. Pete Beach,Pinellas,8878.0,2022
St. Petersburg,Pinellas,264220.0,2022
Tarpon Springs,Pinellas,25752.0,2022
Treasure Island,Pinellas,6586.0,2022
Auburndale,Polk,17453.0,2022
Bartow,Polk,19653.0,2022
Davenport,Polk,10824.0,2022
Dundee,Polk,5575.0,2022
Eagle Lake,Polk,3391.0,2022
Fort Meade,Polk,5173.0,2022
Frostproof,Polk,2998.0,2022
Haines City,Polk,31979.0,2022
Highland Park,Polk,246.0,2022
Hillcrest Heights,Polk,243.0,2022
Lake Alfred,Polk,6762.0,2022
Lake Hamilton,Polk,1560.0,2022
Lake Wales,Polk,17359.0,2022
Lakeland,Polk,120279.0,2022
Mulberry,Polk,4040.0,2022
Polk City,Polk,2956.0,2022
Winter Haven,Polk,53331.0,2022
Crescent City,Putnam,1692.0,2022
Interlachen,Putnam,1446.0,2022
Palatka,Putnam,10529.0,2022
Pomona Park,Putnam,789.0,2022
Welaka,Putnam,747.0,2022
Gulf Breeze,Santa Rosa,6380.0,2022
Jay,Santa Rosa,547.0,2022
Milton,Santa Rosa,10154.0,2022
North Port,Sarasota,81823.0,2022
Sarasota,Sarasota,56494.0,2022
Venice,Sarasota,26728.0,2022
Altamonte Springs,Seminole,47413.0,2022
Casselberry,Seminole,30020.0,2022
Lake Mary,Seminole,17333.0,2022
Longwood,Seminole,15894.0,2022
Oviedo,Seminole,40078.0,2022
Sanford,Seminole,63172.0,2022
Winter Springs,Seminole,39038.0,2022
St. Augustine,St. Johns,15346.0,2022
St. Augustine Beach,St. Johns,6914.0,2022
Fort Pierce,St. Lucie,47841.0,2022
Port St. Lucie,St. Lucie,224916.0,2022
St. Lucie Village,St. Lucie,574.0,2022
Bushnell,Sumter,3141.0,2022
Center Hill,Sumter,857.0,2022
Coleman,Sumter,642.0,2022
Webster,Sumter,798.0,2022
Wildwood,Sumter,24681.0,2022
Branford,Suwannee,737.0,2022
Live Oak,Suwannee,6884.0,2022
Perry,Taylor,7013.0,2022
Lake Butler,Union,2004.0,2022
Raiford,Union,236.0,2022
Worthington Springs,Union,447.0,2022
Daytona Beach,Volusia,77633.0,2022
Daytona Beach Shores,Volusia,5279.0,2022
DeBary,Volusia,23336.0,2022
DeLand,Volusia,39282.0,2022
Deltona,Volusia,95918.0,2022
Edgewater,Volusia,23855.0,2022
Holly Hill,Volusia,12983.0,2022
Lake Helen,Volusia,2974.0,2022
New Smyrna Beach,Volusia,31380.0,2022
Oak Hill,Volusia,2036.0,2022
Orange City,Volusia,13898.0,2022
Ormond Beach,Volusia,44677.0,2022
Pierson,Volusia,1564.0,2022
Ponce Inlet,Volusia,3391.0,2022
Port Orange,Volusia,64230.0,2022
South Daytona,Volusia,13362.0,2022
Sopchoppy,Wakulla,443.0,2022
St. Marks,Wakulla,320.0,2022
DeFuniak Springs,Walton,5945.0,2022
Freeport,Walton,8068.0,2022
Paxton,Walton,562.0,2022
Caryville,Washington,296.0,2022
Chipley,Washington,3597.0,2022
Ebro,Washington,247.0,2022
Vernon,Washington,747.0,2022
Wausau,Washington,389.0,2022
Incorporated Population,,11202434.0,2022
Total Population,,22276132.0,2022
Incorporated Pop. as % of Total Pop.,,0.5028895501247703,2022
Alachua,Alachua,10756.0,2021
Archer,Alachua,1149.0,2021
Gainesville,Alachua,143835.0,2021
Hawthorne,Alachua,1468.0,2021
High Springs,Alachua,6496.0,2021
La Crosse,Alachua,314.0,2021
Micanopy,Alachua,654.0,2021
Newberry,Alachua,7684.0,2021
Waldo,Alachua,861.0,2021
Glen St. Mary,Baker,476.0,2021
Macclenny,Baker,7522.0,2021
Callaway,Bay,13081.0,2021
Lynn Haven,Bay,18810.0,2021
Mexico Beach,Bay,1037.0,2021
Panama City,Bay,34698.0,2021
Panama City Beach,Bay,18783.0,2021
Parker,Bay,4027.0,2021
Springfield,Bay,8109.0,2021
Brooker,Bradford,327.0,2021
Hampton,Bradford,436.0,2021
Lawtey,Bradford,643.0,2021
Starke,Bradford,5800.0,2021
Cape Canaveral,Brevard,9959.0,2021
Cocoa,Brevard,19653.0,2021
Cocoa Beach,Brevard,11346.0,2021
Grant-Valkaria,Brevard,4612.0,2021
Indialantic,Brevard,3003.0,2021
Indian Harbour Beach,Brevard,9017.0,2021
Malabar,Brevard,2993.0,2021
Melbourne,Brevard,85800.0,2021
Melbourne Beach,Brevard,3236.0,2021
Melbourne Village,Brevard,695.0,2021
Palm Bay,Brevard,122765.0,2021
Palm Shores,Brevard,1203.0,2021
Rockledge,Brevard,27824.0,2021
Satellite Beach,Brevard,11332.0,2021
Titusville,Brevard,49085.0,2021
West Melbourne,Brevard,28127.0,2021
Coconut Creek,Broward,57871.0,2021
Cooper City,Broward,34397.0,2021
Coral Springs,Broward,134558.0,2021
Dania Beach,Broward,31837.0,2021
Davie,Broward,106199.0,2021
Deerfield Beach,Broward,87106.0,2021
Fort Lauderdale,Broward,186076.0,2021
Hallandale Beach,Broward,41157.0,2021
Hillsboro Beach,Broward,1986.0,2021
Hollywood,Broward,153854.0,2021
Lauderdale Lakes,Broward,36647.0,2021
Lauderdale-By-The-Sea,Broward,6203.0,2021
Lauderhill,Broward,74538.0,2021
Lazy Lake,Broward,33.0,2021
Lighthouse Point,Broward,10499.0,2021
Margate,Broward,58714.0,2021
Miramar,Broward,136007.0,2021
North Lauderdale,Broward,44855.0,2021
Oakland Park,Broward,44296.0,2021
Parkland,Broward,35440.0,2021
Pembroke Park,Broward,6222.0,2021
Pembroke Pines,Broward,170857.0,2021
Plantation,Broward,92628.0,2021
Pompano Beach,Broward,113144.0,2021
Sea Ranch Lakes,Broward,535.0,2021
Southwest Ranches,Broward,7675.0,2021
Sunrise,Broward,97359.0,2021
Tamarac,Broward,72509.0,2021
West Park,Broward,15229.0,2021
Weston,Broward,68305.0,2021
Wilton Manors,Broward,11560.0,2021
Altha,Calhoun,494.0,2021
Blountstown,Calhoun,2273.0,2021
Punta Gorda,Charlotte,19637.0,2021
Crystal River,Citrus,3429.0,2021
Inverness,Citrus,7765.0,2021
Green Cove Springs,Clay,9959.0,2021
Keystone Heights,Clay,1454.0,2021
Orange Park,Clay,9126.0,2021
Penney Farms,Clay,826.0,2021
Everglades,Collier,363.0,2021
Marco Island,Collier,16086.0,2021
Naples,Collier,19186.0,2021
Fort White,Columbia,631.0,2021
Lake City,Columbia,12400.0,2021
Arcadia,DeSoto,7479.0,2021
Cross City,Dixie,1710.0,2021
Horseshoe Beach,Dixie,166.0,2021
Atlantic Beach,Duval,13519.0,2021
Baldwin,Duval,1394.0,2021
Jacksonville,Duval,970562.0,2021
Jacksonville Beach,Duval,24075.0,2021
Neptune Beach,Duval,7259.0,2021
Century,Escambia,1732.0,2021
Pensacola,Escambia,54490.0,2021
Beverly Beach,Flagler,479.0,2021
Bunnell,Flagler,3495.0,2021
Palm Coast,Flagler,92866.0,2021
Marineland,Flagler/St. Johns,15.0,2021
Flagler Beach,Flagler/Volusia,5205.0,2021
Apalachicola,Franklin,2370.0,2021
Carrabelle,Franklin,2548.0,2021
Chattahoochee,Gadsden,2741.0,2021
Greensboro,Gadsden,471.0,2021
Gretna,Gadsden,1365.0,2021
Havana,Gadsden,1777.0,2021
Midway,Gadsden,3617.0,2021
Quincy,Gadsden,7886.0,2021
Bell,Gilchrist,515.0,2021
Trenton,Gilchrist,2065.0,2021
Fanning Springs,Gilchrist/Levy,1218.0,2021
Moore Haven,Glades,1530.0,2021
Port St. Joe,Gulf,3547.0,2021
Wewahitchka,Gulf,2124.0,2021
Jasper,Hamilton,3592.0,2021
Jennings,Hamilton,749.0,2021
White Springs,Hamilton,762.0,2021
Bowling Green,Hardee,2395.0,2021
Wauchula,Hardee,4872.0,2021
Zolfo Springs,Hardee,1734.0,2021
Clewiston,Hendry,7368.0,2021
LaBelle,Hendry,5019.0,2021
Brooksville,Hernando,9165.0,2021
Avon Park,Highlands,9721.0,2021
Lake Placid,Highlands,2367.0,2021
Sebring,Highlands,10894.0,2021
Plant City,Hillsborough,40183.0,2021
Tampa,Hillsborough,391800.0,2021
Temple Terrace,Hillsborough,27005.0,2021
Bonifay,Holmes,2783.0,2021
Esto,Holmes,348.0,2021
Noma,Holmes,220.0,2021
Ponce de Leon,Holmes,502.0,2021
Westville,Holmes,275.0,2021
Fellsmere,Indian River,4824.0,2021
Indian River Shores,Indian River,4264.0,2021
Orchid,Indian River,518.0,2021
Sebastian,Indian River,25454.0,2021
Vero Beach,Indian River,16402.0,2021
Alford,Jackson,478.0,2021
Bascom,Jackson,82.0,2021
Campbellton,Jackson,193.0,2021
Cottondale,Jackson,844.0,2021
Graceville,Jackson,2159.0,2021
Grand Ridge,Jackson,882.0,2021
Greenwood,Jackson,551.0,2021
Jacob City,Jackson,219.0,2021
Malone,Jackson,1244.0,2021
Marianna,Jackson,6549.0,2021
Sneads,Jackson,1707.0,2021
Monticello,Jefferson,2623.0,2021
Mayo,Lafayette,1064.0,2021
Astatula,Lake,1945.0,2021
Clermont,Lake,44687.0,2021
Eustis,Lake,23407.0,2021
Fruitland Park,Lake,8675.0,2021
Groveland,Lake,20197.0,2021
Howey-in-the-Hills,Lake,1680.0,2021
Lady Lake,Lake,16042.0,2021
Leesburg,Lake,28234.0,2021
Mascotte,Lake,7321.0,2021
Minneola,Lake,15038.0,2021
Montverde,Lake,1693.0,2021
Mount Dora,Lake,16688.0,2021
Tavares,Lake,19600.0,2021
Umatilla,Lake,3785.0,2021
Bonita Springs,Lee,54746.0,2021
Cape Coral,Lee,201554.0,2021
Estero,Lee,37213.0,2021
Fort Myers,Lee,91544.0,2021
Fort Myers Beach,Lee,5584.0,2021
Sanibel,Lee,6443.0,2021
Tallahassee,Leon,198371.0,2021
Bronson,Levy,1147.0,2021
Cedar Key,Levy,685.0,2021
Chiefland,Levy,2328.0,2021
Inglis,Levy,1483.0,2021
Otter Creek,Levy,110.0,2021
Williston,Levy,3041.0,2021
Yankeetown,Levy,587.0,2021
Bristol,Liberty,954.0,2021
Greenville,Madison,756.0,2021
Lee,Madison,385.0,2021
Madison,Madison,2977.0,2021
Anna Maria,Manatee,976.0,2021
Bradenton,Manatee,56442.0,2021
Bradenton Beach,Manatee,900.0,2021
Holmes Beach,Manatee,3017.0,2021
Palmetto,Manatee,13348.0,2021
Longboat Key,Manatee/Sarasota,7519.0,2021
Belleview,Marion,5591.0,2021
Dunnellon,Marion,1934.0,2021
McIntosh,Marion,462.0,2021
Ocala,Marion,64243.0,2021
Reddick,Marion,461.0,2021
Indiantown,Martin,6580.0,2021
Jupiter Island,Martin,800.0,2021
Ocean Breeze,Martin,325.0,2021
Sewall's Point,Martin,1997.0,2021
Stuart,Martin,17684.0,2021
Aventura,Miami-Dade,40371.0,2021
Bal Harbour,Miami-Dade,3084.0,2021
Bay Harbor Islands,Miami-Dade,5975.0,2021
Biscayne Park,Miami-Dade,3119.0,2021
Coral Gables,Miami-Dade,50193.0,2021
Cutler Bay,Miami-Dade,45478.0,2021
Doral,Miami-Dade,80703.0,2021
El Portal,Miami-Dade,1991.0,2021
Florida City,Miami-Dade,13857.0,2021
Golden Beach,Miami-Dade,955.0,2021
Hialeah,Miami-Dade,225493.0,2021
Hialeah Gardens,Miami-Dade,23055.0,2021
Homestead,Miami-Dade,81110.0,2021
Indian Creek,Miami-Dade,84.0,2021
Key Biscayne,Miami-Dade,14815.0,2021
Medley,Miami-Dade,1047.0,2021
Miami,Miami-Dade,449747.0,2021
Miami Beach,Miami-Dade,82785.0,2021
Miami Gardens,Miami-Dade,112508.0,2021
Miami Lakes,Miami-Dade,30857.0,2021
Miami Shores,Miami-Dade,11548.0,2021
Miami Springs,Miami-Dade,13851.0,2021
North Bay Village,Miami-Dade,8211.0,2021
North Miami,Miami-Dade,60175.0,2021
North Miami Beach,Miami-Dade,43749.0,2021
Opa-locka,Miami-Dade,16570.0,2021
Palmetto Bay,Miami-Dade,24499.0,2021
Pinecrest,Miami-Dade,18419.0,2021
South Miami,Miami-Dade,12071.0,2021
Sunny Isles Beach,Miami-Dade,22655.0,2021
Surfside,Miami-Dade,5593.0,2021
Sweetwater,Miami-Dade,19941.0,2021
Virginia Gardens,Miami-Dade,2371.0,2021
West Miami,Miami-Dade,7275.0,2021
Islamorada,Monroe,7116.0,2021
Key Colony Beach,Monroe,793.0,2021
Key West,Monroe,26687.0,2021
Layton,Monroe,211.0,2021
Marathon,Monroe,9915.0,2021
Callahan,Nassau,1609.0,2021
Fernandina Beach,Nassau,13051.0,2021
Hilliard,Nassau,3047.0,2021
Cinco Bayou,Okaloosa,457.0,2021
Crestview,Okaloosa,27366.0,2021
Destin,Okaloosa,14217.0,2021
Fort Walton Beach,Okaloosa,20948.0,2021
Laurel Hill,Okaloosa,624.0,2021
Mary Esther,Okaloosa,4027.0,2021
Niceville,Okaloosa,16040.0,2021
Shalimar,Okaloosa,763.0,2021
Valparaiso,Okaloosa,4793.0,2021
Okeechobee,Okeechobee,5284.0,2021
Apopka,Orange,56727.0,2021
Bay Lake,Orange,29.0,2021
Belle Isle,Orange,7027.0,2021
Eatonville,Orange,2344.0,2021
Edgewood,Orange,2683.0,2021
Lake Buena Vista,Orange,24.0,2021
Maitland,Orange,19545.0,2021
Oakland,Orange,3895.0,2021
Ocoee,Orange,48202.0,2021
Orlando,Orange,314506.0,2021
Windermere,Orange,3051.0,2021
Winter Garden,Orange,47475.0,2021
Winter Park,Orange,30019.0,2021
Kissimmee,Osceola,80999.0,2021
St. Cloud,Osceola,61033.0,2021
Atlantis,Palm Beach,2145.0,2021
Belle Glade,Palm Beach,16893.0,2021
Boca Raton,Palm Beach,98046.0,2021
Boynton Beach,Palm Beach,81011.0,2021
Briny Breezes,Palm Beach,499.0,2021
Cloud Lake,Palm Beach,136.0,2021
Delray Beach,Palm Beach,66948.0,2021
Glen Ridge,Palm Beach,217.0,2021
Golf,Palm Beach,257.0,2021
Greenacres,Palm Beach,44549.0,2021
Gulf Stream,Palm Beach,949.0,2021
Haverhill,Palm Beach,2193.0,2021
Highland Beach,Palm Beach,4300.0,2021
Hypoluxo,Palm Beach,2686.0,2021
Juno Beach,Palm Beach,3862.0,2021
Jupiter,Palm Beach,61121.0,2021
Jupiter Inlet Colony,Palm Beach,403.0,2021
Lake Clarke Shores,Palm Beach,3562.0,2021
Lake Park,Palm Beach,9039.0,2021
Lake Worth Beach,Palm Beach,42572.0,2021
Lantana,Palm Beach,11579.0,2021
Loxahatchee Groves,Palm Beach,3379.0,2021
Manalapan,Palm Beach,419.0,2021
Mangonia Park,Palm Beach,2142.0,2021
North Palm Beach,Palm Beach,13167.0,2021
Ocean Ridge,Palm Beach,1828.0,2021
Pahokee,Palm Beach,5580.0,2021
Palm Beach,Palm Beach,9253.0,2021
Palm Beach Gardens,Palm Beach,59755.0,2021
Palm Beach Shores,Palm Beach,1330.0,2021
Palm Springs,Palm Beach,26904.0,2021
Riviera Beach,Palm Beach,38125.0,2021
Royal Palm Beach,Palm Beach,39144.0,2021
South Bay,Palm Beach,4924.0,2021
South Palm Beach,Palm Beach,1472.0,2021
Tequesta,Palm Beach,6152.0,2021
Wellington,Palm Beach,61768.0,2021
West Palm Beach,Palm Beach,119255.0,2021
Westlake,Palm Beach,1757.0,2021
Dade City,Pasco,7541.0,2021
New Port Richey,Pasco,16812.0,2021
Port Richey,Pasco,3185.0,2021
San Antonio,Pasco,1297.0,2021
St. Leo,Pasco,2363.0,2021
Zephyrhills,Pasco,17788.0,2021
Belleair,Pinellas,4324.0,2021
Belleair Beach,Pinellas,1632.0,2021
Belleair Bluffs,Pinellas,2317.0,2021
Belleair Shore,Pinellas,74.0,2021
Clearwater,Pinellas,117800.0,2021
Dunedin,Pinellas,36116.0,2021
Gulfport,Pinellas,11777.0,2021
Indian Rocks Beach,Pinellas,3696.0,2021
Indian Shores,Pinellas,1193.0,2021
Kenneth City,Pinellas,5034.0,2021
Largo,Pinellas,83071.0,2021
Madeira Beach,Pinellas,3886.0,2021
North Redington Beach,Pinellas,1493.0,2021
Oldsmar,Pinellas,14905.0,2021
Pinellas Park,Pinellas,54239.0,2021
Redington Beach,Pinellas,1372.0,2021
Redington Shores,Pinellas,2180.0,2021
Safety Harbor,Pinellas,17105.0,2021
Seminole,Pinellas,19358.0,2021
South Pasadena,Pinellas,5359.0,2021
St. Pete Beach,Pinellas,8867.0,2021
St. Petersburg,Pinellas,260778.0,2021
Tarpon Springs,Pinellas,25359.0,2021
Treasure Island,Pinellas,6570.0,2021
Auburndale,Polk,16539.0,2021
Bartow,Polk,19539.0,2021
Davenport,Polk,10552.0,2021
Dundee,Polk,5551.0,2021
Eagle Lake,Polk,3191.0,2021
Fort Meade,Polk,5107.0,2021
Frostproof,Polk,2944.0,2021
Haines City,Polk,29179.0,2021
Highland Park,Polk,252.0,2021
Hillcrest Heights,Polk,249.0,2021
Lake Alfred,Polk,6568.0,2021
Lake Hamilton,Polk,1568.0,2021
Lake Wales,Polk,17001.0,2021
Lakeland,Polk,116421.0,2021
Mulberry,Polk,4011.0,2021
Polk City,Polk,2902.0,2021
Winter Haven,Polk,51126.0,2021
Crescent City,Putnam,1662.0,2021
Interlachen,Putnam,1443.0,2021
Palatka,Putnam,10468.0,2021
Pomona Park,Putnam,781.0,2021
Welaka,Putnam,719.0,2021
Gulf Breeze,Santa Rosa,6359.0,2021
Jay,Santa Rosa,547.0,2021
Milton,Santa Rosa,10160.0,2021
North Port,Sarasota,78129.0,2021
Sarasota,Sarasota,55386.0,2021
Venice,Sarasota,26103.0,2021
Altamonte Springs,Seminole,46735.0,2021
Casselberry,Seminole,29571.0,2021
Lake Mary,Seminole,16867.0,2021
Longwood,Seminole,15496.0,2021
Oviedo,Seminole,40073.0,2021
Sanford,Seminole,62045.0,2021
Winter Springs,Seminole,38767.0,2021
St. Augustine,St. Johns,14976.0,2021
St. Augustine Beach,St. Johns,6888.0,2021
Fort Pierce,St. Lucie,48038.0,2021
Port St. Lucie,St. Lucie,214514.0,2021
St. Lucie Village,St. Lucie,611.0,2021
Bushnell,Sumter,3253.0,2021
Center Hill,Sumter,849.0,2021
Coleman,Sumter,642.0,2021
Webster,Sumter,794.0,2021
Wildwood,Sumter,20909.0,2021
Branford,Suwannee,724.0,2021
Live Oak,Suwannee,6794.0,2021
Perry,Taylor,6910.0,2021
Lake Butler,Union,2017.0,2021
Raiford,Union,231.0,2021
Worthington Springs,Union,405.0,2021
Daytona Beach,Volusia,74113.0,2021
Daytona Beach Shores,Volusia,5253.0,2021
DeBary,Volusia,23014.0,2021
DeLand,Volusia,38342.0,2021
Deltona,Volusia,94953.0,2021
Edgewater,Volusia,23310.0,2021
Holly Hill,Volusia,12971.0,2021
Lake Helen,Volusia,2913.0,2021
New Smyrna Beach,Volusia,30962.0,2021
Oak Hill,Volusia,2025.0,2021
Orange City,Volusia,13483.0,2021
Ormond Beach,Volusia,44046.0,2021
Pierson,Volusia,1547.0,2021
Ponce Inlet,Volusia,3382.0,2021
Port Orange,Volusia,63275.0,2021
South Daytona,Volusia,13140.0,2021
Sopchoppy,Wakulla,431.0,2021
St. Marks,Wakulla,282.0,2021
DeFuniak Springs,Walton,5940.0,2021
Freeport,Walton,7320.0,2021
Paxton,Walton,556.0,2021
Caryville,Washington,290.0,2021
Chipley,Washington,3631.0,2021
Ebro,Washington,242.0,2021
Vernon,Washington,756.0,2021
Wausau,Washington,385.0,2021
Incorporated Population,,11015353.0,2021
Total Population,,21898945.0,2021
Incorporated Pop. as % of Total Pop.,,0.5030083869337084,2021
Alachua,Alachua,10470.0,2020
Archer,Alachua,1204.0,2020
Gainesville *,Alachua,135097.0,2020
Hawthorne,Alachua,1463.0,2020
High Springs,Alachua,6652.0,2020
La Crosse,Alachua,395.0,2020
Micanopy,Alachua,669.0,2020
Newberry,Alachua,6873.0,2020
Waldo,Alachua,958.0,2020
Glen St. Mary,Baker,457.0,2020
Macclenny,Baker,7186.0,2020
Callaway,Bay,14662.0,2020
Lynn Haven,Bay,20235.0,2020
Mexico Beach,Bay,773.0,2020
Panama City,Bay,34517.0,2020
Panama City Beach,Bay,13691.0,2020
Parker,Bay,3865.0,2020
Springfield,Bay,8938.0,2020
Brooker,Bradford,330.0,2020
Hampton,Bradford,499.0,2020
Lawtey,Bradford,728.0,2020
Starke,Bradford,5460.0,2020
Cape Canaveral,Brevard,10342.0,2020
Cocoa,Brevard,19327.0,2020
Cocoa Beach,Brevard,11391.0,2020
Grant-Valkaria,Brevard,4492.0,2020
Indialantic,Brevard,2882.0,2020
Indian Harbour Beach,Brevard,8751.0,2020
Malabar,Brevard,3033.0,2020
Melbourne,Brevard,84402.0,2020
Melbourne Beach,Brevard,3150.0,2020
Melbourne Village,Brevard,677.0,2020
Palm Bay,Brevard,118568.0,2020
Palm Shores,Brevard,1137.0,2020
Rockledge,Brevard,27946.0,2020
Satellite Beach,Brevard,10887.0,2020
Titusville,Brevard,48685.0,2020
West Melbourne,Brevard,25385.0,2020
Coconut Creek,Broward,58803.0,2020
Cooper City *,Broward,34006.0,2020
Coral Springs,Broward,129263.0,2020
Dania Beach,Broward,32215.0,2020
Davie,Broward,105050.0,2020
Deerfield Beach,Broward,80178.0,2020
Fort Lauderdale,Broward,189321.0,2020
Hallandale Beach,Broward,39945.0,2020
Hillsboro Beach,Broward,1937.0,2020
Hollywood,Broward,151818.0,2020
Lauderdale Lakes,Broward,36527.0,2020
Lauderdale-By-The-Sea,Broward,6305.0,2020
Lauderhill,Broward,72507.0,2020
Lazy Lake,Broward,28.0,2020
Lighthouse Point,Broward,10536.0,2020
Margate,Broward,59351.0,2020
Miramar,Broward,138873.0,2020
North Lauderdale,Broward,45549.0,2020
Oakland Park,Broward,45709.0,2020
Parkland,Broward,35438.0,2020
Pembroke Park,Broward,6373.0,2020
Pembroke Pines,Broward,168949.0,2020
Plantation,Broward,90802.0,2020
Pompano Beach,Broward,112941.0,2020
Sea Ranch Lakes,Broward,682.0,2020
Southwest Ranches,Broward,7786.0,2020
Sunrise,Broward,94333.0,2020
Tamarac,Broward,66089.0,2020
West Park,Broward,15228.0,2020
Weston,Broward,67438.0,2020
Wilton Manors,Broward,12857.0,2020
Altha,Calhoun,536.0,2020
Blountstown,Calhoun,2414.0,2020
Punta Gorda,Charlotte,20405.0,2020
Crystal River,Citrus,3190.0,2020
Inverness,Citrus,7375.0,2020
Green Cove Springs,Clay,8054.0,2020
Keystone Heights,Clay,1385.0,2020
Orange Park,Clay,8692.0,2020
Penney Farms,Clay,789.0,2020
Everglades,Collier,430.0,2020
Marco Island,Collier,17595.0,2020
Naples,Collier,21063.0,2020
Fort White,Columbia,605.0,2020
Lake City *,Columbia,12303.0,2020
Arcadia,DeSoto,7986.0,2020
Cross City,Dixie,1726.0,2020
Horseshoe Beach,Dixie,169.0,2020
Atlantic Beach,Duval,13824.0,2020
Baldwin,Duval,1419.0,2020
Jacksonville,Duval,936250.0,2020
Jacksonville Beach,Duval,23394.0,2020
Neptune Beach,Duval,7193.0,2020
Century,Escambia,1782.0,2020
Pensacola,Escambia,55498.0,2020
Beverly Beach,Flagler,382.0,2020
Bunnell,Flagler,3507.0,2020
Palm Coast,Flagler,89437.0,2020
Marineland,Flagler/St. Johns,8.0,2020
Flagler Beach,Flagler/Volusia,4760.0,2020
Apalachicola,Franklin,2350.0,2020
Carrabelle,Franklin,2640.0,2020
Chattahoochee *,Gadsden,3302.0,2020
Greensboro,Gadsden,611.0,2020
Gretna,Gadsden,1667.0,2020
Havana,Gadsden,1880.0,2020
Midway,Gadsden,3467.0,2020
Quincy,Gadsden,7919.0,2020
Bell,Gilchrist,542.0,2020
Trenton,Gilchrist,2234.0,2020
Fanning Springs,Gilchrist/Levy,906.0,2020
Moore Haven,Glades,1778.0,2020
Port St. Joe,Gulf,3741.0,2020
Wewahitchka,Gulf,1992.0,2020
Jasper,Hamilton,2644.0,2020
Jennings,Hamilton,869.0,2020
White Springs,Hamilton,822.0,2020
Bowling Green,Hardee,2913.0,2020
Wauchula,Hardee,5240.0,2020
Zolfo Springs,Hardee,1790.0,2020
Clewiston,Hendry,8021.0,2020
LaBelle,Hendry,5151.0,2020
Brooksville,Hernando,8983.0,2020
Weeki Wachee,Hernando,9.0,2020
Avon Park,Highlands,11201.0,2020
Lake Placid,Highlands,2840.0,2020
Sebring,Highlands,11208.0,2020
Plant City,Hillsborough,39846.0,2020
Tampa *,Hillsborough,392953.0,2020
Temple Terrace,Hillsborough,26832.0,2020
Bonifay,Holmes,2709.0,2020
Esto,Holmes,367.0,2020
Noma,Holmes,182.0,2020
Ponce de Leon,Holmes,541.0,2020
Westville,Holmes,355.0,2020
Fellsmere,Indian River,5668.0,2020
Indian River Shores,Indian River,4378.0,2020
Orchid,Indian River,428.0,2020
Sebastian,Indian River,25658.0,2020
Vero Beach,Indian River,16869.0,2020
Alford,Jackson,490.0,2020
Bascom,Jackson,120.0,2020
Campbellton,Jackson,214.0,2020
Cottondale,Jackson,861.0,2020
Graceville,Jackson,2224.0,2020
Grand Ridge,Jackson,835.0,2020
Greenwood,Jackson,677.0,2020
Jacob City,Jackson,274.0,2020
Malone,Jackson,1777.0,2020
Marianna *,Jackson,6215.0,2020
Sneads,Jackson,1701.0,2020
Monticello,Jefferson,2437.0,2020
Mayo,Lafayette,1217.0,2020
Astatula,Lake,1921.0,2020
Clermont,Lake,44301.0,2020
Eustis,Lake,21594.0,2020
Fruitland Park,Lake,10206.0,2020
Groveland,Lake,20510.0,2020
Howey-in-the-Hills,Lake,1702.0,2020
Lady Lake,Lake,15754.0,2020
Leesburg,Lake,24539.0,2020
Mascotte,Lake,6447.0,2020
Minneola,Lake,13175.0,2020
Montverde,Lake,1901.0,2020
Mount Dora,Lake,15200.0,2020
Tavares,Lake,17395.0,2020
Umatilla,Lake,4196.0,2020
Bonita Springs,Lee,55645.0,2020
Cape Coral,Lee,187307.0,2020
Estero,Lee,33120.0,2020
Fort Myers,Lee,92599.0,2020
Fort Myers Beach,Lee,6558.0,2020
Sanibel,Lee,6849.0,2020
Tallahassee,Leon,198627.0,2020
Bronson,Levy,1181.0,2020
Cedar Key,Levy,726.0,2020
Chiefland,Levy,2217.0,2020
Inglis,Levy,1305.0,2020
Otter Creek,Levy,118.0,2020
Williston,Levy,2906.0,2020
Yankeetown,Levy,509.0,2020
Bristol,Liberty,912.0,2020
Greenville,Madison,756.0,2020
Lee,Madison,335.0,2020
Madison,Madison,2899.0,2020
Anna Maria,Manatee,1617.0,2020
Bradenton,Manatee,58621.0,2020
Bradenton Beach,Manatee,1188.0,2020
Holmes Beach,Manatee,3913.0,2020
Palmetto,Manatee,13661.0,2020
Longboat Key,Manatee/Sarasota,7098.0,2020
Belleview,Marion,5330.0,2020
Dunnellon,Marion,1864.0,2020
McIntosh,Marion,486.0,2020
Ocala,Marion,62023.0,2020
Reddick,Marion,577.0,2020
Indiantown,Martin,6822.0,2020
Jupiter Island,Martin,847.0,2020
Ocean Breeze,Martin,428.0,2020
Sewall's Point,Martin,2127.0,2020
Stuart,Martin,16793.0,2020
Aventura,Miami-Dade,38041.0,2020
Bal Harbour,Miami-Dade,2932.0,2020
Bay Harbor Islands,Miami-Dade,6091.0,2020
Biscayne Park,Miami-Dade,3181.0,2020
Coral Gables,Miami-Dade,51133.0,2020
Cutler Bay,Miami-Dade,45480.0,2020
Doral,Miami-Dade,71314.0,2020
El Portal,Miami-Dade,2146.0,2020
Florida City,Miami-Dade,13405.0,2020
Golden Beach,Miami-Dade,943.0,2020
Hialeah,Miami-Dade,239956.0,2020
Hialeah Gardens,Miami-Dade,23644.0,2020
Homestead,Miami-Dade,76334.0,2020
Indian Creek,Miami-Dade,87.0,2020
Key Biscayne,Miami-Dade,12925.0,2020
Medley,Miami-Dade,995.0,2020
Miami *,Miami-Dade,497924.0,2020
Miami Beach,Miami-Dade,94161.0,2020
Miami Gardens,Miami-Dade,114363.0,2020
Miami Lakes,Miami-Dade,32299.0,2020
Miami Shores,Miami-Dade,10817.0,2020
Miami Springs,Miami-Dade,14255.0,2020
North Bay Village,Miami-Dade,9064.0,2020
North Miami,Miami-Dade,65089.0,2020
North Miami Beach,Miami-Dade,47722.0,2020
Opa-locka,Miami-Dade,18090.0,2020
Palmetto Bay,Miami-Dade,24870.0,2020
Pinecrest,Miami-Dade,18619.0,2020
South Miami,Miami-Dade,12900.0,2020
Sunny Isles Beach,Miami-Dade,23869.0,2020
Surfside,Miami-Dade,5997.0,2020
Sweetwater,Miami-Dade,22348.0,2020
Virginia Gardens,Miami-Dade,2439.0,2020
West Miami,Miami-Dade,8915.0,2020
Islamorada,Monroe,6400.0,2020
Key Colony Beach,Monroe,795.0,2020
Key West,Monroe,24868.0,2020
Layton,Monroe,186.0,2020
Marathon,Monroe,9097.0,2020
Callahan,Nassau,1347.0,2020
Fernandina Beach,Nassau,13534.0,2020
Hilliard,Nassau,3076.0,2020
Cinco Bayou,Okaloosa,419.0,2020
Crestview,Okaloosa,26178.0,2020
Destin,Okaloosa,13480.0,2020
Fort Walton Beach,Okaloosa,21064.0,2020
Laurel Hill,Okaloosa,590.0,2020
Mary Esther,Okaloosa,4038.0,2020
Niceville,Okaloosa,14976.0,2020
Shalimar,Okaloosa,844.0,2020
Valparaiso,Okaloosa,5408.0,2020
Okeechobee,Okeechobee,5688.0,2020
Apopka,Orange,53632.0,2020
Bay Lake,Orange,15.0,2020
Belle Isle,Orange,7378.0,2020
Eatonville,Orange,2351.0,2020
Edgewood,Orange,2791.0,2020
Lake Buena Vista,Orange,24.0,2020
Maitland,Orange,21113.0,2020
Oakland,Orange,3809.0,2020
Ocoee,Orange,49781.0,2020
Orlando *,Orange,298943.0,2020
Windermere,Orange,3024.0,2020
Winter Garden,Orange,48469.0,2020
Winter Park,Orange,30630.0,2020
Kissimmee,Osceola,75644.0,2020
St. Cloud,Osceola,50897.0,2020
Atlantis,Palm Beach,2055.0,2020
Belle Glade,Palm Beach,17979.0,2020
Boca Raton,Palm Beach,95139.0,2020
Boynton Beach,Palm Beach,78495.0,2020
Briny Breezes,Palm Beach,600.0,2020
Cloud Lake,Palm Beach,138.0,2020
Delray Beach,Palm Beach,67168.0,2020
Glen Ridge,Palm Beach,235.0,2020
Golf,Palm Beach,275.0,2020
Greenacres,Palm Beach,39945.0,2020
Gulf Stream,Palm Beach,1032.0,2020
Haverhill,Palm Beach,2090.0,2020
Highland Beach,Palm Beach,3657.0,2020
Hypoluxo,Palm Beach,2828.0,2020
Juno Beach,Palm Beach,3463.0,2020
Jupiter,Palm Beach,63188.0,2020
Jupiter Inlet Colony,Palm Beach,414.0,2020
Lake Clarke Shores,Palm Beach,3426.0,2020
Lake Park,Palm Beach,8912.0,2020
Lake Worth Beach,Palm Beach,38875.0,2020
Lantana,Palm Beach,12081.0,2020
Loxahatchee Groves,Palm Beach,3426.0,2020
Manalapan,Palm Beach,428.0,2020
Mangonia Park,Palm Beach,2050.0,2020
North Palm Beach,Palm Beach,12813.0,2020
Ocean Ridge,Palm Beach,1854.0,2020
Pahokee,Palm Beach,5847.0,2020
Palm Beach,Palm Beach,8409.0,2020
Palm Beach Gardens,Palm Beach,56709.0,2020
Palm Beach Shores,Palm Beach,1251.0,2020
Palm Springs,Palm Beach,23867.0,2020
Riviera Beach,Palm Beach,36057.0,2020
Royal Palm Beach,Palm Beach,39801.0,2020
South Bay,Palm Beach,5271.0,2020
South Palm Beach,Palm Beach,1460.0,2020
Tequesta,Palm Beach,5874.0,2020
Wellington,Palm Beach,62650.0,2020
West Palm Beach,Palm Beach,116781.0,2020
Westlake,Palm Beach,951.0,2020
Dade City,Pasco,7402.0,2020
New Port Richey,Pasco,16935.0,2020
Port Richey,Pasco,3047.0,2020
San Antonio,Pasco,1343.0,2020
St. Leo,Pasco,1380.0,2020
Zephyrhills,Pasco,17092.0,2020
Belleair,Pinellas,4095.0,2020
Belleair Beach,Pinellas,1625.0,2020
Belleair Bluffs,Pinellas,2104.0,2020
Belleair Shore,Pinellas,108.0,2020
Clearwater,Pinellas,118017.0,2020
Dunedin,Pinellas,37869.0,2020
Gulfport,Pinellas,12598.0,2020
Indian Rocks Beach,Pinellas,4158.0,2020
Indian Shores,Pinellas,1479.0,2020
Kenneth City,Pinellas,5145.0,2020
Largo,Pinellas,84574.0,2020
Madeira Beach,Pinellas,4447.0,2020
North Redington Beach,Pinellas,1531.0,2020
Oldsmar,Pinellas,14998.0,2020
Pinellas Park,Pinellas,54202.0,2020
Redington Beach,Pinellas,1507.0,2020
Redington Shores,Pinellas,2182.0,2020
Safety Harbor,Pinellas,17696.0,2020
Seminole,Pinellas,19705.0,2020
South Pasadena,Pinellas,5078.0,2020
St. Pete Beach,Pinellas,9531.0,2020
St. Petersburg,Pinellas,271044.0,2020
Tarpon Springs,Pinellas,25937.0,2020
Treasure Island,Pinellas,6930.0,2020
Auburndale,Polk,17120.0,2020
Bartow,Polk,20757.0,2020
Davenport,Polk,7323.0,2020
Dundee,Polk,5159.0,2020
Eagle Lake,Polk,2785.0,2020
Fort Meade,Polk,5833.0,2020
Frostproof,Polk,3454.0,2020
Haines City,Polk,27268.0,2020
Highland Park,Polk,266.0,2020
Hillcrest Heights,Polk,243.0,2020
Lake Alfred,Polk,6351.0,2020
Lake Hamilton,Polk,1556.0,2020
Lake Wales,Polk,16386.0,2020
Lakeland,Polk,109238.0,2020
Mulberry,Polk,4100.0,2020
Polk City,Polk,2490.0,2020
Winter Haven,Polk,47044.0,2020
Crescent City,Putnam,1589.0,2020
Interlachen,Putnam,1372.0,2020
Palatka,Putnam,10770.0,2020
Pomona Park,Putnam,883.0,2020
Welaka,Putnam,723.0,2020
Gulf Breeze,Santa Rosa,5910.0,2020
Jay,Santa Rosa,527.0,2020
Milton,Santa Rosa,10767.0,2020
North Port,Sarasota,77561.0,2020
Sarasota,Sarasota,57683.0,2020
Venice,Sarasota,24016.0,2020
Altamonte Springs,Seminole,45304.0,2020
Casselberry,Seminole,30341.0,2020
Lake Mary,Seminole,17633.0,2020
Longwood,Seminole,16036.0,2020
Oviedo,Seminole,40145.0,2020
Sanford,Seminole,61791.0,2020
Winter Springs,Seminole,38760.0,2020
St. Augustine,St. Johns,15306.0,2020
St. Augustine Beach,St. Johns,6852.0,2020
Fort Pierce,St. Lucie,44476.0,2020
Port St. Lucie,St. Lucie,202914.0,2020
St. Lucie Village,St. Lucie,661.0,2020
Bushnell,Sumter,2566.0,2020
Center Hill,Sumter,1164.0,2020
Coleman,Sumter,734.0,2020
Webster,Sumter,790.0,2020
Wildwood,Sumter,17354.0,2020
Branford,Suwannee,743.0,2020
Live Oak,Suwannee,6893.0,2020
Perry,Taylor,6937.0,2020
Lake Butler,Union,1758.0,2020
Raiford,Union,242.0,2020
Worthington Springs,Union,377.0,2020
Daytona Beach,Volusia,70235.0,2020
Daytona Beach Shores,Volusia,4489.0,2020
DeBary,Volusia,21973.0,2020
DeLand,Volusia,37043.0,2020
Deltona,Volusia,93677.0,2020
Edgewater,Volusia,23818.0,2020
Holly Hill,Volusia,12398.0,2020
Lake Helen,Volusia,2849.0,2020
New Smyrna Beach,Volusia,28594.0,2020
Oak Hill,Volusia,2110.0,2020
Orange City,Volusia,12436.0,2020
Ormond Beach,Volusia,41782.0,2020
Pierson,Volusia,1869.0,2020
Ponce Inlet,Volusia,3205.0,2020
Port Orange,Volusia,62832.0,2020
South Daytona,Volusia,13007.0,2020
Sopchoppy,Wakulla,515.0,2020
St. Marks,Wakulla,345.0,2020
DeFuniak Springs,Walton,5653.0,2020
Freeport,Walton,5765.0,2020
Paxton,Walton,608.0,2020
Caryville,Washington,293.0,2020
Chipley,Washington,3601.0,2020
Ebro,Washington,240.0,2020
Vernon,Washington,733.0,2020
Wausau,Washington,310.0,2020
Incorporated Population,,10907959.0,2020
Total Population,,21596068.0,2020
Incorporated Pop. as % of Total Pop.,,0.5050900469474351,2020
Alachua,Alachua,10298.0,2019
Archer,Alachua,1201.0,2019
Gainesville,Alachua,133068.0,2019
Hawthorne,Alachua,1456.0,2019
High Springs,Alachua,6444.0,2019
La Crosse,Alachua,392.0,2019
Micanopy,Alachua,615.0,2019
Newberry,Alachua,6573.0,2019
Waldo,Alachua,960.0,2019
Glen St. Mary,Baker,454.0,2019
Macclenny,Baker,6957.0,2019
Callaway,Bay,13211.0,2019
Lynn Haven,Bay,19586.0,2019
Mexico Beach,Bay,627.0,2019
Panama City,Bay,32951.0,2019
Panama City Beach,Bay,13435.0,2019
Parker,Bay,3694.0,2019
Springfield,Bay,7793.0,2019
Brooker,Bradford,317.0,2019
Hampton,Bradford,487.0,2019
Lawtey,Bradford,715.0,2019
Starke,Bradford,5438.0,2019
Cape Canaveral,Brevard,10241.0,2019
Cocoa,Brevard,19328.0,2019
Cocoa Beach,Brevard,11378.0,2019
Grant-Valkaria,Brevard,4346.0,2019
Indialantic,Brevard,2853.0,2019
Indian Harbour Beach,Brevard,8637.0,2019
Malabar,Brevard,2979.0,2019
Melbourne,Brevard,83349.0,2019
Melbourne Beach,Brevard,3111.0,2019
Melbourne Village,Brevard,673.0,2019
Palm Bay,Brevard,115322.0,2019
Palm Shores,Brevard,1132.0,2019
Rockledge,Brevard,27321.0,2019
Satellite Beach,Brevard,10617.0,2019
Titusville,Brevard,47846.0,2019
West Melbourne,Brevard,23607.0,2019
Coconut Creek,Broward,58742.0,2019
Cooper City,Broward,33991.0,2019
Coral Springs,Broward,129067.0,2019
Dania Beach,Broward,31768.0,2019
Davie,Broward,104249.0,2019
Deerfield Beach,Broward,79497.0,2019
Fort Lauderdale,Broward,186220.0,2019
Hallandale Beach,Broward,39834.0,2019
Hillsboro Beach,Broward,1939.0,2019
Hollywood,Broward,150878.0,2019
Lauderdale Lakes,Broward,36714.0,2019
Lauderdale-By-The-Sea,Broward,6236.0,2019
Lauderhill,Broward,72410.0,2019
Lazy Lake,Broward,26.0,2019
Lighthouse Point,Broward,10587.0,2019
Margate,Broward,59116.0,2019
Miramar,Broward,138837.0,2019
North Lauderdale,Broward,45207.0,2019
Oakland Park,Broward,45576.0,2019
Parkland,Broward,34109.0,2019
Pembroke Park,Broward,6408.0,2019
Pembroke Pines,Broward,168023.0,2019
Plantation,Broward,90354.0,2019
Pompano Beach,Broward,112058.0,2019
Sea Ranch Lakes,Broward,688.0,2019
Southwest Ranches,Broward,7704.0,2019
Sunrise,Broward,93365.0,2019
Tamarac,Broward,65377.0,2019
West Park,Broward,15197.0,2019
Weston,Broward,67314.0,2019
Wilton Manors,Broward,12849.0,2019
Altha,Calhoun,517.0,2019
Blountstown,Calhoun,2414.0,2019
Punta Gorda,Charlotte,19961.0,2019
Crystal River,Citrus,3434.0,2019
Inverness,Citrus,7340.0,2019
Green Cove Springs,Clay,7841.0,2019
Keystone Heights,Clay,1357.0,2019
Orange Park,Clay,8668.0,2019
Penney Farms,Clay,773.0,2019
Everglades,Collier,428.0,2019
Marco Island,Collier,17348.0,2019
Naples,Collier,20922.0,2019
Fort White,Columbia,554.0,2019
Lake City,Columbia,12271.0,2019
Arcadia,DeSoto,7770.0,2019
Cross City,Dixie,1672.0,2019
Horseshoe Beach,Dixie,171.0,2019
Atlantic Beach,Duval,13792.0,2019
Baldwin,Duval,1415.0,2019
Jacksonville,Duval,924900.0,2019
Jacksonville Beach,Duval,23352.0,2019
Neptune Beach,Duval,7213.0,2019
Century,Escambia,1626.0,2019
Pensacola,Escambia,55226.0,2019
Beverly Beach,Flagler,372.0,2019
Bunnell,Flagler,3271.0,2019
Palm Coast,Flagler,86768.0,2019
Marineland,Flagler/St. Johns,8.0,2019
Flagler Beach,Flagler/Volusia,4779.0,2019
Apalachicola,Franklin,2339.0,2019
Carrabelle,Franklin,2883.0,2019
Chattahoochee,Gadsden,3090.0,2019
Greensboro,Gadsden,553.0,2019
Gretna,Gadsden,1656.0,2019
Havana,Gadsden,1886.0,2019
Midway,Gadsden,3449.0,2019
Quincy,Gadsden,7874.0,2019
Bell,Gilchrist,521.0,2019
Trenton,Gilchrist,2021.0,2019
Fanning Springs,Gilchrist/Levy,865.0,2019
Moore Haven,Glades,1759.0,2019
Port St. Joe,Gulf,3459.0,2019
Wewahitchka,Gulf,1971.0,2019
Jasper,Hamilton,2845.0,2019
Jennings,Hamilton,874.0,2019
White Springs,Hamilton,827.0,2019
Bowling Green,Hardee,2923.0,2019
Wauchula,Hardee,5229.0,2019
Zolfo Springs,Hardee,1778.0,2019
Clewiston,Hendry,7972.0,2019
LaBelle,Hendry,5108.0,2019
Brooksville,Hernando,8661.0,2019
Weeki Wachee,Hernando,9.0,2019
Avon Park,Highlands,11222.0,2019
Lake Placid,Highlands,2636.0,2019
Sebring,Highlands,11113.0,2019
Plant City,Hillsborough,39478.0,2019
Tampa,Hillsborough,390473.0,2019
Temple Terrace,Hillsborough,26669.0,2019
Bonifay,Holmes,2755.0,2019
Esto,Holmes,395.0,2019
Noma,Holmes,202.0,2019
Ponce de Leon,Holmes,532.0,2019
Westville,Holmes,412.0,2019
Fellsmere,Indian River,5611.0,2019
Indian River Shores,Indian River,4314.0,2019
Orchid,Indian River,425.0,2019
Sebastian,Indian River,25168.0,2019
Vero Beach,Indian River,16708.0,2019
Alford,Jackson,495.0,2019
Bascom,Jackson,112.0,2019
Campbellton,Jackson,215.0,2019
Cottondale,Jackson,856.0,2019
Graceville,Jackson,2238.0,2019
Grand Ridge,Jackson,907.0,2019
Greenwood,Jackson,659.0,2019
Jacob City,Jackson,318.0,2019
Malone,Jackson,2070.0,2019
Marianna,Jackson,6030.0,2019
Sneads,Jackson,1802.0,2019
Monticello,Jefferson,2449.0,2019
Mayo,Lafayette,1217.0,2019
Astatula,Lake,1937.0,2019
Clermont,Lake,40750.0,2019
Eustis,Lake,21368.0,2019
Fruitland Park,Lake,10094.0,2019
Groveland,Lake,18255.0,2019
Howey-in-the-Hills,Lake,1611.0,2019
Lady Lake,Lake,15655.0,2019
Leesburg,Lake,23993.0,2019
Mascotte,Lake,6205.0,2019
Minneola,Lake,12882.0,2019
Montverde,Lake,1878.0,2019
Mount Dora,Lake,14928.0,2019
Tavares,Lake,17777.0,2019
Umatilla,Lake,4154.0,2019
Bonita Springs,Lee,54437.0,2019
Cape Coral,Lee,185837.0,2019
Estero,Lee,32412.0,2019
Fort Myers,Lee,87871.0,2019
Fort Myers Beach,Lee,6520.0,2019
Sanibel,Lee,6756.0,2019
Tallahassee,Leon,195713.0,2019
Bronson,Levy,1166.0,2019
Cedar Key,Levy,714.0,2019
Chiefland,Levy,2229.0,2019
Inglis,Levy,1311.0,2019
Otter Creek,Levy,120.0,2019
Williston,Levy,2893.0,2019
Yankeetown,Levy,508.0,2019
Bristol,Liberty,940.0,2019
Greenville,Madison,791.0,2019
Lee,Madison,338.0,2019
Madison,Madison,2998.0,2019
Anna Maria,Manatee,1623.0,2019
Bradenton,Manatee,57006.0,2019
Bradenton Beach,Manatee,1202.0,2019
Holmes Beach,Manatee,3927.0,2019
Palmetto,Manatee,13360.0,2019
Longboat Key,Manatee/Sarasota,7043.0,2019
Belleview,Marion,5273.0,2019
Dunnellon,Marion,1810.0,2019
McIntosh,Marion,484.0,2019
Ocala,Marion,61549.0,2019
Reddick,Marion,558.0,2019
Indiantown,Martin,6728.0,2019
Jupiter Island,Martin,829.0,2019
Ocean Breeze,Martin,303.0,2019
Sewall's Point,Martin,2090.0,2019
Stuart,Martin,16504.0,2019
Aventura,Miami-Dade,38031.0,2019
Bal Harbour,Miami-Dade,2924.0,2019
Bay Harbor Islands,Miami-Dade,6039.0,2019
Biscayne Park,Miami-Dade,3194.0,2019
Coral Gables,Miami-Dade,50635.0,2019
Cutler Bay,Miami-Dade,45411.0,2019
Doral,Miami-Dade,70420.0,2019
El Portal,Miami-Dade,2150.0,2019
Florida City,Miami-Dade,13250.0,2019
Golden Beach,Miami-Dade,947.0,2019
Hialeah,Miami-Dade,239722.0,2019
Hialeah Gardens,Miami-Dade,23633.0,2019
Homestead,Miami-Dade,76236.0,2019
Indian Creek,Miami-Dade,87.0,2019
Key Biscayne,Miami-Dade,12922.0,2019
Medley,Miami-Dade,847.0,2019
Miami,Miami-Dade,490947.0,2019
Miami Beach,Miami-Dade,93988.0,2019
Miami Gardens,Miami-Dade,114284.0,2019
Miami Lakes,Miami-Dade,31523.0,2019
Miami Shores,Miami-Dade,10805.0,2019
Miami Springs,Miami-Dade,14237.0,2019
North Bay Village,Miami-Dade,9074.0,2019
North Miami,Miami-Dade,65109.0,2019
North Miami Beach,Miami-Dade,47691.0,2019
Opa-locka,Miami-Dade,18143.0,2019
Palmetto Bay,Miami-Dade,24341.0,2019
Pinecrest,Miami-Dade,18510.0,2019
South Miami,Miami-Dade,12965.0,2019
Sunny Isles Beach,Miami-Dade,23253.0,2019
Surfside,Miami-Dade,6015.0,2019
Sweetwater,Miami-Dade,22328.0,2019
Virginia Gardens,Miami-Dade,2441.0,2019
West Miami,Miami-Dade,7828.0,2019
Islamorada,Monroe,6211.0,2019
Key Colony Beach,Monroe,760.0,2019
Key West,Monroe,25171.0,2019
Layton,Monroe,183.0,2019
Marathon,Monroe,8593.0,2019
Callahan,Nassau,1315.0,2019
Fernandina Beach,Nassau,12915.0,2019
Hilliard,Nassau,3036.0,2019
Cinco Bayou,Okaloosa,417.0,2019
Crestview,Okaloosa,25675.0,2019
Destin,Okaloosa,13441.0,2019
Fort Walton Beach,Okaloosa,20940.0,2019
Laurel Hill,Okaloosa,578.0,2019
Mary Esther,Okaloosa,4013.0,2019
Niceville,Okaloosa,14693.0,2019
Shalimar,Okaloosa,839.0,2019
Valparaiso,Okaloosa,5339.0,2019
Okeechobee,Okeechobee,5603.0,2019
Apopka,Orange,52404.0,2019
Bay Lake,Orange,15.0,2019
Belle Isle,Orange,7365.0,2019
Eatonville,Orange,2348.0,2019
Edgewood,Orange,2717.0,2019
Lake Buena Vista,Orange,24.0,2019
Maitland,Orange,21096.0,2019
Oakland,Orange,3365.0,2019
Ocoee,Orange,47580.0,2019
Orlando,Orange,291800.0,2019
Windermere,Orange,2972.0,2019
Winter Garden,Orange,47245.0,2019
Winter Park,Orange,30239.0,2019
Kissimmee,Osceola,74800.0,2019
St. Cloud,Osceola,47874.0,2019
Atlantis,Palm Beach,2036.0,2019
Belle Glade,Palm Beach,17979.0,2019
Boca Raton,Palm Beach,94488.0,2019
Boynton Beach,Palm Beach,77696.0,2019
Briny Breezes,Palm Beach,612.0,2019
Cloud Lake,Palm Beach,139.0,2019
Delray Beach,Palm Beach,67102.0,2019
Glen Ridge,Palm Beach,234.0,2019
Golf,Palm Beach,258.0,2019
Greenacres,Palm Beach,39813.0,2019
Gulf Stream,Palm Beach,1032.0,2019
Haverhill,Palm Beach,2099.0,2019
Highland Beach,Palm Beach,3671.0,2019
Hypoluxo,Palm Beach,2789.0,2019
Juno Beach,Palm Beach,3442.0,2019
Jupiter,Palm Beach,62497.0,2019
Jupiter Inlet Colony,Palm Beach,406.0,2019
Lake Clarke Shores,Palm Beach,3420.0,2019
Lake Park,Palm Beach,8916.0,2019
Lake Worth Beach,Palm Beach,38484.0,2019
Lantana,Palm Beach,11419.0,2019
Loxahatchee Groves,Palm Beach,3404.0,2019
Manalapan,Palm Beach,425.0,2019
Mangonia Park,Palm Beach,2062.0,2019
North Palm Beach,Palm Beach,12622.0,2019
Ocean Ridge,Palm Beach,1836.0,2019
Pahokee,Palm Beach,5907.0,2019
Palm Beach,Palm Beach,8321.0,2019
Palm Beach Gardens,Palm Beach,55621.0,2019
Palm Beach Shores,Palm Beach,1193.0,2019
Palm Springs,Palm Beach,23560.0,2019
Riviera Beach,Palm Beach,35735.0,2019
Royal Palm Beach,Palm Beach,38691.0,2019
South Bay,Palm Beach,5270.0,2019
South Palm Beach,Palm Beach,1448.0,2019
Tequesta,Palm Beach,5850.0,2019
Wellington,Palm Beach,62373.0,2019
West Palm Beach,Palm Beach,115176.0,2019
Westlake,Palm Beach,380.0,2019
Dade City,Pasco,7314.0,2019
New Port Richey,Pasco,16027.0,2019
Port Richey,Pasco,2862.0,2019
San Antonio,Pasco,1320.0,2019
St. Leo,Pasco,1325.0,2019
Zephyrhills,Pasco,16670.0,2019
Belleair,Pinellas,4053.0,2019
Belleair Beach,Pinellas,1591.0,2019
Belleair Bluffs,Pinellas,2094.0,2019
Belleair Shore,Pinellas,116.0,2019
Clearwater,Pinellas,116585.0,2019
Dunedin,Pinellas,37623.0,2019
Gulfport,Pinellas,12584.0,2019
Indian Rocks Beach,Pinellas,4432.0,2019
Indian Shores,Pinellas,1467.0,2019
Kenneth City,Pinellas,5110.0,2019
Largo,Pinellas,83737.0,2019
Madeira Beach,Pinellas,4417.0,2019
North Redington Beach,Pinellas,1498.0,2019
Oldsmar,Pinellas,14800.0,2019
Pinellas Park,Pinellas,53284.0,2019
Redington Beach,Pinellas,1481.0,2019
Redington Shores,Pinellas,2213.0,2019
Safety Harbor,Pinellas,17608.0,2019
Seminole,Pinellas,19449.0,2019
South Pasadena,Pinellas,5085.0,2019
St. Pete Beach,Pinellas,9522.0,2019
St. Petersburg,Pinellas,269357.0,2019
Tarpon Springs,Pinellas,25507.0,2019
Treasure Island,Pinellas,6873.0,2019
Auburndale,Polk,16534.0,2019
Bartow,Polk,19665.0,2019
Davenport,Polk,6038.0,2019
Dundee,Polk,4957.0,2019
Eagle Lake,Polk,2649.0,2019
Fort Meade,Polk,5786.0,2019
Frostproof,Polk,3197.0,2019
Haines City,Polk,25533.0,2019
Highland Park,Polk,263.0,2019
Hillcrest Heights,Polk,256.0,2019
Lake Alfred,Polk,6199.0,2019
Lake Hamilton,Polk,1430.0,2019
Lake Wales,Polk,16062.0,2019
Lakeland,Polk,107552.0,2019
Mulberry,Polk,3983.0,2019
Polk City,Polk,2321.0,2019
Winter Haven,Polk,44815.0,2019
Crescent City,Putnam,1583.0,2019
Interlachen,Putnam,1350.0,2019
Palatka,Putnam,10723.0,2019
Pomona Park,Putnam,880.0,2019
Welaka,Putnam,717.0,2019
Gulf Breeze,Santa Rosa,5849.0,2019
Jay,Santa Rosa,521.0,2019
Milton,Santa Rosa,10551.0,2019
North Port,Sarasota,73652.0,2019
Sarasota,Sarasota,56692.0,2019
Venice,Sarasota,23315.0,2019
Altamonte Springs,Seminole,45293.0,2019
Casselberry,Seminole,30035.0,2019
Lake Mary,Seminole,17449.0,2019
Longwood,Seminole,15815.0,2019
Oviedo,Seminole,40021.0,2019
Sanford,Seminole,60269.0,2019
Winter Springs,Seminole,38595.0,2019
St. Augustine,St. Johns,14653.0,2019
St. Augustine Beach,St. Johns,6749.0,2019
Fort Pierce,St. Lucie,43653.0,2019
Port St. Lucie,St. Lucie,191903.0,2019
St. Lucie Village,St. Lucie,646.0,2019
Bushnell,Sumter,2509.0,2019
Center Hill,Sumter,1148.0,2019
Coleman,Sumter,725.0,2019
Webster,Sumter,817.0,2019
Wildwood,Sumter,12665.0,2019
Branford,Suwannee,751.0,2019
Live Oak,Suwannee,6895.0,2019
Perry,Taylor,7031.0,2019
Lake Butler,Union,1779.0,2019
Raiford,Union,245.0,2019
Worthington Springs,Union,387.0,2019
Daytona Beach,Volusia,67351.0,2019
Daytona Beach Shores,Volusia,4372.0,2019
DeBary,Volusia,21176.0,2019
DeLand,Volusia,35763.0,2019
Deltona,Volusia,91520.0,2019
Edgewater,Volusia,23455.0,2019
Holly Hill,Volusia,12153.0,2019
Lake Helen,Volusia,2773.0,2019
New Smyrna Beach,Volusia,27173.0,2019
Oak Hill,Volusia,2041.0,2019
Orange City,Volusia,12103.0,2019
Ormond Beach,Volusia,41289.0,2019
Pierson,Volusia,1739.0,2019
Ponce Inlet,Volusia,3151.0,2019
Port Orange,Volusia,61617.0,2019
South Daytona,Volusia,12819.0,2019
Sopchoppy,Wakulla,506.0,2019
St. Marks,Wakulla,363.0,2019
DeFuniak Springs,Walton,5629.0,2019
Freeport,Walton,4316.0,2019
Paxton,Walton,614.0,2019
Caryville,Washington,316.0,2019
Chipley,Washington,3568.0,2019
Ebro,Washington,238.0,2019
Vernon,Washington,740.0,2019
Wausau,Washington,361.0,2019
Incorporated Population,,10739436.0,2019
Total Population,,21208589.0,2019
Incorporated Pop. as % of Total Pop.,,0.5063720174878206,2019
Alachua,Alachua,10155.0,2018
Archer,Alachua,1168.0,2018
Gainesville,Alachua,131217.0,2018
Hawthorne,Alachua,1422.0,2018
High Springs,Alachua,6221.0,2018
La Crosse,Alachua,390.0,2018
Micanopy,Alachua,605.0,2018
Newberry,Alachua,6249.0,2018
Waldo,Alachua,960.0,2018
Glen St. Mary,Baker,446.0,2018
Macclenny,Baker,6743.0,2018
Callaway,Bay,15855.0,2018
Lynn Haven,Bay,21201.0,2018
Mexico Beach,Bay,1285.0,2018
Panama City,Bay,37208.0,2018
Panama City Beach,Bay,13099.0,2018
Parker,Bay,4467.0,2018
Springfield,Bay,9621.0,2018
Brooker,Bradford,322.0,2018
Hampton,Bradford,465.0,2018
Lawtey,Bradford,718.0,2018
Starke,Bradford,5352.0,2018
Cape Canaveral,Brevard,10227.0,2018
Cocoa,Brevard,19286.0,2018
Cocoa Beach,Brevard,11328.0,2018
Grant-Valkaria,Brevard,4260.0,2018
Indialantic,Brevard,2842.0,2018
Indian Harbour Beach,Brevard,8526.0,2018
Malabar,Brevard,2899.0,2018
Melbourne,Brevard,82040.0,2018
Melbourne Beach,Brevard,3095.0,2018
Melbourne Village,Brevard,673.0,2018
Palm Bay,Brevard,112703.0,2018
Palm Shores,Brevard,1108.0,2018
Rockledge,Brevard,26882.0,2018
Satellite Beach,Brevard,10346.0,2018
Titusville,Brevard,47456.0,2018
West Melbourne,Brevard,21990.0,2018
Coconut Creek,Broward,58344.0,2018
Cooper City,Broward,33906.0,2018
Coral Springs,Broward,128757.0,2018
Dania Beach,Broward,31755.0,2018
Davie,Broward,103171.0,2018
Deerfield Beach,Broward,78573.0,2018
Fort Lauderdale,Broward,182827.0,2018
Hallandale Beach,Broward,39054.0,2018
Hillsboro Beach,Broward,1918.0,2018
Hollywood,Broward,149028.0,2018
Lauderdale Lakes,Broward,36475.0,2018
Lauderdale-By-The-Sea,Broward,6199.0,2018
Lauderhill,Broward,71751.0,2018
Lazy Lake,Broward,26.0,2018
Lighthouse Point,Broward,10560.0,2018
Margate,Broward,58329.0,2018
Miramar,Broward,137107.0,2018
North Lauderdale,Broward,44841.0,2018
Oakland Park,Broward,45276.0,2018
Parkland,Broward,32742.0,2018
Pembroke Park,Broward,6384.0,2018
Pembroke Pines,Broward,165352.0,2018
Plantation,Broward,89595.0,2018
Pompano Beach,Broward,110371.0,2018
Sea Ranch Lakes,Broward,695.0,2018
Southwest Ranches,Broward,7706.0,2018
Sunrise,Broward,92663.0,2018
Tamarac,Broward,64663.0,2018
West Park,Broward,14985.0,2018
Weston,Broward,66972.0,2018
Wilton Manors,Broward,12831.0,2018
Altha,Calhoun,565.0,2018
Blountstown,Calhoun,2498.0,2018
Punta Gorda,Charlotte,19487.0,2018
Crystal River,Citrus,3333.0,2018
Inverness,Citrus,7380.0,2018
Green Cove Springs,Clay,7813.0,2018
Keystone Heights,Clay,1364.0,2018
Orange Park,Clay,8630.0,2018
Penney Farms,Clay,766.0,2018
Everglades,Collier,408.0,2018
Marco Island,Collier,17094.0,2018
Naples,Collier,20344.0,2018
Fort White,Columbia,552.0,2018
Lake City,Columbia,12322.0,2018
Arcadia,DeSoto,7673.0,2018
Cross City,Dixie,1696.0,2018
Horseshoe Beach,Dixie,171.0,2018
Atlantic Beach,Duval,13570.0,2018
Baldwin,Duval,1419.0,2018
Jacksonville,Duval,907093.0,2018
Jacksonville Beach,Duval,23494.0,2018
Neptune Beach,Duval,7285.0,2018
Century,Escambia,1602.0,2018
Pensacola,Escambia,54801.0,2018
Beverly Beach,Flagler,356.0,2018
Bunnell,Flagler,3056.0,2018
Palm Coast,Flagler,84575.0,2018
Marineland,Flagler/St. Johns,8.0,2018
Flagler Beach,Flagler/Volusia,4726.0,2018
Apalachicola,Franklin,2363.0,2018
Carrabelle,Franklin,2646.0,2018
Chattahoochee,Gadsden,2970.0,2018
Greensboro,Gadsden,591.0,2018
Gretna,Gadsden,1656.0,2018
Havana,Gadsden,1800.0,2018
Midway,Gadsden,3409.0,2018
Quincy,Gadsden,8176.0,2018
Bell,Gilchrist,498.0,2018
Trenton,Gilchrist,2029.0,2018
Fanning Springs,Gilchrist/Levy,859.0,2018
Moore Haven,Glades,1740.0,2018
Port St. Joe,Gulf,3700.0,2018
Wewahitchka,Gulf,2052.0,2018
Jasper,Hamilton,2819.0,2018
Jennings,Hamilton,880.0,2018
White Springs,Hamilton,764.0,2018
Bowling Green,Hardee,2869.0,2018
Wauchula,Hardee,5133.0,2018
Zolfo Springs,Hardee,1796.0,2018
Clewiston,Hendry,7943.0,2018
LaBelle,Hendry,5025.0,2018
Brooksville,Hernando,8410.0,2018
Weeki Wachee,Hernando,9.0,2018
Avon Park,Highlands,11187.0,2018
Lake Placid,Highlands,2632.0,2018
Sebring,Highlands,11087.0,2018
Plant City,Hillsborough,38938.0,2018
Tampa,Hillsborough,378531.0,2018
Temple Terrace,Hillsborough,26512.0,2018
Bonifay,Holmes,2677.0,2018
Esto,Holmes,385.0,2018
Noma,Holmes,187.0,2018
Ponce de Leon,Holmes,554.0,2018
Westville,Holmes,286.0,2018
Fellsmere,Indian River,5571.0,2018
Indian River Shores,Indian River,4208.0,2018
Orchid,Indian River,423.0,2018
Sebastian,Indian River,24630.0,2018
Vero Beach,Indian River,16274.0,2018
Alford,Jackson,495.0,2018
Bascom,Jackson,125.0,2018
Campbellton,Jackson,215.0,2018
Cottondale,Jackson,889.0,2018
Graceville,Jackson,2182.0,2018
Grand Ridge,Jackson,981.0,2018
Greenwood,Jackson,696.0,2018
Jacob City,Jackson,242.0,2018
Malone,Jackson,2193.0,2018
Marianna,Jackson,7621.0,2018
Sneads,Jackson,1893.0,2018
Monticello,Jefferson,2412.0,2018
Mayo,Lafayette,1208.0,2018
Astatula,Lake,1908.0,2018
Clermont,Lake,38906.0,2018
Eustis,Lake,21039.0,2018
Fruitland Park,Lake,8963.0,2018
Groveland,Lake,16407.0,2018
Howey-in-the-Hills,Lake,1499.0,2018
Lady Lake,Lake,14960.0,2018
Leesburg,Lake,23297.0,2018
Mascotte,Lake,5829.0,2018
Minneola,Lake,12348.0,2018
Montverde,Lake,1846.0,2018
Mount Dora,Lake,14536.0,2018
Tavares,Lake,17353.0,2018
Umatilla,Lake,4081.0,2018
Bonita Springs,Lee,51181.0,2018
Cape Coral,Lee,180204.0,2018
Estero,Lee,31806.0,2018
Fort Myers,Lee,81868.0,2018
Fort Myers Beach,Lee,6406.0,2018
Sanibel,Lee,6701.0,2018
Tallahassee,Leon,192381.0,2018
Bronson,Levy,1133.0,2018
Cedar Key,Levy,714.0,2018
Chiefland,Levy,2224.0,2018
Inglis,Levy,1292.0,2018
Otter Creek,Levy,122.0,2018
Williston,Levy,2943.0,2018
Yankeetown,Levy,504.0,2018
Bristol,Liberty,950.0,2018
Greenville,Madison,797.0,2018
Lee,Madison,338.0,2018
Madison,Madison,3081.0,2018
Anna Maria,Manatee,1599.0,2018
Bradenton,Manatee,56157.0,2018
Bradenton Beach,Manatee,1194.0,2018
Holmes Beach,Manatee,3934.0,2018
Palmetto,Manatee,13307.0,2018
Longboat Key,Manatee/Sarasota,6990.0,2018
Belleview,Marion,5152.0,2018
Dunnellon,Marion,1805.0,2018
McIntosh,Marion,453.0,2018
Ocala,Marion,60042.0,2018
Reddick,Marion,547.0,2018
Indiantown,Martin,6707.0,2018
Jupiter Island,Martin,826.0,2018
Ocean Breeze,Martin,163.0,2018
Sewall's Point,Martin,2078.0,2018
Stuart,Martin,16425.0,2018
Aventura,Miami-Dade,37790.0,2018
Bal Harbour,Miami-Dade,2920.0,2018
Bay Harbor Islands,Miami-Dade,5908.0,2018
Biscayne Park,Miami-Dade,3218.0,2018
Coral Gables,Miami-Dade,50631.0,2018
Cutler Bay,Miami-Dade,45373.0,2018
Doral,Miami-Dade,68244.0,2018
El Portal,Miami-Dade,2140.0,2018
Florida City,Miami-Dade,13076.0,2018
Golden Beach,Miami-Dade,935.0,2018
Hialeah,Miami-Dade,238906.0,2018
Hialeah Gardens,Miami-Dade,23614.0,2018
Homestead,Miami-Dade,73863.0,2018
Indian Creek,Miami-Dade,84.0,2018
Key Biscayne,Miami-Dade,12887.0,2018
Medley,Miami-Dade,842.0,2018
Miami,Miami-Dade,481333.0,2018
Miami Beach,Miami-Dade,92502.0,2018
Miami Gardens,Miami-Dade,113628.0,2018
Miami Lakes,Miami-Dade,31118.0,2018
Miami Shores,Miami-Dade,10784.0,2018
Miami Springs,Miami-Dade,14192.0,2018
North Bay Village,Miami-Dade,8981.0,2018
North Miami,Miami-Dade,63517.0,2018
North Miami Beach,Miami-Dade,45612.0,2018
Opa-locka,Miami-Dade,18017.0,2018
Palmetto Bay,Miami-Dade,24144.0,2018
Pinecrest,Miami-Dade,18490.0,2018
South Miami,Miami-Dade,12664.0,2018
Sunny Isles Beach,Miami-Dade,22505.0,2018
Surfside,Miami-Dade,5934.0,2018
Sweetwater,Miami-Dade,21499.0,2018
Virginia Gardens,Miami-Dade,2433.0,2018
West Miami,Miami-Dade,7806.0,2018
Islamorada,Monroe,5990.0,2018
Key Colony Beach,Monroe,758.0,2018
Key West,Monroe,24509.0,2018
Layton,Monroe,182.0,2018
Marathon,Monroe,8235.0,2018
Callahan,Nassau,1305.0,2018
Fernandina Beach,Nassau,12761.0,2018
Hilliard,Nassau,2990.0,2018
Cinco Bayou,Okaloosa,404.0,2018
Crestview,Okaloosa,25001.0,2018
Destin,Okaloosa,13289.0,2018
Fort Walton Beach,Okaloosa,20830.0,2018
Laurel Hill,Okaloosa,551.0,2018
Mary Esther,Okaloosa,3971.0,2018
Niceville,Okaloosa,14508.0,2018
Shalimar,Okaloosa,817.0,2018
Valparaiso,Okaloosa,5284.0,2018
Okeechobee,Okeechobee,5561.0,2018
Apopka,Orange,51676.0,2018
Bay Lake,Orange,22.0,2018
Belle Isle,Orange,6944.0,2018
Eatonville,Orange,2323.0,2018
Edgewood,Orange,2712.0,2018
Lake Buena Vista,Orange,24.0,2018
Maitland,Orange,18612.0,2018
Oakland,Orange,3119.0,2018
Ocoee,Orange,45694.0,2018
Orlando,Orange,285099.0,2018
Windermere,Orange,2918.0,2018
Winter Garden,Orange,44935.0,2018
Winter Park,Orange,30212.0,2018
Kissimmee,Osceola,72369.0,2018
St. Cloud,Osceola,46519.0,2018
Atlantis,Palm Beach,2021.0,2018
Belle Glade,Palm Beach,17589.0,2018
Boca Raton,Palm Beach,93417.0,2018
Boynton Beach,Palm Beach,76756.0,2018
Briny Breezes,Palm Beach,610.0,2018
Cloud Lake,Palm Beach,137.0,2018
Delray Beach,Palm Beach,66580.0,2018
Glen Ridge,Palm Beach,223.0,2018
Golf,Palm Beach,257.0,2018
Greenacres,Palm Beach,39568.0,2018
Gulf Stream,Palm Beach,1005.0,2018
Haverhill,Palm Beach,2096.0,2018
Highland Beach,Palm Beach,3654.0,2018
Hypoluxo,Palm Beach,2741.0,2018
Juno Beach,Palm Beach,3427.0,2018
Jupiter,Palm Beach,62100.0,2018
Jupiter Inlet Colony,Palm Beach,409.0,2018
Lake Clarke Shores,Palm Beach,3422.0,2018
Lake Park,Palm Beach,8829.0,2018
Lake Worth Beach,Palm Beach,38257.0,2018
Lantana,Palm Beach,11397.0,2018
Loxahatchee Groves,Palm Beach,3384.0,2018
Manalapan,Palm Beach,425.0,2018
Mangonia Park,Palm Beach,2045.0,2018
North Palm Beach,Palm Beach,12596.0,2018
Ocean Ridge,Palm Beach,1827.0,2018
Pahokee,Palm Beach,5909.0,2018
Palm Beach,Palm Beach,8295.0,2018
Palm Beach Gardens,Palm Beach,53800.0,2018
Palm Beach Shores,Palm Beach,1217.0,2018
Palm Springs,Palm Beach,23448.0,2018
Riviera Beach,Palm Beach,35431.0,2018
Royal Palm Beach,Palm Beach,37934.0,2018
South Bay,Palm Beach,5174.0,2018
South Palm Beach,Palm Beach,1400.0,2018
Tequesta,Palm Beach,5857.0,2018
Wellington,Palm Beach,62304.0,2018
West Palm Beach,Palm Beach,112906.0,2018
Westlake,Palm Beach,29.0,2018
Dade City,Pasco,7162.0,2018
New Port Richey,Pasco,15863.0,2018
Port Richey,Pasco,2879.0,2018
San Antonio,Pasco,1294.0,2018
St. Leo,Pasco,1319.0,2018
Zephyrhills,Pasco,15839.0,2018
Belleair,Pinellas,3977.0,2018
Belleair Beach,Pinellas,1588.0,2018
Belleair Bluffs,Pinellas,2095.0,2018
Belleair Shore,Pinellas,118.0,2018
Clearwater,Pinellas,115589.0,2018
Dunedin,Pinellas,37054.0,2018
Gulfport,Pinellas,12544.0,2018
Indian Rocks Beach,Pinellas,4430.0,2018
Indian Shores,Pinellas,1470.0,2018
Kenneth City,Pinellas,5103.0,2018
Largo,Pinellas,83526.0,2018
Madeira Beach,Pinellas,4421.0,2018
North Redington Beach,Pinellas,1499.0,2018
Oldsmar,Pinellas,14489.0,2018
Pinellas Park,Pinellas,53144.0,2018
Redington Beach,Pinellas,1475.0,2018
Redington Shores,Pinellas,2212.0,2018
Safety Harbor,Pinellas,17470.0,2018
Seminole,Pinellas,18865.0,2018
South Pasadena,Pinellas,5074.0,2018
St. Pete Beach,Pinellas,9510.0,2018
St. Petersburg,Pinellas,266076.0,2018
Tarpon Springs,Pinellas,25455.0,2018
Treasure Island,Pinellas,6858.0,2018
Auburndale,Polk,16246.0,2018
Bartow,Polk,19342.0,2018
Davenport,Polk,5602.0,2018
Dundee,Polk,4662.0,2018
Eagle Lake,Polk,2574.0,2018
Fort Meade,Polk,5993.0,2018
Frostproof,Polk,3130.0,2018
Haines City,Polk,24298.0,2018
Highland Park,Polk,258.0,2018
Hillcrest Heights,Polk,253.0,2018
Lake Alfred,Polk,5950.0,2018
Lake Hamilton,Polk,1380.0,2018
Lake Wales,Polk,15791.0,2018
Lakeland,Polk,105586.0,2018
Mulberry,Polk,3865.0,2018
Polk City,Polk,2088.0,2018
Winter Haven,Polk,42828.0,2018
Crescent City,Putnam,1553.0,2018
Interlachen,Putnam,1339.0,2018
Palatka,Putnam,10649.0,2018
Pomona Park,Putnam,871.0,2018
Welaka,Putnam,712.0,2018
Gulf Breeze,Santa Rosa,5849.0,2018
Jay,Santa Rosa,521.0,2018
Milton,Santa Rosa,10186.0,2018
North Port,Sarasota,70631.0,2018
Sarasota,Sarasota,55832.0,2018
Venice,Sarasota,22781.0,2018
Altamonte Springs,Seminole,44947.0,2018
Casselberry,Seminole,29778.0,2018
Lake Mary,Seminole,16746.0,2018
Longwood,Seminole,15279.0,2018
Oviedo,Seminole,39739.0,2018
Sanford,Seminole,59033.0,2018
Winter Springs,Seminole,37639.0,2018
St. Augustine,St. Johns,14021.0,2018
St. Augustine Beach,St. Johns,6713.0,2018
Fort Pierce,St. Lucie,43326.0,2018
Port St. Lucie,St. Lucie,185843.0,2018
St. Lucie Village,St. Lucie,634.0,2018
Bushnell,Sumter,2499.0,2018
Center Hill,Sumter,1101.0,2018
Coleman,Sumter,721.0,2018
Webster,Sumter,818.0,2018
Wildwood,Sumter,9511.0,2018
Branford,Suwannee,689.0,2018
Live Oak,Suwannee,6837.0,2018
Perry,Taylor,7025.0,2018
Lake Butler,Union,1813.0,2018
Raiford,Union,243.0,2018
Worthington Springs,Union,350.0,2018
Daytona Beach,Volusia,66267.0,2018
Daytona Beach Shores,Volusia,4294.0,2018
DeBary,Volusia,20774.0,2018
DeLand,Volusia,34106.0,2018
Deltona,Volusia,91007.0,2018
Edgewater,Volusia,23319.0,2018
Holly Hill,Volusia,11958.0,2018
Lake Helen,Volusia,2752.0,2018
New Smyrna Beach,Volusia,26407.0,2018
Oak Hill,Volusia,1997.0,2018
Orange City,Volusia,11720.0,2018
Ormond Beach,Volusia,41140.0,2018
Pierson,Volusia,1760.0,2018
Ponce Inlet,Volusia,3111.0,2018
Port Orange,Volusia,61009.0,2018
South Daytona,Volusia,12703.0,2018
Sopchoppy,Wakulla,473.0,2018
St. Marks,Wakulla,277.0,2018
DeFuniak Springs,Walton,5481.0,2018
Freeport,Walton,3845.0,2018
Paxton,Walton,610.0,2018
Caryville,Washington,293.0,2018
Chipley,Washington,3506.0,2018
Ebro,Washington,238.0,2018
Vernon,Washington,751.0,2018
Wausau,Washington,375.0,2018
Incorporated Population,,10556970.0,2018
Total Population,,20840986.0,2018
Incorporated Pop. as % of Total Pop.,,0.506548490556061,2018
Alachua,Alachua,9936.0,2017
Archer,Alachua,1165.0,2017
Gainesville,Alachua,129816.0,2017
Hawthorne,Alachua,1412.0,2017
High Springs,Alachua,6023.0,2017
La Crosse,Alachua,374.0,2017
Micanopy,Alachua,605.0,2017
Newberry,Alachua,5907.0,2017
Waldo,Alachua,955.0,2017
Glen St. Mary,Baker,461.0,2017
Macclenny,Baker,6519.0,2017
Callaway,Bay,15737.0,2017
Lynn Haven,Bay,20886.0,2017
Mexico Beach,Bay,1202.0,2017
Panama City,Bay,36988.0,2017
Panama City Beach,Bay,12741.0,2017
Parker,Bay,4419.0,2017
Springfield,Bay,9568.0,2017
Brooker,Bradford,324.0,2017
Hampton,Bradford,477.0,2017
Lawtey,Bradford,723.0,2017
Starke,Bradford,5520.0,2017
Cape Canaveral,Brevard,10213.0,2017
Cocoa,Brevard,18982.0,2017
Cocoa Beach,Brevard,11292.0,2017
Grant-Valkaria,Brevard,4142.0,2017
Indialantic,Brevard,2820.0,2017
Indian Harbour Beach,Brevard,8468.0,2017
Malabar,Brevard,2866.0,2017
Melbourne,Brevard,80982.0,2017
Melbourne Beach,Brevard,3087.0,2017
Melbourne Village,Brevard,668.0,2017
Palm Bay,Brevard,110623.0,2017
Palm Shores,Brevard,1114.0,2017
Rockledge,Brevard,26535.0,2017
Satellite Beach,Brevard,10504.0,2017
Titusville,Brevard,46413.0,2017
West Melbourne,Brevard,21360.0,2017
Coconut Creek,Broward,57395.0,2017
Cooper City,Broward,33758.0,2017
Coral Springs,Broward,127381.0,2017
Dania Beach,Broward,31473.0,2017
Davie,Broward,100689.0,2017
Deerfield Beach,Broward,78042.0,2017
Fort Lauderdale,Broward,179063.0,2017
Hallandale Beach,Broward,38746.0,2017
Hillsboro Beach,Broward,1911.0,2017
Hollywood,Broward,147212.0,2017
Lauderdale Lakes,Broward,35094.0,2017
Lauderdale-By-The-Sea,Broward,6175.0,2017
Lauderhill,Broward,71178.0,2017
Lazy Lake,Broward,26.0,2017
Lighthouse Point,Broward,10526.0,2017
Margate,Broward,57961.0,2017
Miramar,Broward,136246.0,2017
North Lauderdale,Broward,44408.0,2017
Oakland Park,Broward,44409.0,2017
Parkland,Broward,31476.0,2017
Pembroke Park,Broward,6368.0,2017
Pembroke Pines,Broward,163103.0,2017
Plantation,Broward,88619.0,2017
Pompano Beach,Broward,109441.0,2017
Sea Ranch Lakes,Broward,692.0,2017
Southwest Ranches,Broward,7614.0,2017
Sunrise,Broward,91865.0,2017
Tamarac,Broward,63910.0,2017
West Park,Broward,14912.0,2017
Weston,Broward,66609.0,2017
Wilton Manors,Broward,12662.0,2017
Altha,Calhoun,570.0,2017
Blountstown,Calhoun,2488.0,2017
Punta Gorda,Charlotte,18838.0,2017
Crystal River,Citrus,3134.0,2017
Inverness,Citrus,7272.0,2017
Green Cove Springs,Clay,7615.0,2017
Keystone Heights,Clay,1364.0,2017
Orange Park,Clay,8622.0,2017
Penney Farms,Clay,738.0,2017
Everglades,Collier,443.0,2017
Marco Island,Collier,17036.0,2017
Naples,Collier,20195.0,2017
Fort White,Columbia,556.0,2017
Lake City,Columbia,12266.0,2017
Arcadia,DeSoto,7677.0,2017
Cross City,Dixie,1702.0,2017
Horseshoe Beach,Dixie,173.0,2017
Atlantic Beach,Duval,13415.0,2017
Baldwin,Duval,1407.0,2017
Jacksonville,Duval,891207.0,2017
Jacksonville Beach,Duval,23503.0,2017
Neptune Beach,Duval,7279.0,2017
Century,Escambia,1536.0,2017
Pensacola,Escambia,54071.0,2017
Beverly Beach,Flagler,376.0,2017
Bunnell,Flagler,2927.0,2017
Palm Coast,Flagler,82760.0,2017
Marineland,Flagler/St. Johns,8.0,2017
Flagler Beach,Flagler/Volusia,4685.0,2017
Apalachicola,Franklin,2333.0,2017
Carrabelle,Franklin,2829.0,2017
Chattahoochee,Gadsden,3209.0,2017
Greensboro,Gadsden,613.0,2017
Gretna,Gadsden,1699.0,2017
Havana,Gadsden,1831.0,2017
Midway,Gadsden,3442.0,2017
Quincy,Gadsden,7917.0,2017
Bell,Gilchrist,498.0,2017
Trenton,Gilchrist,1969.0,2017
Fanning Springs,Gilchrist/Levy,863.0,2017
Moore Haven,Glades,1747.0,2017
Port St. Joe,Gulf,3571.0,2017
Wewahitchka,Gulf,2036.0,2017
Jasper,Hamilton,3051.0,2017
Jennings,Hamilton,864.0,2017
White Springs,Hamilton,765.0,2017
Bowling Green,Hardee,2871.0,2017
Wauchula,Hardee,5172.0,2017
Zolfo Springs,Hardee,1817.0,2017
Clewiston,Hendry,7659.0,2017
LaBelle,Hendry,4951.0,2017
Brooksville,Hernando,8074.0,2017
Weeki Wachee,Hernando,9.0,2017
Avon Park,Highlands,11018.0,2017
Lake Placid,Highlands,2579.0,2017
Sebring,Highlands,10993.0,2017
Plant City,Hillsborough,38297.0,2017
Tampa,Hillsborough,373058.0,2017
Temple Terrace,Hillsborough,26411.0,2017
Bonifay,Holmes,2679.0,2017
Esto,Holmes,384.0,2017
Noma,Holmes,186.0,2017
Ponce de Leon,Holmes,560.0,2017
Westville,Holmes,291.0,2017
Fellsmere,Indian River,5483.0,2017
Indian River Shores,Indian River,4138.0,2017
Orchid,Indian River,419.0,2017
Sebastian,Indian River,24192.0,2017
Vero Beach,Indian River,16086.0,2017
Alford,Jackson,497.0,2017
Bascom,Jackson,121.0,2017
Campbellton,Jackson,218.0,2017
Cottondale,Jackson,900.0,2017
Graceville,Jackson,2196.0,2017
Grand Ridge,Jackson,955.0,2017
Greenwood,Jackson,703.0,2017
Jacob City,Jackson,240.0,2017
Malone,Jackson,2182.0,2017
Marianna,Jackson,7721.0,2017
Sneads,Jackson,1921.0,2017
Monticello,Jefferson,2425.0,2017
Mayo,Lafayette,1226.0,2017
Astatula,Lake,1881.0,2017
Clermont,Lake,35807.0,2017
Eustis,Lake,20880.0,2017
Fruitland Park,Lake,7291.0,2017
Groveland,Lake,15205.0,2017
Howey-in-the-Hills,Lake,1355.0,2017
Lady Lake,Lake,14821.0,2017
Leesburg,Lake,21913.0,2017
Mascotte,Lake,5623.0,2017
Minneola,Lake,11675.0,2017
Montverde,Lake,1775.0,2017
Mount Dora,Lake,14283.0,2017
Tavares,Lake,16317.0,2017
Umatilla,Lake,4021.0,2017
Bonita Springs,Lee,50137.0,2017
Cape Coral,Lee,175063.0,2017
Estero,Lee,30945.0,2017
Fort Myers,Lee,79106.0,2017
Fort Myers Beach,Lee,6328.0,2017
Sanibel,Lee,6659.0,2017
Tallahassee,Leon,189625.0,2017
Bronson,Levy,1142.0,2017
Cedar Key,Levy,713.0,2017
Chiefland,Levy,2270.0,2017
Inglis,Levy,1305.0,2017
Otter Creek,Levy,118.0,2017
Williston,Levy,2898.0,2017
Yankeetown,Levy,502.0,2017
Bristol,Liberty,954.0,2017
Greenville,Madison,782.0,2017
Lee,Madison,325.0,2017
Madison,Madison,3021.0,2017
Anna Maria,Manatee,1579.0,2017
Bradenton,Manatee,54652.0,2017
Bradenton Beach,Manatee,1184.0,2017
Holmes Beach,Manatee,3888.0,2017
Palmetto,Manatee,13204.0,2017
Longboat Key,Manatee/Sarasota,6934.0,2017
Belleview,Marion,4979.0,2017
Dunnellon,Marion,1805.0,2017
McIntosh,Marion,457.0,2017
Ocala,Marion,59668.0,2017
Reddick,Marion,546.0,2017
Jupiter Island,Martin,809.0,2017
Ocean Breeze,Martin,134.0,2017
Sewall's Point,Martin,2044.0,2017
Stuart,Martin,16183.0,2017
Aventura,Miami-Dade,37694.0,2017
Bal Harbour,Miami-Dade,2924.0,2017
Bay Harbor Islands,Miami-Dade,5826.0,2017
Biscayne Park,Miami-Dade,3176.0,2017
Coral Gables,Miami-Dade,49808.0,2017
Cutler Bay,Miami-Dade,45222.0,2017
Doral,Miami-Dade,64167.0,2017
El Portal,Miami-Dade,2153.0,2017
Florida City,Miami-Dade,13017.0,2017
Golden Beach,Miami-Dade,920.0,2017
Hialeah,Miami-Dade,236114.0,2017
Hialeah Gardens,Miami-Dade,23532.0,2017
Homestead,Miami-Dade,73627.0,2017
Indian Creek,Miami-Dade,84.0,2017
Key Biscayne,Miami-Dade,12854.0,2017
Medley,Miami-Dade,832.0,2017
Miami,Miami-Dade,467872.0,2017
Miami Beach,Miami-Dade,92588.0,2017
Miami Gardens,Miami-Dade,113201.0,2017
Miami Lakes,Miami-Dade,30586.0,2017
Miami Shores,Miami-Dade,10761.0,2017
Miami Springs,Miami-Dade,14217.0,2017
North Bay Village,Miami-Dade,8973.0,2017
North Miami,Miami-Dade,63780.0,2017
North Miami Beach,Miami-Dade,45437.0,2017
Opa-locka,Miami-Dade,17745.0,2017
Palmetto Bay,Miami-Dade,24138.0,2017
Pinecrest,Miami-Dade,18467.0,2017
South Miami,Miami-Dade,12645.0,2017
Sunny Isles Beach,Miami-Dade,22233.0,2017
Surfside,Miami-Dade,5814.0,2017
Sweetwater,Miami-Dade,21508.0,2017
Virginia Gardens,Miami-Dade,2409.0,2017
West Miami,Miami-Dade,7182.0,2017
Islamorada,Monroe,6326.0,2017
Key Colony Beach,Monroe,803.0,2017
Key West,Monroe,24597.0,2017
Layton,Monroe,186.0,2017
Marathon,Monroe,8775.0,2017
Callahan,Nassau,1292.0,2017
Fernandina Beach,Nassau,12550.0,2017
Hilliard,Nassau,2953.0,2017
Cinco Bayou,Okaloosa,405.0,2017
Crestview,Okaloosa,24561.0,2017
Destin,Okaloosa,13116.0,2017
Fort Walton Beach,Okaloosa,20886.0,2017
Laurel Hill,Okaloosa,551.0,2017
Mary Esther,Okaloosa,3973.0,2017
Niceville,Okaloosa,14442.0,2017
Shalimar,Okaloosa,813.0,2017
Valparaiso,Okaloosa,5246.0,2017
Okeechobee,Okeechobee,5566.0,2017
Apopka,Orange,49750.0,2017
Bay Lake,Orange,23.0,2017
Belle Isle,Orange,6701.0,2017
Eatonville,Orange,2305.0,2017
Edgewood,Orange,2643.0,2017
Lake Buena Vista,Orange,22.0,2017
Maitland,Orange,17401.0,2017
Oakland,Orange,2658.0,2017
Ocoee,Orange,43072.0,2017
Orlando,Orange,279789.0,2017
Windermere,Orange,2887.0,2017
Winter Garden,Orange,42959.0,2017
Winter Park,Orange,29317.0,2017
Kissimmee,Osceola,69962.0,2017
St. Cloud,Osceola,45094.0,2017
Atlantis,Palm Beach,2024.0,2017
Belle Glade,Palm Beach,17290.0,2017
Boca Raton,Palm Beach,91797.0,2017
Boynton Beach,Palm Beach,73992.0,2017
Briny Breezes,Palm Beach,422.0,2017
Cloud Lake,Palm Beach,139.0,2017
Delray Beach,Palm Beach,65804.0,2017
Glen Ridge,Palm Beach,227.0,2017
Golf,Palm Beach,258.0,2017
Greenacres,Palm Beach,39770.0,2017
Gulf Stream,Palm Beach,1001.0,2017
Haverhill,Palm Beach,2063.0,2017
Highland Beach,Palm Beach,3609.0,2017
Hypoluxo,Palm Beach,2725.0,2017
Juno Beach,Palm Beach,3400.0,2017
Jupiter,Palm Beach,61388.0,2017
Jupiter Inlet Colony,Palm Beach,407.0,2017
Lake Clarke Shores,Palm Beach,3409.0,2017
Lake Park,Palm Beach,8784.0,2017
Lake Worth Beach,Palm Beach,37946.0,2017
Lantana,Palm Beach,10797.0,2017
Loxahatchee Groves,Palm Beach,3321.0,2017
Manalapan,Palm Beach,421.0,2017
Mangonia Park,Palm Beach,2033.0,2017
North Palm Beach,Palm Beach,12574.0,2017
Ocean Ridge,Palm Beach,1812.0,2017
Pahokee,Palm Beach,5889.0,2017
Palm Beach,Palm Beach,8291.0,2017
Palm Beach Gardens,Palm Beach,52591.0,2017
Palm Beach Shores,Palm Beach,1200.0,2017
Palm Springs,Palm Beach,23250.0,2017
Riviera Beach,Palm Beach,35057.0,2017
Royal Palm Beach,Palm Beach,37485.0,2017
South Bay,Palm Beach,5215.0,2017
South Palm Beach,Palm Beach,1400.0,2017
Tequesta,Palm Beach,5731.0,2017
Wellington,Palm Beach,61775.0,2017
West Palm Beach,Palm Beach,110396.0,2017
Westlake,Palm Beach,5.0,2017
Dade City,Pasco,7233.0,2017
New Port Richey,Pasco,15764.0,2017
Port Richey,Pasco,2699.0,2017
San Antonio,Pasco,1273.0,2017
St. Leo,Pasco,1442.0,2017
Zephyrhills,Pasco,15571.0,2017
Belleair,Pinellas,3924.0,2017
Belleair Beach,Pinellas,1559.0,2017
Belleair Bluffs,Pinellas,2071.0,2017
Belleair Shore,Pinellas,117.0,2017
Clearwater,Pinellas,113723.0,2017
Dunedin,Pinellas,36265.0,2017
Gulfport,Pinellas,12400.0,2017
Indian Rocks Beach,Pinellas,4380.0,2017
Indian Shores,Pinellas,1452.0,2017
Kenneth City,Pinellas,5082.0,2017
Largo,Pinellas,81966.0,2017
Madeira Beach,Pinellas,4368.0,2017
North Redington Beach,Pinellas,1452.0,2017
Oldsmar,Pinellas,14321.0,2017
Pinellas Park,Pinellas,52713.0,2017
Redington Beach,Pinellas,1463.0,2017
Redington Shores,Pinellas,2201.0,2017
Safety Harbor,Pinellas,17343.0,2017
Seminole,Pinellas,18450.0,2017
South Pasadena,Pinellas,5074.0,2017
St. Pete Beach,Pinellas,9488.0,2017
St. Petersburg,Pinellas,263768.0,2017
Tarpon Springs,Pinellas,25093.0,2017
Treasure Island,Pinellas,6819.0,2017
Auburndale,Polk,15999.0,2017
Bartow,Polk,19088.0,2017
Davenport,Polk,4946.0,2017
Dundee,Polk,4368.0,2017
Eagle Lake,Polk,2525.0,2017
Fort Meade,Polk,5736.0,2017
Frostproof,Polk,3116.0,2017
Haines City,Polk,23847.0,2017
Highland Park,Polk,237.0,2017
Hillcrest Heights,Polk,255.0,2017
Lake Alfred,Polk,5903.0,2017
Lake Hamilton,Polk,1334.0,2017
Lake Wales,Polk,15365.0,2017
Lakeland,Polk,104185.0,2017
Mulberry,Polk,3851.0,2017
Polk City,Polk,1793.0,2017
Winter Haven,Polk,41134.0,2017
Crescent City,Putnam,1555.0,2017
Interlachen,Putnam,1344.0,2017
Palatka,Putnam,10662.0,2017
Pomona Park,Putnam,873.0,2017
Welaka,Putnam,717.0,2017
Gulf Breeze,Santa Rosa,5838.0,2017
Jay,Santa Rosa,533.0,2017
Milton,Santa Rosa,10130.0,2017
North Port,Sarasota,67196.0,2017
Sarasota,Sarasota,54641.0,2017
Venice,Sarasota,22306.0,2017
Altamonte Springs,Seminole,44482.0,2017
Casselberry,Seminole,28548.0,2017
Lake Mary,Seminole,16538.0,2017
Longwood,Seminole,15156.0,2017
Oviedo,Seminole,37701.0,2017
Sanford,Seminole,57839.0,2017
Winter Springs,Seminole,36654.0,2017
Hastings,St. Johns,642.0,2017
St. Augustine,St. Johns,13862.0,2017
St. Augustine Beach,St. Johns,6633.0,2017
Fort Pierce,St. Lucie,43409.0,2017
Port St. Lucie,St. Lucie,181284.0,2017
St. Lucie Village,St. Lucie,643.0,2017
Bushnell,Sumter,2492.0,2017
Center Hill,Sumter,1072.0,2017
Coleman,Sumter,719.0,2017
Webster,Sumter,805.0,2017
Wildwood,Sumter,8454.0,2017
Branford,Suwannee,691.0,2017
Live Oak,Suwannee,6860.0,2017
Perry,Taylor,6954.0,2017
Lake Butler,Union,1818.0,2017
Raiford,Union,258.0,2017
Worthington Springs,Union,322.0,2017
Daytona Beach,Volusia,65569.0,2017
Daytona Beach Shores,Volusia,4288.0,2017
DeBary,Volusia,20434.0,2017
DeLand,Volusia,32775.0,2017
Deltona,Volusia,89984.0,2017
Edgewater,Volusia,21509.0,2017
Holly Hill,Volusia,11890.0,2017
Lake Helen,Volusia,2691.0,2017
New Smyrna Beach,Volusia,25803.0,2017
Oak Hill,Volusia,1994.0,2017
Orange City,Volusia,11850.0,2017
Ormond Beach,Volusia,40722.0,2017
Pierson,Volusia,1745.0,2017
Ponce Inlet,Volusia,3084.0,2017
Port Orange,Volusia,59625.0,2017
South Daytona,Volusia,12677.0,2017
Sopchoppy,Wakulla,469.0,2017
St. Marks,Wakulla,275.0,2017
DeFuniak Springs,Walton,5471.0,2017
Freeport,Walton,3240.0,2017
Paxton,Walton,601.0,2017
Caryville,Washington,293.0,2017
Chipley,Washington,3466.0,2017
Ebro,Washington,233.0,2017
Vernon,Washington,744.0,2017
Wausau,Washington,380.0,2017
Incorporated Population,,10368756.0,2017
Total Population,,20484142.0,2017
Incorporated Pop. as % of Total Pop.,,0.5061845402165246,2017
Alachua,Alachua,9892.0,2016
Archer,Alachua,1158.0,2016
Gainesville,Alachua,128612.0,2016
Hawthorne,Alachua,1425.0,2016
High Springs,Alachua,5813.0,2016
La Crosse,Alachua,379.0,2016
Micanopy,Alachua,600.0,2016
Newberry,Alachua,5946.0,2016
Waldo,Alachua,939.0,2016
Glen St. Mary,Baker,444.0,2016
Macclenny,Baker,6450.0,2016
Callaway,Bay,15625.0,2016
Lynn Haven,Bay,20004.0,2016
Mexico Beach,Bay,1196.0,2016
Panama City,Bay,36909.0,2016
Panama City Beach,Bay,12545.0,2016
Parker,Bay,4441.0,2016
Springfield,Bay,9490.0,2016
Brooker,Bradford,324.0,2016
Hampton,Bradford,485.0,2016
Lawtey,Bradford,718.0,2016
Starke,Bradford,5515.0,2016
Cape Canaveral,Brevard,10171.0,2016
Cocoa,Brevard,18833.0,2016
Cocoa Beach,Brevard,11276.0,2016
Grant-Valkaria,Brevard,4073.0,2016
Indialantic,Brevard,2811.0,2016
Indian Harbour Beach,Brevard,8446.0,2016
Malabar,Brevard,2817.0,2016
Melbourne,Brevard,80419.0,2016
Melbourne Beach,Brevard,3076.0,2016
Melbourne Village,Brevard,666.0,2016
Palm Bay,Brevard,109162.0,2016
Palm Shores,Brevard,979.0,2016
Rockledge,Brevard,26303.0,2016
Satellite Beach,Brevard,10485.0,2016
Titusville,Brevard,46022.0,2016
West Melbourne,Brevard,20640.0,2016
Coconut Creek,Broward,57116.0,2016
Cooper City,Broward,33671.0,2016
Coral Springs,Broward,126264.0,2016
Dania Beach,Broward,31093.0,2016
Davie,Broward,99446.0,2016
Deerfield Beach,Broward,77659.0,2016
Fort Lauderdale,Broward,176747.0,2016
Hallandale Beach,Broward,38621.0,2016
Hillsboro Beach,Broward,1914.0,2016
Hollywood,Broward,146155.0,2016
Lauderdale Lakes,Broward,34830.0,2016
Lauderdale-By-The-Sea,Broward,6138.0,2016
Lauderhill,Broward,70677.0,2016
Lazy Lake,Broward,24.0,2016
Lighthouse Point,Broward,10506.0,2016
Margate,Broward,57226.0,2016
Miramar,Broward,134037.0,2016
North Lauderdale,Broward,44064.0,2016
Oakland Park,Broward,44098.0,2016
Parkland,Broward,29586.0,2016
Pembroke Park,Broward,6318.0,2016
Pembroke Pines,Broward,161799.0,2016
Plantation,Broward,88328.0,2016
Pompano Beach,Broward,107425.0,2016
Sea Ranch Lakes,Broward,677.0,2016
Southwest Ranches,Broward,7572.0,2016
Sunrise,Broward,90714.0,2016
Tamarac,Broward,63309.0,2016
West Park,Broward,14768.0,2016
Weston,Broward,66526.0,2016
Wilton Manors,Broward,12446.0,2016
Altha,Calhoun,555.0,2016
Blountstown,Calhoun,2472.0,2016
Punta Gorda,Charlotte,18368.0,2016
Crystal River,Citrus,3143.0,2016
Inverness,Citrus,7251.0,2016
Green Cove Springs,Clay,7469.0,2016
Keystone Heights,Clay,1364.0,2016
Orange Park,Clay,8606.0,2016
Penney Farms,Clay,740.0,2016
Everglades,Collier,432.0,2016
Marco Island,Collier,16930.0,2016
Naples,Collier,19736.0,2016
Fort White,Columbia,554.0,2016
Lake City,Columbia,12121.0,2016
Arcadia,DeSoto,7628.0,2016
Cross City,Dixie,1700.0,2016
Horseshoe Beach,Dixie,173.0,2016
Atlantic Beach,Duval,13244.0,2016
Baldwin,Duval,1392.0,2016
Jacksonville,Duval,878456.0,2016
Jacksonville Beach,Duval,23288.0,2016
Neptune Beach,Duval,7267.0,2016
Century,Escambia,1539.0,2016
Pensacola,Escambia,53690.0,2016
Beverly Beach,Flagler,369.0,2016
Bunnell,Flagler,2921.0,2016
Palm Coast,Flagler,81184.0,2016
Marineland,Flagler/St. Johns,6.0,2016
Flagler Beach,Flagler/Volusia,4642.0,2016
Apalachicola,Franklin,2311.0,2016
Carrabelle,Franklin,3110.0,2016
Chattahoochee,Gadsden,3118.0,2016
Greensboro,Gadsden,633.0,2016
Gretna,Gadsden,1687.0,2016
Havana,Gadsden,1752.0,2016
Midway,Gadsden,3381.0,2016
Quincy,Gadsden,8066.0,2016
Bell,Gilchrist,491.0,2016
Trenton,Gilchrist,1984.0,2016
Fanning Springs,Gilchrist/Levy,850.0,2016
Moore Haven,Glades,1672.0,2016
Port St. Joe,Gulf,3567.0,2016
Wewahitchka,Gulf,2105.0,2016
Jasper,Hamilton,3052.0,2016
Jennings,Hamilton,890.0,2016
White Springs,Hamilton,760.0,2016
Bowling Green,Hardee,2861.0,2016
Wauchula,Hardee,5160.0,2016
Zolfo Springs,Hardee,1813.0,2016
Clewiston,Hendry,7517.0,2016
LaBelle,Hendry,4807.0,2016
Brooksville,Hernando,8006.0,2016
Weeki Wachee,Hernando,5.0,2016
Avon Park,Highlands,10989.0,2016
Lake Placid,Highlands,2564.0,2016
Sebring,Highlands,10971.0,2016
Plant City,Hillsborough,37840.0,2016
Tampa,Hillsborough,365124.0,2016
Temple Terrace,Hillsborough,25820.0,2016
Bonifay,Holmes,2689.0,2016
Esto,Holmes,364.0,2016
Noma,Holmes,183.0,2016
Ponce de Leon,Holmes,550.0,2016
Westville,Holmes,301.0,2016
Fellsmere,Indian River,5401.0,2016
Indian River Shores,Indian River,4046.0,2016
Orchid,Indian River,415.0,2016
Sebastian,Indian River,23732.0,2016
Vero Beach,Indian River,15823.0,2016
Alford,Jackson,499.0,2016
Bascom,Jackson,128.0,2016
Campbellton,Jackson,222.0,2016
Cottondale,Jackson,898.0,2016
Graceville,Jackson,2207.0,2016
Grand Ridge,Jackson,957.0,2016
Greenwood,Jackson,691.0,2016
Jacob City,Jackson,229.0,2016
Malone,Jackson,2169.0,2016
Marianna,Jackson,7716.0,2016
Sneads,Jackson,1927.0,2016
Monticello,Jefferson,2443.0,2016
Mayo,Lafayette,1201.0,2016
Astatula,Lake,1852.0,2016
Clermont,Lake,34667.0,2016
Eustis,Lake,20127.0,2016
Fruitland Park,Lake,4274.0,2016
Groveland,Lake,13605.0,2016
Howey-in-the-Hills,Lake,1260.0,2016
Lady Lake,Lake,14687.0,2016
Leesburg,Lake,22000.0,2016
Mascotte,Lake,5515.0,2016
Minneola,Lake,11133.0,2016
Montverde,Lake,1716.0,2016
Mount Dora,Lake,13949.0,2016
Tavares,Lake,15996.0,2016
Umatilla,Lake,3908.0,2016
Bonita Springs,Lee,48388.0,2016
Cape Coral,Lee,170474.0,2016
Estero,Lee,30565.0,2016
Fort Myers,Lee,76108.0,2016
Fort Myers Beach,Lee,6276.0,2016
Sanibel,Lee,6591.0,2016
Tallahassee,Leon,189675.0,2016
Bronson,Levy,1106.0,2016
Cedar Key,Levy,710.0,2016
Chiefland,Levy,2282.0,2016
Inglis,Levy,1286.0,2016
Otter Creek,Levy,122.0,2016
Williston,Levy,2786.0,2016
Yankeetown,Levy,506.0,2016
Bristol,Liberty,917.0,2016
Greenville,Madison,803.0,2016
Lee,Madison,318.0,2016
Madison,Madison,3044.0,2016
Anna Maria,Manatee,1576.0,2016
Bradenton,Manatee,53771.0,2016
Bradenton Beach,Manatee,1183.0,2016
Holmes Beach,Manatee,3873.0,2016
Palmetto,Manatee,13130.0,2016
Longboat Key,Manatee/Sarasota,6879.0,2016
Belleview,Marion,4874.0,2016
Dunnellon,Marion,1768.0,2016
McIntosh,Marion,449.0,2016
Ocala,Marion,59720.0,2016
Reddick,Marion,499.0,2016
Jupiter Island,Martin,812.0,2016
Ocean Breeze,Martin,100.0,2016
Sewall's Point,Martin,2026.0,2016
Stuart,Martin,16148.0,2016
Aventura,Miami-Dade,37611.0,2016
Bal Harbour,Miami-Dade,2716.0,2016
Bay Harbor Islands,Miami-Dade,5541.0,2016
Biscayne Park,Miami-Dade,3213.0,2016
Coral Gables,Miami-Dade,49449.0,2016
Cutler Bay,Miami-Dade,44901.0,2016
Doral,Miami-Dade,59304.0,2016
El Portal,Miami-Dade,2200.0,2016
Florida City,Miami-Dade,12832.0,2016
Golden Beach,Miami-Dade,932.0,2016
Hialeah,Miami-Dade,233431.0,2016
Hialeah Gardens,Miami-Dade,23332.0,2016
Homestead,Miami-Dade,70209.0,2016
Indian Creek,Miami-Dade,84.0,2016
Key Biscayne,Miami-Dade,12783.0,2016
Medley,Miami-Dade,834.0,2016
Miami,Miami-Dade,456089.0,2016
Miami Beach,Miami-Dade,92797.0,2016
Miami Gardens,Miami-Dade,111998.0,2016
Miami Lakes,Miami-Dade,30456.0,2016
Miami Shores,Miami-Dade,10810.0,2016
Miami Springs,Miami-Dade,14214.0,2016
North Bay Village,Miami-Dade,8949.0,2016
North Miami,Miami-Dade,63731.0,2016
North Miami Beach,Miami-Dade,44512.0,2016
Opa-locka,Miami-Dade,17831.0,2016
Palmetto Bay,Miami-Dade,23962.0,2016
Pinecrest,Miami-Dade,18382.0,2016
South Miami,Miami-Dade,12912.0,2016
Sunny Isles Beach,Miami-Dade,22063.0,2016
Surfside,Miami-Dade,5544.0,2016
Sweetwater,Miami-Dade,21408.0,2016
Virginia Gardens,Miami-Dade,2433.0,2016
West Miami,Miami-Dade,6600.0,2016
Islamorada,Monroe,6202.0,2016
Key Colony Beach,Monroe,793.0,2016
Key West,Monroe,25009.0,2016
Layton,Monroe,182.0,2016
Marathon,Monroe,8546.0,2016
Callahan,Nassau,1195.0,2016
Fernandina Beach,Nassau,12229.0,2016
Hilliard,Nassau,2955.0,2016
Cinco Bayou,Okaloosa,408.0,2016
Crestview,Okaloosa,23762.0,2016
Destin,Okaloosa,12898.0,2016
Fort Walton Beach,Okaloosa,20879.0,2016
Laurel Hill,Okaloosa,539.0,2016
Mary Esther,Okaloosa,3905.0,2016
Niceville,Okaloosa,14122.0,2016
Shalimar,Okaloosa,811.0,2016
Valparaiso,Okaloosa,5266.0,2016
Okeechobee,Okeechobee,5552.0,2016
Apopka,Orange,47826.0,2016
Bay Lake,Orange,15.0,2016
Belle Isle,Orange,6541.0,2016
Eatonville,Orange,2251.0,2016
Edgewood,Orange,2642.0,2016
Lake Buena Vista,Orange,22.0,2016
Maitland,Orange,17598.0,2016
Oakland,Orange,2635.0,2016
Ocoee,Orange,41881.0,2016
Orlando,Orange,271752.0,2016
Windermere,Orange,2889.0,2016
Winter Garden,Orange,41606.0,2016
Winter Park,Orange,29308.0,2016
Kissimmee,Osceola,68401.0,2016
St. Cloud,Osceola,42998.0,2016
Atlantis,Palm Beach,2001.0,2016
Belle Glade,Palm Beach,17274.0,2016
Boca Raton,Palm Beach,88275.0,2016
Boynton Beach,Palm Beach,73163.0,2016
Briny Breezes,Palm Beach,414.0,2016
Cloud Lake,Palm Beach,134.0,2016
Delray Beach,Palm Beach,63972.0,2016
Glen Ridge,Palm Beach,218.0,2016
Golf,Palm Beach,256.0,2016
Greenacres,Palm Beach,39066.0,2016
Gulf Stream,Palm Beach,998.0,2016
Haverhill,Palm Beach,2008.0,2016
Highland Beach,Palm Beach,3600.0,2016
Hypoluxo,Palm Beach,2714.0,2016
Juno Beach,Palm Beach,3351.0,2016
Jupiter,Palm Beach,60615.0,2016
Jupiter Inlet Colony,Palm Beach,411.0,2016
Lake Clarke Shores,Palm Beach,3401.0,2016
Lake Park,Palm Beach,8640.0,2016
Lake Worth Beach,Palm Beach,37475.0,2016
Lantana,Palm Beach,10737.0,2016
Loxahatchee Groves,Palm Beach,3271.0,2016
Manalapan,Palm Beach,417.0,2016
Mangonia Park,Palm Beach,1984.0,2016
North Palm Beach,Palm Beach,12230.0,2016
Ocean Ridge,Palm Beach,1779.0,2016
Pahokee,Palm Beach,5826.0,2016
Palm Beach,Palm Beach,8040.0,2016
Palm Beach Gardens,Palm Beach,51532.0,2016
Palm Beach Shores,Palm Beach,1161.0,2016
Palm Springs,Palm Beach,22458.0,2016
Riviera Beach,Palm Beach,33957.0,2016
Royal Palm Beach,Palm Beach,37138.0,2016
South Bay,Palm Beach,5293.0,2016
South Palm Beach,Palm Beach,1378.0,2016
Tequesta,Palm Beach,5699.0,2016
Wellington,Palm Beach,60308.0,2016
West Palm Beach,Palm Beach,108896.0,2016
Dade City,Pasco,6953.0,2016
New Port Richey,Pasco,15619.0,2016
Port Richey,Pasco,2663.0,2016
San Antonio,Pasco,1236.0,2016
St. Leo,Pasco,1370.0,2016
Zephyrhills,Pasco,15170.0,2016
Belleair,Pinellas,3912.0,2016
Belleair Beach,Pinellas,1563.0,2016
Belleair Bluffs,Pinellas,2056.0,2016
Belleair Shore,Pinellas,111.0,2016
Clearwater,Pinellas,112387.0,2016
Dunedin,Pinellas,36060.0,2016
Gulfport,Pinellas,12315.0,2016
Indian Rocks Beach,Pinellas,4373.0,2016
Indian Shores,Pinellas,1434.0,2016
Kenneth City,Pinellas,5044.0,2016
Largo,Pinellas,81587.0,2016
Madeira Beach,Pinellas,4354.0,2016
North Redington Beach,Pinellas,1444.0,2016
Oldsmar,Pinellas,14230.0,2016
Pinellas Park,Pinellas,52497.0,2016
Redington Beach,Pinellas,1448.0,2016
Redington Shores,Pinellas,2192.0,2016
Safety Harbor,Pinellas,17269.0,2016
Seminole,Pinellas,18440.0,2016
South Pasadena,Pinellas,5087.0,2016
St. Pete Beach,Pinellas,9452.0,2016
St. Petersburg,Pinellas,259906.0,2016
Tarpon Springs,Pinellas,24637.0,2016
Treasure Island,Pinellas,6805.0,2016
Auburndale,Polk,15450.0,2016
Bartow,Polk,18888.0,2016
Davenport,Polk,4277.0,2016
Dundee,Polk,4123.0,2016
Eagle Lake,Polk,2437.0,2016
Fort Meade,Polk,5782.0,2016
Frostproof,Polk,3096.0,2016
Haines City,Polk,23252.0,2016
Highland Park,Polk,235.0,2016
Hillcrest Heights,Polk,252.0,2016
Lake Alfred,Polk,5728.0,2016
Lake Hamilton,Polk,1315.0,2016
Lake Wales,Polk,15362.0,2016
Lakeland,Polk,102507.0,2016
Mulberry,Polk,3828.0,2016
Polk City,Polk,1670.0,2016
Winter Haven,Polk,39524.0,2016
Crescent City,Putnam,1543.0,2016
Interlachen,Putnam,1328.0,2016
Palatka,Putnam,10548.0,2016
Pomona Park,Putnam,873.0,2016
Welaka,Putnam,717.0,2016
Gulf Breeze,Santa Rosa,5818.0,2016
Jay,Santa Rosa,538.0,2016
Milton,Santa Rosa,10038.0,2016
North Port,Sarasota,64472.0,2016
Sarasota,Sarasota,53865.0,2016
Venice,Sarasota,21849.0,2016
Altamonte Springs,Seminole,43905.0,2016
Casselberry,Seminole,27786.0,2016
Lake Mary,Seminole,16119.0,2016
Longwood,Seminole,14897.0,2016
Oviedo,Seminole,37128.0,2016
Sanford,Seminole,57248.0,2016
Winter Springs,Seminole,36156.0,2016
Hastings,St. Johns,616.0,2016
St. Augustine,St. Johns,13747.0,2016
St. Augustine Beach,St. Johns,6555.0,2016
Fort Pierce,St. Lucie,42489.0,2016
Port St. Lucie,St. Lucie,178091.0,2016
St. Lucie Village,St. Lucie,607.0,2016
Bushnell,Sumter,2490.0,2016
Center Hill,Sumter,1061.0,2016
Coleman,Sumter,714.0,2016
Webster,Sumter,803.0,2016
Wildwood,Sumter,8016.0,2016
Branford,Suwannee,699.0,2016
Live Oak,Suwannee,6819.0,2016
Perry,Taylor,6974.0,2016
Lake Butler,Union,1853.0,2016
Raiford,Union,243.0,2016
Worthington Springs,Union,339.0,2016
Daytona Beach,Volusia,64569.0,2016
Daytona Beach Shores,Volusia,4291.0,2016
DeBary,Volusia,20242.0,2016
DeLand,Volusia,31792.0,2016
Deltona,Volusia,88922.0,2016
Edgewater,Volusia,21280.0,2016
Holly Hill,Volusia,11823.0,2016
Lake Helen,Volusia,2662.0,2016
New Smyrna Beach,Volusia,25078.0,2016
Oak Hill,Volusia,1972.0,2016
Orange City,Volusia,11679.0,2016
Ormond Beach,Volusia,40366.0,2016
Pierson,Volusia,1694.0,2016
Ponce Inlet,Volusia,3062.0,2016
Port Orange,Volusia,59315.0,2016
South Daytona,Volusia,12635.0,2016
Sopchoppy,Wakulla,466.0,2016
St. Marks,Wakulla,285.0,2016
DeFuniak Springs,Walton,5476.0,2016
Freeport,Walton,3014.0,2016
Paxton,Walton,597.0,2016
Caryville,Washington,292.0,2016
Chipley,Washington,3464.0,2016
Ebro,Washington,232.0,2016
Vernon,Washington,749.0,2016
Wausau,Washington,383.0,2016
Incorporated Population,,10203629.0,2016
Total Population,,20148654.0,2016
Incorporated Pop. as % of Total Pop.,,0.5064174013807572,2016
Alachua,Alachua,9788.0,2015
Archer,Alachua,1140.0,2015
Gainesville,Alachua,127955.0,2015
Hawthorne,Alachua,1370.0,2015
High Springs,Alachua,5742.0,2015
La Crosse,Alachua,373.0,2015
Micanopy,Alachua,593.0,2015
Newberry,Alachua,5360.0,2015
Waldo,Alachua,951.0,2015
Glen St. Mary,Baker,435.0,2015
Macclenny,Baker,6430.0,2015
Callaway,Bay,14681.0,2015
Lynn Haven,Bay,19287.0,2015
Mexico Beach,Bay,1136.0,2015
Panama City,Bay,35835.0,2015
Panama City Beach,Bay,12467.0,2015
Parker,Bay,4409.0,2015
Springfield,Bay,9097.0,2015
Brooker,Bradford,322.0,2015
Hampton,Bradford,477.0,2015
Lawtey,Bradford,711.0,2015
Starke,Bradford,5442.0,2015
Cape Canaveral,Brevard,10084.0,2015
Cocoa,Brevard,18313.0,2015
Cocoa Beach,Brevard,11182.0,2015
Grant-Valkaria,Brevard,3949.0,2015
Indialantic,Brevard,2787.0,2015
Indian Harbour Beach,Brevard,8386.0,2015
Malabar,Brevard,2796.0,2015
Melbourne,Brevard,79600.0,2015
Melbourne Beach,Brevard,3078.0,2015
Melbourne Village,Brevard,664.0,2015
Palm Bay,Brevard,107481.0,2015
Palm Shores,Brevard,975.0,2015
Rockledge,Brevard,26165.0,2015
Satellite Beach,Brevard,10403.0,2015
Titusville,Brevard,45325.0,2015
West Melbourne,Brevard,20250.0,2015
Coconut Creek,Broward,56593.0,2015
Cooper City,Broward,33176.0,2015
Coral Springs,Broward,124282.0,2015
Dania Beach,Broward,30644.0,2015
Davie,Broward,96908.0,2015
Deerfield Beach,Broward,76662.0,2015
Fort Lauderdale,Broward,175123.0,2015
Hallandale Beach,Broward,38424.0,2015
Hillsboro Beach,Broward,1867.0,2015
Hollywood,Broward,144926.0,2015
Lauderdale Lakes,Broward,34201.0,2015
Lauderdale-By-The-Sea,Broward,6056.0,2015
Lauderhill,Broward,69651.0,2015
Lazy Lake,Broward,24.0,2015
Lighthouse Point,Broward,10358.0,2015
Margate,Broward,55851.0,2015
Miramar,Broward,132096.0,2015
North Lauderdale,Broward,43232.0,2015
Oakland Park,Broward,43390.0,2015
Parkland,Broward,28128.0,2015
Pembroke Park,Broward,6236.0,2015
Pembroke Pines,Broward,159922.0,2015
Plantation,Broward,87496.0,2015
Pompano Beach,Broward,106260.0,2015
Sea Ranch Lakes,Broward,670.0,2015
Southwest Ranches,Broward,7389.0,2015
Sunrise,Broward,88630.0,2015
Tamarac,Broward,62264.0,2015
West Park,Broward,14499.0,2015
Weston,Broward,65734.0,2015
Wilton Manors,Broward,12160.0,2015
Altha,Calhoun,568.0,2015
Blountstown,Calhoun,2468.0,2015
Punta Gorda,Charlotte,17675.0,2015
Crystal River,Citrus,3112.0,2015
Inverness,Citrus,7227.0,2015
Green Cove Springs,Clay,7043.0,2015
Keystone Heights,Clay,1367.0,2015
Orange Park,Clay,8510.0,2015
Penney Farms,Clay,746.0,2015
Everglades,Collier,427.0,2015
Marco Island,Collier,16728.0,2015
Naples,Collier,19527.0,2015
Fort White,Columbia,560.0,2015
Lake City,Columbia,12000.0,2015
Arcadia,DeSoto,7610.0,2015
Cross City,Dixie,1733.0,2015
Horseshoe Beach,Dixie,159.0,2015
Atlantic Beach,Duval,13012.0,2015
Baldwin,Duval,1385.0,2015
Jacksonville,Duval,861252.0,2015
Jacksonville Beach,Duval,22805.0,2015
Neptune Beach,Duval,7120.0,2015
Century,Escambia,1578.0,2015
Pensacola,Escambia,53058.0,2015
Beverly Beach,Flagler,356.0,2015
Bunnell,Flagler,2875.0,2015
Palm Coast,Flagler,79821.0,2015
Marineland,Flagler/St. Johns,6.0,2015
Flagler Beach,Flagler/Volusia,4563.0,2015
Apalachicola,Franklin,2302.0,2015
Carrabelle,Franklin,2765.0,2015
Chattahoochee,Gadsden,3135.0,2015
Greensboro,Gadsden,624.0,2015
Gretna,Gadsden,1556.0,2015
Havana,Gadsden,1767.0,2015
Midway,Gadsden,3378.0,2015
Quincy,Gadsden,7853.0,2015
Bell,Gilchrist,537.0,2015
Trenton,Gilchrist,2067.0,2015
Fanning Springs,Gilchrist/Levy,784.0,2015
Moore Haven,Glades,1648.0,2015
Port St. Joe,Gulf,3525.0,2015
Wewahitchka,Gulf,2126.0,2015
Jasper,Hamilton,3083.0,2015
Jennings,Hamilton,871.0,2015
White Springs,Hamilton,763.0,2015
Bowling Green,Hardee,2894.0,2015
Wauchula,Hardee,5001.0,2015
Zolfo Springs,Hardee,1803.0,2015
Clewiston,Hendry,7441.0,2015
LaBelle,Hendry,4792.0,2015
Brooksville,Hernando,7780.0,2015
Weeki Wachee,Hernando,5.0,2015
Avon Park,Highlands,10895.0,2015
Lake Placid,Highlands,2415.0,2015
Sebring,Highlands,10776.0,2015
Plant City,Hillsborough,36710.0,2015
Tampa,Hillsborough,358279.0,2015
Temple Terrace,Hillsborough,25567.0,2015
Bonifay,Holmes,2665.0,2015
Esto,Holmes,364.0,2015
Noma,Holmes,183.0,2015
Ponce de Leon,Holmes,557.0,2015
Westville,Holmes,299.0,2015
Fellsmere,Indian River,5355.0,2015
Indian River Shores,Indian River,3995.0,2015
Orchid,Indian River,411.0,2015
Sebastian,Indian River,23137.0,2015
Vero Beach,Indian River,15608.0,2015
Alford,Jackson,491.0,2015
Bascom,Jackson,128.0,2015
Campbellton,Jackson,232.0,2015
Cottondale,Jackson,907.0,2015
Graceville,Jackson,2187.0,2015
Grand Ridge,Jackson,936.0,2015
Greenwood,Jackson,693.0,2015
Jacob City,Jackson,228.0,2015
Malone,Jackson,2317.0,2015
Marianna,Jackson,7727.0,2015
Sneads,Jackson,1909.0,2015
Monticello,Jefferson,2458.0,2015
Mayo,Lafayette,1201.0,2015
Astatula,Lake,1824.0,2015
Clermont,Lake,32348.0,2015
Eustis,Lake,19432.0,2015
Fruitland Park,Lake,4214.0,2015
Groveland,Lake,12077.0,2015
Howey-in-the-Hills,Lake,1106.0,2015
Lady Lake,Lake,14207.0,2015
Leesburg,Lake,21547.0,2015
Mascotte,Lake,5401.0,2015
Minneola,Lake,10470.0,2015
Montverde,Lake,1472.0,2015
Mount Dora,Lake,13167.0,2015
Tavares,Lake,15106.0,2015
Umatilla,Lake,3798.0,2015
Bonita Springs,Lee,46568.0,2015
Cape Coral,Lee,166508.0,2015
Estero,Lee,30118.0,2015
Fort Myers,Lee,72395.0,2015
Fort Myers Beach,Lee,6264.0,2015
Sanibel,Lee,6502.0,2015
Tallahassee,Leon,187996.0,2015
Bronson,Levy,1187.0,2015
Cedar Key,Levy,696.0,2015
Chiefland,Levy,2153.0,2015
Inglis,Levy,1301.0,2015
Otter Creek,Levy,120.0,2015
Williston,Levy,2848.0,2015
Yankeetown,Levy,489.0,2015
Bristol,Liberty,958.0,2015
Greenville,Madison,766.0,2015
Lee,Madison,332.0,2015
Madison,Madison,3061.0,2015
Anna Maria,Manatee,1519.0,2015
Bradenton,Manatee,52534.0,2015
Bradenton Beach,Manatee,1178.0,2015
Holmes Beach,Manatee,3851.0,2015
Palmetto,Manatee,13082.0,2015
Longboat Key,Manatee/Sarasota,6845.0,2015
Belleview,Marion,4746.0,2015
Dunnellon,Marion,1771.0,2015
McIntosh,Marion,450.0,2015
Ocala,Marion,58355.0,2015
Reddick,Marion,501.0,2015
Jupiter Island,Martin,810.0,2015
Ocean Breeze,Martin,95.0,2015
Sewall's Point,Martin,2000.0,2015
Stuart,Martin,16110.0,2015
Aventura,Miami-Dade,37473.0,2015
Bal Harbour,Miami-Dade,2778.0,2015
Bay Harbor Islands,Miami-Dade,5552.0,2015
Biscayne Park,Miami-Dade,3147.0,2015
Coral Gables,Miami-Dade,49397.0,2015
Cutler Bay,Miami-Dade,44109.0,2015
Doral,Miami-Dade,55660.0,2015
El Portal,Miami-Dade,2334.0,2015
Florida City,Miami-Dade,12577.0,2015
Golden Beach,Miami-Dade,928.0,2015
Hialeah,Miami-Dade,233053.0,2015
Hialeah Gardens,Miami-Dade,23004.0,2015
Homestead,Miami-Dade,69533.0,2015
Indian Creek,Miami-Dade,86.0,2015
Key Biscayne,Miami-Dade,12684.0,2015
Medley,Miami-Dade,836.0,2015
Miami,Miami-Dade,439509.0,2015
Miami Beach,Miami-Dade,91714.0,2015
Miami Gardens,Miami-Dade,109951.0,2015
Miami Lakes,Miami-Dade,30209.0,2015
Miami Shores,Miami-Dade,10806.0,2015
Miami Springs,Miami-Dade,14089.0,2015
North Bay Village,Miami-Dade,8178.0,2015
North Miami,Miami-Dade,62380.0,2015
North Miami Beach,Miami-Dade,43533.0,2015
Opa-locka,Miami-Dade,17528.0,2015
Palmetto Bay,Miami-Dade,23843.0,2015
Pinecrest,Miami-Dade,18408.0,2015
South Miami,Miami-Dade,13656.0,2015
Sunny Isles Beach,Miami-Dade,21592.0,2015
Surfside,Miami-Dade,5703.0,2015
Sweetwater,Miami-Dade,20793.0,2015
Virginia Gardens,Miami-Dade,2416.0,2015
West Miami,Miami-Dade,6018.0,2015
Islamorada,Monroe,6199.0,2015
Key Colony Beach,Monroe,796.0,2015
Key West,Monroe,24663.0,2015
Layton,Monroe,183.0,2015
Marathon,Monroe,8439.0,2015
Callahan,Nassau,1185.0,2015
Fernandina Beach,Nassau,11970.0,2015
Hilliard,Nassau,3032.0,2015
Cinco Bayou,Okaloosa,397.0,2015
Crestview,Okaloosa,23460.0,2015
Destin,Okaloosa,12730.0,2015
Fort Walton Beach,Okaloosa,20869.0,2015
Laurel Hill,Okaloosa,534.0,2015
Mary Esther,Okaloosa,3859.0,2015
Niceville,Okaloosa,13774.0,2015
Shalimar,Okaloosa,741.0,2015
Valparaiso,Okaloosa,5254.0,2015
Okeechobee,Okeechobee,5534.0,2015
Apopka,Orange,46571.0,2015
Bay Lake,Orange,15.0,2015
Belle Isle,Orange,6464.0,2015
Eatonville,Orange,2246.0,2015
Edgewood,Orange,2635.0,2015
Lake Buena Vista,Orange,22.0,2015
Maitland,Orange,17007.0,2015
Oakland,Orange,2624.0,2015
Ocoee,Orange,40171.0,2015
Orlando,Orange,262949.0,2015
Windermere,Orange,2869.0,2015
Winter Garden,Orange,39871.0,2015
Winter Park,Orange,28967.0,2015
Kissimmee,Osceola,66592.0,2015
St. Cloud,Osceola,41316.0,2015
Atlantis,Palm Beach,2001.0,2015
Belle Glade,Palm Beach,17448.0,2015
Boca Raton,Palm Beach,87766.0,2015
Boynton Beach,Palm Beach,72784.0,2015
Briny Breezes,Palm Beach,415.0,2015
Cloud Lake,Palm Beach,133.0,2015
Delray Beach,Palm Beach,63175.0,2015
Glen Ridge,Palm Beach,215.0,2015
Golf,Palm Beach,252.0,2015
Greenacres,Palm Beach,38943.0,2015
Gulf Stream,Palm Beach,998.0,2015
Haverhill,Palm Beach,1977.0,2015
Highland Beach,Palm Beach,3600.0,2015
Hypoluxo,Palm Beach,2691.0,2015
Juno Beach,Palm Beach,3240.0,2015
Jupiter,Palm Beach,59108.0,2015
Jupiter Inlet Colony,Palm Beach,396.0,2015
Lake Clarke Shores,Palm Beach,3375.0,2015
Lake Park,Palm Beach,8598.0,2015
Lake Worth Beach,Palm Beach,37674.0,2015
Lantana,Palm Beach,10705.0,2015
Loxahatchee Groves,Palm Beach,3203.0,2015
Manalapan,Palm Beach,410.0,2015
Mangonia Park,Palm Beach,1959.0,2015
North Palm Beach,Palm Beach,12206.0,2015
Ocean Ridge,Palm Beach,1794.0,2015
Pahokee,Palm Beach,5839.0,2015
Palm Beach,Palm Beach,8041.0,2015
Palm Beach Gardens,Palm Beach,50521.0,2015
Palm Beach Shores,Palm Beach,1143.0,2015
Palm Springs,Palm Beach,22282.0,2015
Riviera Beach,Palm Beach,33953.0,2015
Royal Palm Beach,Palm Beach,36731.0,2015
South Bay,Palm Beach,5151.0,2015
South Palm Beach,Palm Beach,1366.0,2015
Tequesta,Palm Beach,5665.0,2015
Wellington,Palm Beach,59860.0,2015
West Palm Beach,Palm Beach,106525.0,2015
Dade City,Pasco,6816.0,2015
New Port Richey,Pasco,15351.0,2015
Port Richey,Pasco,2638.0,2015
San Antonio,Pasco,1232.0,2015
St. Leo,Pasco,1350.0,2015
Zephyrhills,Pasco,15010.0,2015
Belleair,Pinellas,3889.0,2015
Belleair Beach,Pinellas,1563.0,2015
Belleair Bluffs,Pinellas,2052.0,2015
Belleair Shore,Pinellas,107.0,2015
Clearwater,Pinellas,110679.0,2015
Dunedin,Pinellas,35783.0,2015
Gulfport,Pinellas,12222.0,2015
Indian Rocks Beach,Pinellas,4203.0,2015
Indian Shores,Pinellas,1424.0,2015
Kenneth City,Pinellas,5040.0,2015
Largo,Pinellas,80747.0,2015
Madeira Beach,Pinellas,4341.0,2015
North Redington Beach,Pinellas,1418.0,2015
Oldsmar,Pinellas,13993.0,2015
Pinellas Park,Pinellas,51790.0,2015
Redington Beach,Pinellas,1438.0,2015
Redington Shores,Pinellas,2152.0,2015
Safety Harbor,Pinellas,17103.0,2015
Seminole,Pinellas,18231.0,2015
South Pasadena,Pinellas,5081.0,2015
St. Pete Beach,Pinellas,9412.0,2015
St. Petersburg,Pinellas,256681.0,2015
Tarpon Springs,Pinellas,24421.0,2015
Treasure Island,Pinellas,6790.0,2015
Auburndale,Polk,14832.0,2015
Bartow,Polk,18205.0,2015
Davenport,Polk,3786.0,2015
Dundee,Polk,3974.0,2015
Eagle Lake,Polk,2387.0,2015
Fort Meade,Polk,5741.0,2015
Frostproof,Polk,3004.0,2015
Haines City,Polk,22660.0,2015
Highland Park,Polk,234.0,2015
Hillcrest Heights,Polk,254.0,2015
Lake Alfred,Polk,5322.0,2015
Lake Hamilton,Polk,1271.0,2015
Lake Wales,Polk,15011.0,2015
Lakeland,Polk,101517.0,2015
Mulberry,Polk,3775.0,2015
Polk City,Polk,1623.0,2015
Winter Haven,Polk,38085.0,2015
Crescent City,Putnam,1540.0,2015
Interlachen,Putnam,1337.0,2015
Palatka,Putnam,10418.0,2015
Pomona Park,Putnam,873.0,2015
Welaka,Putnam,712.0,2015
Gulf Breeze,Santa Rosa,5832.0,2015
Jay,Santa Rosa,563.0,2015
Milton,Santa Rosa,9425.0,2015
North Port,Sarasota,62235.0,2015
Sarasota,Sarasota,52905.0,2015
Venice,Sarasota,21418.0,2015
Altamonte Springs,Seminole,43325.0,2015
Casselberry,Seminole,27614.0,2015
Lake Mary,Seminole,15905.0,2015
Longwood,Seminole,13974.0,2015
Oviedo,Seminole,36819.0,2015
Sanford,Seminole,56900.0,2015
Winter Springs,Seminole,34901.0,2015
Hastings,St. Johns,604.0,2015
St. Augustine,St. Johns,13590.0,2015
St. Augustine Beach,St. Johns,6480.0,2015
Fort Pierce,St. Lucie,42119.0,2015
Port St. Lucie,St. Lucie,174132.0,2015
St. Lucie Village,St. Lucie,597.0,2015
Bushnell,Sumter,2459.0,2015
Center Hill,Sumter,981.0,2015
Coleman,Sumter,694.0,2015
Webster,Sumter,768.0,2015
Wildwood,Sumter,7473.0,2015
Branford,Suwannee,687.0,2015
Live Oak,Suwannee,6853.0,2015
Perry,Taylor,7016.0,2015
Lake Butler,Union,1831.0,2015
Raiford,Union,252.0,2015
Worthington Springs,Union,386.0,2015
Daytona Beach,Volusia,63534.0,2015
Daytona Beach Shores,Volusia,4263.0,2015
DeBary,Volusia,20002.0,2015
DeLand,Volusia,30493.0,2015
Deltona,Volusia,87497.0,2015
Edgewater,Volusia,20958.0,2015
Holly Hill,Volusia,11712.0,2015
Lake Helen,Volusia,2651.0,2015
New Smyrna Beach,Volusia,24285.0,2015
Oak Hill,Volusia,1869.0,2015
Orange City,Volusia,11569.0,2015
Ormond Beach,Volusia,40013.0,2015
Pierson,Volusia,1691.0,2015
Ponce Inlet,Volusia,3047.0,2015
Port Orange,Volusia,58656.0,2015
South Daytona,Volusia,12538.0,2015
Sopchoppy,Wakulla,459.0,2015
St. Marks,Wakulla,281.0,2015
DeFuniak Springs,Walton,5429.0,2015
Freeport,Walton,2667.0,2015
Paxton,Walton,622.0,2015
Caryville,Washington,278.0,2015
Chipley,Washington,3512.0,2015
Ebro,Washington,220.0,2015
Vernon,Washington,689.0,2015
Wausau,Washington,388.0,2015
Incorporated Population,,10018127.0,2015
Total Population,,19815183.0,2015
Incorporated Pop. as % of Total Pop.,,0.5055783234502553,2015
Alachua,Alachua,9479.0,2014
Archer,Alachua,1137.0,2014
Gainesville,Alachua,125661.0,2014
Hawthorne,Alachua,1356.0,2014
High Springs,Alachua,5533.0,2014
La Crosse,Alachua,373.0,2014
Micanopy,Alachua,594.0,2014
Newberry,Alachua,5264.0,2014
Waldo,Alachua,953.0,2014
Glen St. Mary,Baker,428.0,2014
Macclenny,Baker,6375.0,2014
Callaway,Bay,14581.0,2014
Lynn Haven,Bay,19068.0,2014
Mexico Beach,Bay,1126.0,2014
Panama City,Bay,35773.0,2014
Panama City Beach,Bay,12191.0,2014
Parker,Bay,4355.0,2014
Springfield,Bay,8967.0,2014
Brooker,Bradford,324.0,2014
Hampton,Bradford,480.0,2014
Lawtey,Bradford,724.0,2014
Starke,Bradford,5536.0,2014
Cape Canaveral,Brevard,10022.0,2014
Cocoa,Brevard,17678.0,2014
Cocoa Beach,Brevard,11131.0,2014
Grant-Valkaria,Brevard,3916.0,2014
Indialantic,Brevard,2765.0,2014
Indian Harbour Beach,Brevard,8393.0,2014
Malabar,Brevard,2765.0,2014
Melbourne,Brevard,78088.0,2014
Melbourne Beach,Brevard,3086.0,2014
Melbourne Village,Brevard,670.0,2014
Palm Bay,Brevard,105815.0,2014
Palm Shores,Brevard,922.0,2014
Rockledge,Brevard,25662.0,2014
Satellite Beach,Brevard,10290.0,2014
Titusville,Brevard,44077.0,2014
West Melbourne,Brevard,19834.0,2014
Coconut Creek,Broward,55319.0,2014
Cooper City,Broward,32996.0,2014
Coral Springs,Broward,123618.0,2014
Dania Beach,Broward,30351.0,2014
Davie,Broward,95505.0,2014
Deerfield Beach,Broward,76152.0,2014
Fort Lauderdale,Broward,171544.0,2014
Hallandale Beach,Broward,38273.0,2014
Hillsboro Beach,Broward,1865.0,2014
Hollywood,Broward,144310.0,2014
Lauderdale Lakes,Broward,33803.0,2014
Lauderdale-By-The-Sea,Broward,6070.0,2014
Lauderhill,Broward,68558.0,2014
Lazy Lake,Broward,25.0,2014
Lighthouse Point,Broward,10374.0,2014
Margate,Broward,55417.0,2014
Miramar,Broward,128432.0,2014
North Lauderdale,Broward,42829.0,2014
Oakland Park,Broward,42893.0,2014
Parkland,Broward,26273.0,2014
Pembroke Park,Broward,6174.0,2014
Pembroke Pines,Broward,157905.0,2014
Plantation,Broward,86782.0,2014
Pompano Beach,Broward,104662.0,2014
Sea Ranch Lakes,Broward,668.0,2014
Southwest Ranches,Broward,7339.0,2014
Sunrise,Broward,88033.0,2014
Tamarac,Broward,61270.0,2014
West Park,Broward,14317.0,2014
Weston,Broward,65672.0,2014
Wilton Manors,Broward,12071.0,2014
Altha,Calhoun,570.0,2014
Blountstown,Calhoun,2494.0,2014
Punta Gorda,Charlotte,17487.0,2014
Crystal River,Citrus,3088.0,2014
Inverness,Citrus,7193.0,2014
Green Cove Springs,Clay,7030.0,2014
Keystone Heights,Clay,1356.0,2014
Orange Park,Clay,8429.0,2014
Penney Farms,Clay,735.0,2014
Everglades,Collier,409.0,2014
Marco Island,Collier,16607.0,2014
Naples,Collier,19530.0,2014
Fort White,Columbia,559.0,2014
Lake City,Columbia,12004.0,2014
Arcadia,DeSoto,7479.0,2014
Cross City,Dixie,1723.0,2014
Horseshoe Beach,Dixie,158.0,2014
Atlantic Beach,Duval,12986.0,2014
Baldwin,Duval,1411.0,2014
Jacksonville,Duval,846421.0,2014
Jacksonville Beach,Duval,22136.0,2014
Neptune Beach,Duval,7112.0,2014
Century,Escambia,1634.0,2014
Pensacola,Escambia,52758.0,2014
Beverly Beach,Flagler,338.0,2014
Bunnell,Flagler,2787.0,2014
Palm Coast,Flagler,78046.0,2014
Marineland,Flagler/St. Johns,6.0,2014
Flagler Beach,Flagler/Volusia,4522.0,2014
Apalachicola,Franklin,2269.0,2014
Carrabelle,Franklin,2845.0,2014
Chattahoochee,Gadsden,3138.0,2014
Greensboro,Gadsden,618.0,2014
Gretna,Gadsden,1452.0,2014
Havana,Gadsden,1723.0,2014
Midway,Gadsden,3369.0,2014
Quincy,Gadsden,7918.0,2014
Bell,Gilchrist,497.0,2014
Trenton,Gilchrist,1991.0,2014
Fanning Springs,Gilchrist/Levy,749.0,2014
Moore Haven,Glades,1665.0,2014
Port St. Joe,Gulf,3499.0,2014
Wewahitchka,Gulf,2156.0,2014
Jasper,Hamilton,3069.0,2014
Jennings,Hamilton,865.0,2014
White Springs,Hamilton,772.0,2014
Bowling Green,Hardee,2891.0,2014
Wauchula,Hardee,5115.0,2014
Zolfo Springs,Hardee,1807.0,2014
Clewiston,Hendry,7420.0,2014
LaBelle,Hendry,4708.0,2014
Brooksville,Hernando,7687.0,2014
Weeki Wachee,Hernando,5.0,2014
Avon Park,Highlands,9513.0,2014
Lake Placid,Highlands,2375.0,2014
Sebring,Highlands,10666.0,2014
Plant City,Hillsborough,35956.0,2014
Tampa,Hillsborough,352741.0,2014
Temple Terrace,Hillsborough,25308.0,2014
Bonifay,Holmes,2659.0,2014
Esto,Holmes,364.0,2014
Noma,Holmes,200.0,2014
Ponce de Leon,Holmes,554.0,2014
Westville,Holmes,313.0,2014
Fellsmere,Indian River,5328.0,2014
Indian River Shores,Indian River,3962.0,2014
Orchid,Indian River,411.0,2014
Sebastian,Indian River,22622.0,2014
Vero Beach,Indian River,15477.0,2014
Alford,Jackson,504.0,2014
Bascom,Jackson,124.0,2014
Campbellton,Jackson,227.0,2014
Cottondale,Jackson,905.0,2014
Graceville,Jackson,2207.0,2014
Grand Ridge,Jackson,921.0,2014
Greenwood,Jackson,675.0,2014
Jacob City,Jackson,253.0,2014
Malone,Jackson,2337.0,2014
Marianna,Jackson,7903.0,2014
Sneads,Jackson,1917.0,2014
Monticello,Jefferson,2481.0,2014
Mayo,Lafayette,1199.0,2014
Astatula,Lake,1800.0,2014
Clermont,Lake,31745.0,2014
Eustis,Lake,19098.0,2014
Fruitland Park,Lake,4153.0,2014
Groveland,Lake,10546.0,2014
Howey-in-the-Hills,Lake,1089.0,2014
Lady Lake,Lake,14148.0,2014
Leesburg,Lake,21163.0,2014
Mascotte,Lake,5329.0,2014
Minneola,Lake,10062.0,2014
Montverde,Lake,1464.0,2014
Mount Dora,Lake,12949.0,2014
Tavares,Lake,14582.0,2014
Umatilla,Lake,3658.0,2014
Bonita Springs,Lee,45819.0,2014
Cape Coral,Lee,163599.0,2014
Fort Myers,Lee,69437.0,2014
Fort Myers Beach,Lee,6250.0,2014
Sanibel,Lee,6490.0,2014
Tallahassee,Leon,185784.0,2014
Bronson,Levy,1142.0,2014
Cedar Key,Levy,691.0,2014
Chiefland,Levy,2153.0,2014
Inglis,Levy,1294.0,2014
Otter Creek,Levy,129.0,2014
Williston,Levy,2815.0,2014
Yankeetown,Levy,493.0,2014
Bristol,Liberty,958.0,2014
Greenville,Madison,763.0,2014
Lee,Madison,331.0,2014
Madison,Madison,3102.0,2014
Anna Maria,Manatee,1523.0,2014
Bradenton,Manatee,51148.0,2014
Bradenton Beach,Manatee,1166.0,2014
Holmes Beach,Manatee,3839.0,2014
Palmetto,Manatee,12799.0,2014
Longboat Key,Manatee/Sarasota,6825.0,2014
Belleview,Marion,4629.0,2014
Dunnellon,Marion,1770.0,2014
McIntosh,Marion,457.0,2014
Ocala,Marion,57494.0,2014
Reddick,Marion,498.0,2014
Jupiter Island,Martin,816.0,2014
Ocean Breeze,Martin,95.0,2014
Sewall's Point,Martin,1998.0,2014
Stuart,Martin,15972.0,2014
Aventura,Miami-Dade,37262.0,2014
Bal Harbour,Miami-Dade,2855.0,2014
Bay Harbor Islands,Miami-Dade,5785.0,2014
Biscayne Park,Miami-Dade,3140.0,2014
Coral Gables,Miami-Dade,48780.0,2014
Cutler Bay,Miami-Dade,42944.0,2014
Doral,Miami-Dade,52889.0,2014
El Portal,Miami-Dade,2328.0,2014
Florida City,Miami-Dade,12430.0,2014
Golden Beach,Miami-Dade,917.0,2014
Hialeah,Miami-Dade,230544.0,2014
Hialeah Gardens,Miami-Dade,22571.0,2014
Homestead,Miami-Dade,66586.0,2014
Indian Creek,Miami-Dade,89.0,2014
Key Biscayne,Miami-Dade,12525.0,2014
Medley,Miami-Dade,859.0,2014
Miami,Miami-Dade,428107.0,2014
Miami Beach,Miami-Dade,91540.0,2014
Miami Gardens,Miami-Dade,108160.0,2014
Miami Lakes,Miami-Dade,30161.0,2014
Miami Shores,Miami-Dade,10781.0,2014
Miami Springs,Miami-Dade,14027.0,2014
North Bay,Miami-Dade,7851.0,2014
North Miami,Miami-Dade,61912.0,2014
North Miami Beach,Miami-Dade,43227.0,2014
Opa-locka,Miami-Dade,16873.0,2014
Palmetto Bay,Miami-Dade,23767.0,2014
Pinecrest,Miami-Dade,18403.0,2014
South Miami,Miami-Dade,13623.0,2014
Sunny Isles Beach,Miami-Dade,21698.0,2014
Surfside,Miami-Dade,5722.0,2014
Sweetwater,Miami-Dade,20345.0,2014
Virginia Gardens,Miami-Dade,2400.0,2014
West Miami,Miami-Dade,6012.0,2014
Islamorada,Monroe,6212.0,2014
Key Colony Beach,Monroe,808.0,2014
Key West,Monroe,24620.0,2014
Layton,Monroe,186.0,2014
Marathon,Monroe,8425.0,2014
Callahan,Nassau,1166.0,2014
Fernandina Beach,Nassau,11853.0,2014
Hilliard,Nassau,3090.0,2014
Cinco Bayou,Okaloosa,397.0,2014
Crestview,Okaloosa,23209.0,2014
Destin,Okaloosa,12541.0,2014
Fort Walton Beach,Okaloosa,20719.0,2014
Laurel Hill,Okaloosa,531.0,2014
Mary Esther,Okaloosa,3845.0,2014
Niceville,Okaloosa,13678.0,2014
Shalimar,Okaloosa,734.0,2014
Valparaiso,Okaloosa,5246.0,2014
Okeechobee,Okeechobee,5583.0,2014
Apopka,Orange,45669.0,2014
Bay Lake,Orange,15.0,2014
Belle Isle,Orange,6422.0,2014
Eatonville,Orange,2233.0,2014
Edgewood,Orange,2626.0,2014
Lake Buena Vista,Orange,22.0,2014
Maitland,Orange,16411.0,2014
Oakland,Orange,2609.0,2014
Ocoee,Orange,39679.0,2014
Orlando,Orange,255636.0,2014
Windermere,Orange,2862.0,2014
Winter Garden,Orange,38442.0,2014
Winter Park,Orange,29073.0,2014
Kissimmee,Osceola,64365.0,2014
St. Cloud,Osceola,39674.0,2014
Atlantis,Palm Beach,2006.0,2014
Belle Glade,Palm Beach,17424.0,2014
Boca Raton,Palm Beach,86647.0,2014
Boynton Beach,Palm Beach,71608.0,2014
Briny Breezes,Palm Beach,412.0,2014
Cloud Lake,Palm Beach,133.0,2014
Delray Beach,Palm Beach,62700.0,2014
Glen Ridge,Palm Beach,219.0,2014
Golf,Palm Beach,249.0,2014
Greenacres,Palm Beach,38590.0,2014
Gulf Stream,Palm Beach,979.0,2014
Haverhill,Palm Beach,1969.0,2014
Highland Beach,Palm Beach,3581.0,2014
Hypoluxo,Palm Beach,2672.0,2014
Juno Beach,Palm Beach,3194.0,2014
Jupiter,Palm Beach,57263.0,2014
Jupiter Inlet Colony,Palm Beach,396.0,2014
Lake Clarke Shores,Palm Beach,3360.0,2014
Lake Park,Palm Beach,8477.0,2014
Lake Worth Beach,Palm Beach,36423.0,2014
Lantana,Palm Beach,10681.0,2014
Loxahatchee Groves,Palm Beach,3183.0,2014
Manalapan,Palm Beach,408.0,2014
Mangonia Park,Palm Beach,1972.0,2014
North Palm Beach,Palm Beach,12182.0,2014
Ocean Ridge,Palm Beach,1780.0,2014
Pahokee,Palm Beach,5818.0,2014
Palm Beach,Palm Beach,8170.0,2014
Palm Beach Gardens,Palm Beach,50067.0,2014
Palm Beach Shores,Palm Beach,1147.0,2014
Palm Springs,Palm Beach,20887.0,2014
Riviera Beach,Palm Beach,33728.0,2014
Royal Palm Beach,Palm Beach,36265.0,2014
South Bay,Palm Beach,4898.0,2014
South Palm Beach,Palm Beach,1362.0,2014
Tequesta,Palm Beach,5629.0,2014
Wellington,Palm Beach,59136.0,2014
West Palm Beach,Palm Beach,104630.0,2014
Dade City,Pasco,6583.0,2014
New Port Richey,Pasco,15107.0,2014
Port Richey,Pasco,2619.0,2014
San Antonio,Pasco,1214.0,2014
St. Leo,Pasco,1465.0,2014
Zephyrhills,Pasco,14732.0,2014
Belleair,Pinellas,3887.0,2014
Belleair Beach,Pinellas,1571.0,2014
Belleair Bluffs,Pinellas,2052.0,2014
Belleair Shore,Pinellas,107.0,2014
Clearwater,Pinellas,109340.0,2014
Dunedin,Pinellas,35606.0,2014
Gulfport,Pinellas,12145.0,2014
Indian Rocks Beach,Pinellas,4176.0,2014
Indian Shores,Pinellas,1424.0,2014
Kenneth City,Pinellas,5011.0,2014
Largo,Pinellas,79431.0,2014
Madeira Beach,Pinellas,4323.0,2014
North Redington Beach,Pinellas,1430.0,2014
Oldsmar,Pinellas,13859.0,2014
Pinellas Park,Pinellas,50352.0,2014
Redington Beach,Pinellas,1437.0,2014
Redington Shores,Pinellas,2147.0,2014
Safety Harbor,Pinellas,17011.0,2014
Seminole,Pinellas,17754.0,2014
South Pasadena,Pinellas,5106.0,2014
St. Pete Beach,Pinellas,9367.0,2014
St. Petersburg,Pinellas,252372.0,2014
Tarpon Springs,Pinellas,24220.0,2014
Treasure Island,Pinellas,6782.0,2014
Auburndale,Polk,14262.0,2014
Bartow,Polk,17812.0,2014
Davenport,Polk,3248.0,2014
Dundee,Polk,3876.0,2014
Eagle Lake,Polk,2335.0,2014
Fort Meade,Polk,5955.0,2014
Frostproof,Polk,2961.0,2014
Haines City,Polk,21956.0,2014
Highland Park,Polk,237.0,2014
Hillcrest Heights,Polk,252.0,2014
Lake Alfred,Polk,5127.0,2014
Lake Hamilton,Polk,1275.0,2014
Lake Wales,Polk,14830.0,2014
Lakeland,Polk,100728.0,2014
Mulberry,Polk,3750.0,2014
Polk City,Polk,1630.0,2014
Winter Haven,Polk,37016.0,2014
Crescent City,Putnam,1520.0,2014
Interlachen,Putnam,1332.0,2014
Palatka,Putnam,10377.0,2014
Pomona Park,Putnam,877.0,2014
Welaka,Putnam,711.0,2014
Gulf Breeze,Santa Rosa,5823.0,2014
Jay,Santa Rosa,529.0,2014
Milton,Santa Rosa,9316.0,2014
North Port,Sarasota,60295.0,2014
Sarasota,Sarasota,52584.0,2014
Venice,Sarasota,21188.0,2014
Altamonte Springs,Seminole,42719.0,2014
Casselberry,Seminole,27527.0,2014
Lake Mary,Seminole,15037.0,2014
Longwood,Seminole,13781.0,2014
Oviedo,Seminole,36251.0,2014
Sanford,Seminole,55509.0,2014
Winter Springs,Seminole,34627.0,2014
Hastings,St. Johns,607.0,2014
St. Augustine,St. Johns,13414.0,2014
St. Augustine Beach,St. Johns,6418.0,2014
Fort Pierce,St. Lucie,41888.0,2014
Port St. Lucie,St. Lucie,169888.0,2014
St. Lucie Village,St. Lucie,586.0,2014
Bushnell,Sumter,2503.0,2014
Center Hill,Sumter,974.0,2014
Coleman,Sumter,703.0,2014
Webster,Sumter,769.0,2014
Wildwood,Sumter,7252.0,2014
Branford,Suwannee,693.0,2014
Live Oak,Suwannee,6850.0,2014
Perry,Taylor,7069.0,2014
Lake Butler,Union,1853.0,2014
Raiford,Union,252.0,2014
Worthington Springs,Union,418.0,2014
Daytona Beach,Volusia,62622.0,2014
Daytona Beach Shores,Volusia,4264.0,2014
DeBary,Volusia,19802.0,2014
DeLand,Volusia,29467.0,2014
Deltona,Volusia,86360.0,2014
Edgewater,Volusia,20748.0,2014
Holly Hill,Volusia,11661.0,2014
Lake Helen,Volusia,2616.0,2014
New Smyrna Beach,Volusia,23834.0,2014
Oak Hill,Volusia,1855.0,2014
Orange City,Volusia,11483.0,2014
Ormond Beach,Volusia,39455.0,2014
Pierson,Volusia,1688.0,2014
Ponce Inlet,Volusia,3039.0,2014
Port Orange,Volusia,57467.0,2014
South Daytona,Volusia,12373.0,2014
Sopchoppy,Wakulla,450.0,2014
St. Marks,Wakulla,280.0,2014
DeFuniak Springs,Walton,5387.0,2014
Freeport,Walton,2488.0,2014
Paxton,Walton,613.0,2014
Caryville,Washington,270.0,2014
Chipley,Washington,3504.0,2014
Ebro,Washington,248.0,2014
Vernon,Washington,680.0,2014
Wausau,Washington,377.0,2014
Incorporated Population,,9825285.0,2014
Total Population,,19507369.0,2014
Incorporated Pop. as % of Total Pop.,,0.5036704334654253,2014
Alachua,Alachua,9300.0,2013
Archer,Alachua,1123.0,2013
Gainesville,Alachua,124391.0,2013
Hawthorne,Alachua,1389.0,2013
High Springs,Alachua,5440.0,2013
La Crosse,Alachua,360.0,2013
Micanopy,Alachua,600.0,2013
Newberry,Alachua,5148.0,2013
Waldo,Alachua,969.0,2013
Glen St. Mary,Baker,430.0,2013
Macclenny,Baker,6363.0,2013
Callaway,Bay,14332.0,2013
Lynn Haven,Bay,18911.0,2013
Mexico Beach,Bay,1110.0,2013
Panama City,Bay,35720.0,2013
Panama City Beach,Bay,12094.0,2013
Parker,Bay,4325.0,2013
Springfield,Bay,8857.0,2013
Brooker,Bradford,318.0,2013
Hampton,Bradford,492.0,2013
Lawtey,Bradford,735.0,2013
Starke,Bradford,5542.0,2013
Cape Canaveral,Brevard,9987.0,2013
Cocoa,Brevard,17443.0,2013
Cocoa Beach,Brevard,11214.0,2013
Grant-Valkaria,Brevard,3899.0,2013
Indialantic,Brevard,2780.0,2013
Indian Harbour Beach,Brevard,8406.0,2013
Malabar,Brevard,2766.0,2013
Melbourne,Brevard,77394.0,2013
Melbourne Beach,Brevard,3115.0,2013
Melbourne Village,Brevard,662.0,2013
Palm Bay,Brevard,104693.0,2013
Palm Shores,Brevard,896.0,2013
Rockledge,Brevard,25309.0,2013
Satellite Beach,Brevard,10322.0,2013
Titusville,Brevard,43709.0,2013
West Melbourne,Brevard,19464.0,2013
Coconut Creek,Broward,53783.0,2013
Cooper City,Broward,32136.0,2013
Coral Springs,Broward,122994.0,2013
Dania Beach,Broward,30233.0,2013
Davie,Broward,93599.0,2013
Deerfield Beach,Broward,75840.0,2013
Fort Lauderdale,Broward,170065.0,2013
Hallandale Beach,Broward,38391.0,2013
Hillsboro Beach,Broward,1885.0,2013
Hollywood,Broward,143935.0,2013
Lauderdale Lakes,Broward,33322.0,2013
Lauderdale-By-The-Sea,Broward,6135.0,2013
Lauderhill,Broward,66952.0,2013
Lazy Lake,Broward,25.0,2013
Lighthouse Point,Broward,10401.0,2013
Margate,Broward,55245.0,2013
Miramar,Broward,126619.0,2013
North Lauderdale,Broward,42312.0,2013
Oakland Park,Broward,42301.0,2013
Parkland,Broward,25576.0,2013
Pembroke Park,Broward,6201.0,2013
Pembroke Pines,Broward,155565.0,2013
Plantation,Broward,85496.0,2013
Pompano Beach,Broward,103189.0,2013
Sea Ranch Lakes,Broward,673.0,2013
Southwest Ranches,Broward,7396.0,2013
Sunrise,Broward,86685.0,2013
Tamarac,Broward,61110.0,2013
West Park,Broward,14286.0,2013
Weston,Broward,65677.0,2013
Wilton Manors,Broward,11989.0,2013
Altha,Calhoun,564.0,2013
Blountstown,Calhoun,2503.0,2013
Punta Gorda,Charlotte,17087.0,2013
Crystal River,Citrus,3056.0,2013
Inverness,Citrus,7186.0,2013
Green Cove Springs,Clay,6960.0,2013
Keystone Heights,Clay,1336.0,2013
Orange Park,Clay,8419.0,2013
Penney Farms,Clay,741.0,2013
Everglades,Collier,409.0,2013
Marco Island,Collier,16556.0,2013
Naples,Collier,19595.0,2013
Fort White,Columbia,558.0,2013
Lake City,Columbia,11931.0,2013
Arcadia,De Soto,7540.0,2013
Cross City,Dixie,1713.0,2013
Horseshoe Beach,Dixie,165.0,2013
Atlantic Beach,Duval,12851.0,2013
Baldwin,Duval,1409.0,2013
Jacksonville,Duval,832993.0,2013
Jacksonville Beach,Duval,21713.0,2013
Neptune Beach,Duval,7109.0,2013
Century,Escambia,1654.0,2013
Pensacola,Escambia,52188.0,2013
Beverly Beach,Flagler,335.0,2013
Bunnell,Flagler,2686.0,2013
Palm Coast,Flagler,77068.0,2013
Marineland,Flagler/St. Johns,5.0,2013
Flagler Beach,Flagler/Volusia,4510.0,2013
Apalachicola,Franklin,2258.0,2013
Carrabelle,Franklin,2803.0,2013
Chattahoochee,Gadsden,3092.0,2013
Greensboro,Gadsden,618.0,2013
Gretna,Gadsden,1451.0,2013
Havana,Gadsden,1732.0,2013
Midway,Gadsden,3301.0,2013
Quincy,Gadsden,7920.0,2013
Bell,Gilchrist,430.0,2013
Trenton,Gilchrist,1965.0,2013
Fanning Springs,Gilchrist/Levy,725.0,2013
Moore Haven,Glades,1691.0,2013
Port St. Joe,Gulf,3489.0,2013
Wewahitchka,Gulf,1994.0,2013
Jasper,Hamilton,2978.0,2013
Jennings,Hamilton,895.0,2013
White Springs,Hamilton,771.0,2013
Bowling Green,Hardee,2907.0,2013
Wauchula,Hardee,5016.0,2013
Zolfo Springs,Hardee,1818.0,2013
Clewiston,Hendry,7251.0,2013
LaBelle,Hendry,4669.0,2013
Brooksville,Hernando,7643.0,2013
Weeki Wachee,Hernando,5.0,2013
Avon Park,Highlands,9189.0,2013
Lake Placid,Highlands,2316.0,2013
Sebring,Highlands,10561.0,2013
Plant City,Hillsborough,35313.0,2013
Tampa,Hillsborough,346609.0,2013
Temple Terrace,Hillsborough,25307.0,2013
Bonifay,Holmes,2695.0,2013
Esto,Holmes,364.0,2013
Noma,Holmes,185.0,2013
Ponce de Leon,Holmes,565.0,2013
Westville,Holmes,300.0,2013
Fellsmere,Indian River,5191.0,2013
Indian River Shores,Indian River,3940.0,2013
Orchid,Indian River,416.0,2013
Sebastian,Indian River,22296.0,2013
Vero Beach,Indian River,15361.0,2013
Alford,Jackson,499.0,2013
Bascom,Jackson,125.0,2013
Campbellton,Jackson,228.0,2013
Cottondale,Jackson,911.0,2013
Graceville,Jackson,2222.0,2013
Grand Ridge,Jackson,940.0,2013
Greenwood,Jackson,681.0,2013
Jacob City,Jackson,255.0,2013
Malone,Jackson,2318.0,2013
Marianna,Jackson,7979.0,2013
Sneads,Jackson,1926.0,2013
Monticello,Jefferson,2468.0,2013
Mayo,Lafayette,1216.0,2013
Astatula,Lake,1793.0,2013
Clermont,Lake,30201.0,2013
Eustis,Lake,18795.0,2013
Fruitland Park,Lake,4182.0,2013
Groveland,Lake,9529.0,2013
Howey-in-the-Hills,Lake,1083.0,2013
Lady Lake,Lake,13947.0,2013
Leesburg,Lake,20761.0,2013
Mascotte,Lake,5158.0,2013
Minneola,Lake,9743.0,2013
Montverde,Lake,1451.0,2013
Mount Dora,Lake,12870.0,2013
Tavares,Lake,14260.0,2013
Umatilla,Lake,3546.0,2013
Bonita Springs,Lee,45229.0,2013
Cape Coral,Lee,161069.0,2013
Fort Myers,Lee,67081.0,2013
Fort Myers Beach,Lee,6323.0,2013
Sanibel,Lee,6497.0,2013
Tallahassee,Leon,183727.0,2013
Bronson,Levy,1095.0,2013
Cedar Key,Levy,707.0,2013
Chiefland,Levy,2260.0,2013
Inglis,Levy,1314.0,2013
Otter Creek,Levy,134.0,2013
Williston,Levy,2793.0,2013
Yankeetown,Levy,495.0,2013
Bristol,Liberty,994.0,2013
Greenville,Madison,805.0,2013
Lee,Madison,331.0,2013
Madison,Madison,3115.0,2013
Anna Maria,Manatee,1524.0,2013
Bradenton,Manatee,50475.0,2013
Bradenton Beach,Manatee,1176.0,2013
Holmes Beach,Manatee,3852.0,2013
Palmetto,Manatee,12775.0,2013
Longboat Key,Manatee/Sarasota,6884.0,2013
Belleview,Marion,4562.0,2013
Dunnellon,Marion,1754.0,2013
McIntosh,Marion,457.0,2013
Ocala,Marion,57387.0,2013
Reddick,Marion,510.0,2013
Jupiter Island,Martin,816.0,2013
Ocean Breeze Park,Martin,301.0,2013
Sewall's Point,Martin,2013.0,2013
Stuart,Martin,15814.0,2013
Aventura,Miami-Dade,36725.0,2013
Bal Harbour,Miami-Dade,2915.0,2013
Bay Harbor Islands,Miami-Dade,5808.0,2013
Biscayne Park,Miami-Dade,3133.0,2013
Coral Gables,Miami-Dade,48524.0,2013
Cutler Bay,Miami-Dade,42035.0,2013
Doral,Miami-Dade,49253.0,2013
El Portal,Miami-Dade,2343.0,2013
Florida City,Miami-Dade,12222.0,2013
Golden Beach,Miami-Dade,906.0,2013
Hialeah,Miami-Dade,229766.0,2013
Hialeah Gardens,Miami-Dade,22000.0,2013
Homestead,Miami-Dade,64444.0,2013
Indian Creek,Miami-Dade,89.0,2013
Islandia,Miami-Dade,18.0,2013
Key Biscayne,Miami-Dade,12523.0,2013
Medley,Miami-Dade,865.0,2013
Miami,Miami-Dade,419777.0,2013
Miami Beach,Miami-Dade,90848.0,2013
Miami Gardens,Miami-Dade,107399.0,2013
Miami Lakes,Miami-Dade,29978.0,2013
Miami Shores,Miami-Dade,10776.0,2013
Miami Springs,Miami-Dade,14067.0,2013
North Bay Village,Miami-Dade,7667.0,2013
North Miami,Miami-Dade,60263.0,2013
North Miami Beach,Miami-Dade,42442.0,2013
Opa-locka,Miami-Dade,16073.0,2013
Palmetto Bay,Miami-Dade,23784.0,2013
Pinecrest,Miami-Dade,18496.0,2013
South Miami,Miami-Dade,13778.0,2013
Sunny Isles Beach,Miami-Dade,21331.0,2013
Surfside,Miami-Dade,5794.0,2013
Sweetwater,Miami-Dade,20069.0,2013
Virginia Gardens,Miami-Dade,2413.0,2013
West Miami,Miami-Dade,6030.0,2013
Islamorada,Monroe,6193.0,2013
Key Colony Beach,Monroe,802.0,2013
Key West,Monroe,24583.0,2013
Layton,Monroe,183.0,2013
Marathon,Monroe,8419.0,2013
Callahan,Nassau,1157.0,2013
Fernandina Beach,Nassau,11790.0,2013
Hilliard,Nassau,3082.0,2013
Cinco Bayou,Okaloosa,391.0,2013
Crestview,Okaloosa,22965.0,2013
Destin,Okaloosa,12474.0,2013
Fort Walton Beach,Okaloosa,20256.0,2013
Laurel Hill,Okaloosa,520.0,2013
Mary Esther,Okaloosa,3860.0,2013
Niceville,Okaloosa,13374.0,2013
Shalimar,Okaloosa,734.0,2013
Valparaiso,Okaloosa,5244.0,2013
Okeechobee,Okeechobee,5550.0,2013
Apopka,Orange,44129.0,2013
Bay Lake,Orange,9.0,2013
Belle Isle,Orange,6404.0,2013
Eatonville,Orange,2230.0,2013
Edgewood,Orange,2621.0,2013
Lake Buena Vista,Orange,22.0,2013
Maitland,Orange,16105.0,2013
Oakland,Orange,2570.0,2013
Ocoee,Orange,37615.0,2013
Orlando,Orange,250415.0,2013
Windermere,Orange,2845.0,2013
Winter Garden,Orange,37172.0,2013
Winter Park,Orange,28184.0,2013
Kissimmee,Osceola,63662.0,2013
St. Cloud,Osceola,38874.0,2013
Atlantis,Palm Beach,2018.0,2013
Belle Glade,Palm Beach,17372.0,2013
Boca Raton,Palm Beach,86041.0,2013
Boynton Beach,Palm Beach,70131.0,2013
Briny Breezes,Palm Beach,420.0,2013
Cloud Lake,Palm Beach,133.0,2013
Delray Beach,Palm Beach,61801.0,2013
Glen Ridge,Palm Beach,223.0,2013
Golf,Palm Beach,252.0,2013
Greenacres,Palm Beach,38172.0,2013
Gulf Stream,Palm Beach,974.0,2013
Haverhill,Palm Beach,1942.0,2013
Highland Beach,Palm Beach,3572.0,2013
Hypoluxo,Palm Beach,2655.0,2013
Juno Beach,Palm Beach,3191.0,2013
Jupiter,Palm Beach,56577.0,2013
Jupiter Inlet Colony,Palm Beach,401.0,2013
Lake Clarke Shores,Palm Beach,3368.0,2013
Lake Park,Palm Beach,8403.0,2013
Lake Worth Beach,Palm Beach,35555.0,2013
Lantana,Palm Beach,10583.0,2013
Loxahatchee Groves,Palm Beach,3185.0,2013
Manalapan,Palm Beach,406.0,2013
Mangonia Park,Palm Beach,1868.0,2013
North Palm Beach,Palm Beach,12184.0,2013
Ocean Ridge,Palm Beach,1798.0,2013
Pahokee,Palm Beach,5828.0,2013
Palm Beach,Palm Beach,8168.0,2013
Palm Beach Gardens,Palm Beach,49434.0,2013
Palm Beach Shores,Palm Beach,1153.0,2013
Palm Springs,Palm Beach,20487.0,2013
Riviera Beach,Palm Beach,33369.0,2013
Royal Palm Beach,Palm Beach,34925.0,2013
South Bay,Palm Beach,4719.0,2013
South Palm Beach,Palm Beach,1362.0,2013
Tequesta,Palm Beach,5649.0,2013
Wellington,Palm Beach,58108.0,2013
West Palm Beach,Palm Beach,103038.0,2013
Dade City,Pasco,6455.0,2013
New Port Richey,Pasco,14868.0,2013
Port Richey,Pasco,2661.0,2013
San Antonio,Pasco,1165.0,2013
St. Leo,Pasco,1420.0,2013
Zephyrhills,Pasco,14227.0,2013
Belleair,Pinellas,3900.0,2013
Belleair Beach,Pinellas,1572.0,2013
Belleair Bluffs,Pinellas,2037.0,2013
Belleair Shore,Pinellas,107.0,2013
Clearwater,Pinellas,109065.0,2013
Dunedin,Pinellas,35558.0,2013
Gulfport,Pinellas,12071.0,2013
Indian Rocks Beach,Pinellas,4172.0,2013
Indian Shores,Pinellas,1423.0,2013
Kenneth City,Pinellas,4975.0,2013
Largo,Pinellas,78488.0,2013
Madeira Beach,Pinellas,4313.0,2013
North Redington Beach,Pinellas,1437.0,2013
Oldsmar,Pinellas,13725.0,2013
Pinellas Park,Pinellas,49939.0,2013
Redington Beach,Pinellas,1441.0,2013
Redington Shores,Pinellas,2144.0,2013
Safety Harbor,Pinellas,16944.0,2013
Seminole,Pinellas,17202.0,2013
South Pasadena,Pinellas,5081.0,2013
St. Pete Beach,Pinellas,9363.0,2013
St. Petersburg,Pinellas,249704.0,2013
Tarpon Springs,Pinellas,23935.0,2013
Treasure Island,Pinellas,6787.0,2013
Auburndale,Polk,14009.0,2013
Bartow,Polk,17475.0,2013
Davenport,Polk,3027.0,2013
Dundee,Polk,3808.0,2013
Eagle Lake,Polk,2306.0,2013
Fort Meade,Polk,5737.0,2013
Frostproof,Polk,2961.0,2013
Haines City,Polk,21385.0,2013
Highland Park,Polk,234.0,2013
Hillcrest Heights,Polk,250.0,2013
Lake Alfred,Polk,5068.0,2013
Lake Hamilton,Polk,1262.0,2013
Lake Wales,Polk,14522.0,2013
Lakeland,Polk,98773.0,2013
Mulberry,Polk,3775.0,2013
Polk City,Polk,1582.0,2013
Winter Haven,Polk,36280.0,2013
Crescent City,Putnam,1518.0,2013
Interlachen,Putnam,1365.0,2013
Palatka,Putnam,10230.0,2013
Pomona Park,Putnam,875.0,2013
Welaka,Putnam,715.0,2013
Gulf Breeze,Santa Rosa,5805.0,2013
Jay,Santa Rosa,556.0,2013
Milton,Santa Rosa,9187.0,2013
North Port,Sarasota,59231.0,2013
Sarasota,Sarasota,52689.0,2013
Venice,Sarasota,21117.0,2013
Altamonte Springs,Seminole,42495.0,2013
Casselberry,Seminole,27057.0,2013
Lake Mary,Seminole,14740.0,2013
Longwood,Seminole,13662.0,2013
Oviedo,Seminole,34965.0,2013
Sanford,Seminole,53867.0,2013
Winter Springs,Seminole,34066.0,2013
Hastings,St. Johns,615.0,2013
St. Augustine,St. Johns,13271.0,2013
St. Augustine Beach,St. Johns,6351.0,2013
Fort Pierce,St. Lucie,41729.0,2013
Port St. Lucie,St. Lucie,167914.0,2013
St. Lucie Village,St. Lucie,588.0,2013
Bushnell,Sumter,2462.0,2013
Center Hill,Sumter,955.0,2013
Coleman,Sumter,695.0,2013
Webster,Sumter,754.0,2013
Wildwood,Sumter,7116.0,2013
Branford,Suwannee,694.0,2013
Live Oak,Suwannee,6800.0,2013
Perry,Taylor,7031.0,2013
Lake Butler,Union,1872.0,2013
Raiford,Union,244.0,2013
Worthington Springs,Union,391.0,2013
Daytona Beach,Volusia,61998.0,2013
Daytona Beach Shores,Volusia,4292.0,2013
DeBary,Volusia,19363.0,2013
DeLand,Volusia,28436.0,2013
Deltona,Volusia,85469.0,2013
Edgewater,Volusia,20737.0,2013
Holly Hill,Volusia,11632.0,2013
Lake Helen,Volusia,2630.0,2013
New Smyrna Beach,Volusia,23119.0,2013
Oak Hill,Volusia,1828.0,2013
Orange City,Volusia,11337.0,2013
Ormond Beach,Volusia,38557.0,2013
Pierson,Volusia,1688.0,2013
Ponce Inlet,Volusia,3041.0,2013
Port Orange,Volusia,57060.0,2013
South Daytona,Volusia,12431.0,2013
Sopchoppy,Wakulla,450.0,2013
St. Marks,Wakulla,285.0,2013
DeFuniak Springs,Walton,5341.0,2013
Freeport,Walton,2278.0,2013
Paxton,Walton,623.0,2013
Caryville,Washington,283.0,2013
Chipley,Washington,3534.0,2013
Ebro,Washington,240.0,2013
Vernon,Washington,685.0,2013
Wausau,Washington,405.0,2013
Incorporated Population,,9690700.0,2013
Total Population,,19259543.0,2013
Incorporated Pop. as % of Total Pop.,,0.5031635485847198,2013
Alachua,Alachua,9134.0,2012
Archer,Alachua,1130.0,2012
Gainesville,Alachua,124025.0,2012
Hawthorne,Alachua,1389.0,2012
High Springs,Alachua,5355.0,2012
La Crosse,Alachua,356.0,2012
Micanopy,Alachua,605.0,2012
Newberry,Alachua,4957.0,2012
Waldo,Alachua,969.0,2012
Glen St. Mary,Baker,428.0,2012
Macclenny,Baker,6355.0,2012
Callaway,Bay,14051.0,2012
Lynn Haven,Bay,18764.0,2012
Mexico Beach,Bay,1095.0,2012
Panama City,Bay,35800.0,2012
Panama City Beach,Bay,12067.0,2012
Parker,Bay,4305.0,2012
Springfield,Bay,8893.0,2012
Brooker,Bradford,331.0,2012
Hampton,Bradford,477.0,2012
Lawtey,Bradford,730.0,2012
Starke,Bradford,5437.0,2012
Cape Canaveral,Brevard,9926.0,2012
Cocoa,Brevard,17259.0,2012
Cocoa Beach,Brevard,11240.0,2012
Grant-Valkaria,Brevard,3873.0,2012
Indialantic,Brevard,2782.0,2012
Indian Harbour Beach,Brevard,8456.0,2012
Malabar,Brevard,2738.0,2012
Melbourne,Brevard,77101.0,2012
Melbourne Beach,Brevard,3098.0,2012
Melbourne Village,Brevard,664.0,2012
Palm Bay,Brevard,103681.0,2012
Palm Shores,Brevard,890.0,2012
Rockledge,Brevard,25265.0,2012
Satellite Beach,Brevard,10315.0,2012
Titusville,Brevard,43529.0,2012
West Melbourne,Brevard,19118.0,2012
Coconut Creek,Broward,53313.0,2012
Cooper City,Broward,30450.0,2012
Coral Springs,Broward,122681.0,2012
Dania Beach,Broward,29873.0,2012
Davie,Broward,92848.0,2012
Deerfield Beach,Broward,75506.0,2012
Fort Lauderdale,Broward,168615.0,2012
Hallandale Beach,Broward,37732.0,2012
Hillsboro Beach,Broward,1890.0,2012
Hollywood,Broward,142374.0,2012
Lauderdale Lakes,Broward,33168.0,2012
Lauderdale-By-The-Sea,Broward,6105.0,2012
Lauderhill,Broward,67037.0,2012
Lazy Lake,Broward,25.0,2012
Lighthouse Point,Broward,10419.0,2012
Margate,Broward,55116.0,2012
Miramar,Broward,123478.0,2012
North Lauderdale,Broward,42269.0,2012
Oakland Park,Broward,42020.0,2012
Parkland,Broward,24872.0,2012
Pembroke Park,Broward,6103.0,2012
Pembroke Pines,Broward,154508.0,2012
Plantation,Broward,85049.0,2012
Pompano Beach,Broward,102239.0,2012
Sea Ranch Lakes,Broward,670.0,2012
Southwest Ranches,Broward,7385.0,2012
Sunrise,Broward,86154.0,2012
Tamarac,Broward,61102.0,2012
West Park,Broward,14165.0,2012
Weston,Broward,65448.0,2012
Wilton Manors,Broward,11878.0,2012
Altha,Calhoun,543.0,2012
Blountstown,Calhoun,2500.0,2012
Punta Gorda,Charlotte,16984.0,2012
Crystal River,Citrus,3076.0,2012
Inverness,Citrus,7195.0,2012
Green Cove Springs,Clay,6911.0,2012
Keystone Heights,Clay,1336.0,2012
Orange Park,Clay,8403.0,2012
Penney Farms,Clay,744.0,2012
Everglades,Collier,401.0,2012
Marco Island,Collier,16521.0,2012
Naples,Collier,19584.0,2012
Fort White,Columbia,570.0,2012
Lake City,Columbia,12057.0,2012
Arcadia,De Soto,7585.0,2012
Cross City,Dixie,1710.0,2012
Horseshoe Beach,Dixie,165.0,2012
Atlantic Beach,Duval,12718.0,2012
Baldwin,Duval,1419.0,2012
Jacksonville,Duval,826865.0,2012
Jacksonville Beach,Duval,21615.0,2012
Neptune Beach,Duval,7112.0,2012
Century,Escambia,1693.0,2012
Pensacola,Escambia,52022.0,2012
Beverly Beach,Flagler,334.0,2012
Bunnell,Flagler,2685.0,2012
Palm Coast,Flagler,76450.0,2012
Marineland,Flagler/St. Johns,16.0,2012
Flagler Beach,Flagler/Volusia,4482.0,2012
Apalachicola,Franklin,2256.0,2012
Carrabelle,Franklin,2843.0,2012
Chattahoochee,Gadsden,3143.0,2012
Greensboro,Gadsden,618.0,2012
Gretna,Gadsden,1444.0,2012
Havana,Gadsden,1728.0,2012
Midway,Gadsden,3119.0,2012
Quincy,Gadsden,7859.0,2012
Bell,Gilchrist,425.0,2012
Trenton,Gilchrist,1956.0,2012
Fanning Springs,Gilchrist/Levy,748.0,2012
Moore Haven,Glades,1666.0,2012
Port St. Joe,Gulf,3472.0,2012
Wewahitchka,Gulf,1977.0,2012
Jasper,Hamilton,2970.0,2012
Jennings,Hamilton,906.0,2012
White Springs,Hamilton,770.0,2012
Bowling Green,Hardee,2930.0,2012
Wauchula,Hardee,5072.0,2012
Zolfo Springs,Hardee,1810.0,2012
Clewiston,Hendry,7215.0,2012
LaBelle,Hendry,4629.0,2012
Brooksville,Hernando,7702.0,2012
Weeki Wachee,Hernando,5.0,2012
Avon Park,Highlands,9086.0,2012
Lake Placid,Highlands,2268.0,2012
Sebring,Highlands,10560.0,2012
Plant City,Hillsborough,34963.0,2012
Tampa,Hillsborough,341771.0,2012
Temple Terrace,Hillsborough,24919.0,2012
Bonifay,Holmes,2705.0,2012
Esto,Holmes,364.0,2012
Noma,Holmes,194.0,2012
Ponce de Leon,Holmes,556.0,2012
Westville,Holmes,297.0,2012
Fellsmere,Indian River,5201.0,2012
Indian River Shores,Indian River,3936.0,2012
Orchid,Indian River,417.0,2012
Sebastian,Indian River,22188.0,2012
Vero Beach,Indian River,15326.0,2012
Alford,Jackson,485.0,2012
Bascom,Jackson,119.0,2012
Campbellton,Jackson,225.0,2012
Cottondale,Jackson,909.0,2012
Graceville,Jackson,2225.0,2012
Grand Ridge,Jackson,947.0,2012
Greenwood,Jackson,674.0,2012
Jacob City,Jackson,255.0,2012
Malone,Jackson,2360.0,2012
Marianna,Jackson,7604.0,2012
Sneads,Jackson,1906.0,2012
Monticello,Jefferson,2444.0,2012
Mayo,Lafayette,1222.0,2012
Astatula,Lake,1783.0,2012
Clermont,Lake,29827.0,2012
Eustis,Lake,18571.0,2012
Fruitland Park,Lake,4148.0,2012
Groveland,Lake,9060.0,2012
Howey-in-the-Hills,Lake,1097.0,2012
Lady Lake,Lake,13909.0,2012
Leesburg,Lake,20263.0,2012
Mascotte,Lake,5127.0,2012
Minneola,Lake,9562.0,2012
Montverde,Lake,1447.0,2012
Mount Dora,Lake,12693.0,2012
Tavares,Lake,14054.0,2012
Umatilla,Lake,3481.0,2012
Bonita Springs,Lee,45072.0,2012
Cape Coral,Lee,160184.0,2012
Fort Myers,Lee,66835.0,2012
Fort Myers Beach,Lee,6253.0,2012
Sanibel,Lee,6489.0,2012
Tallahassee,Leon,183643.0,2012
Bronson,Levy,1106.0,2012
Cedar Key,Levy,712.0,2012
Chiefland,Levy,2257.0,2012
Inglis,Levy,1319.0,2012
Otter Creek,Levy,134.0,2012
Williston,Levy,2768.0,2012
Yankeetown,Levy,491.0,2012
Bristol,Liberty,995.0,2012
Greenville,Madison,814.0,2012
Lee,Madison,340.0,2012
Madison,Madison,3068.0,2012
Anna Maria,Manatee,1521.0,2012
Bradenton,Manatee,50389.0,2012
Bradenton Beach,Manatee,1175.0,2012
Holmes Beach,Manatee,3858.0,2012
Palmetto,Manatee,12755.0,2012
Longboat Key,Manatee/Sarasota,6878.0,2012
Belleview,Marion,4551.0,2012
Dunnellon,Marion,1740.0,2012
McIntosh,Marion,455.0,2012
Ocala,Marion,57041.0,2012
Reddick,Marion,516.0,2012
Jupiter Island,Martin,817.0,2012
Ocean Breeze Park,Martin,324.0,2012
Sewall's Point,Martin,2005.0,2012
Stuart,Martin,15725.0,2012
Aventura,Miami-Dade,37239.0,2012
Bal Harbour,Miami-Dade,2976.0,2012
Bay Harbor Islands,Miami-Dade,5755.0,2012
Biscayne Park,Miami-Dade,3099.0,2012
Coral Gables,Miami-Dade,47885.0,2012
Cutler Bay,Miami-Dade,41441.0,2012
Doral,Miami-Dade,47534.0,2012
El Portal,Miami-Dade,2361.0,2012
Florida City,Miami-Dade,11850.0,2012
Golden Beach,Miami-Dade,924.0,2012
Hialeah,Miami-Dade,227395.0,2012
Hialeah Gardens,Miami-Dade,21957.0,2012
Homestead,Miami-Dade,63290.0,2012
Indian Creek,Miami-Dade,92.0,2012
Islandia,Miami-Dade,18.0,2012
Key Biscayne,Miami-Dade,12402.0,2012
Medley,Miami-Dade,858.0,2012
Miami,Miami-Dade,414751.0,2012
Miami Beach,Miami-Dade,90097.0,2012
Miami Gardens,Miami-Dade,107147.0,2012
Miami Lakes,Miami-Dade,29448.0,2012
Miami Shores,Miami-Dade,10659.0,2012
Miami Springs,Miami-Dade,14037.0,2012
North Bay Village,Miami-Dade,7524.0,2012
North Miami,Miami-Dade,60313.0,2012
North Miami Beach,Miami-Dade,42113.0,2012
Opa-locka,Miami-Dade,15610.0,2012
Palmetto Bay,Miami-Dade,23643.0,2012
Pinecrest,Miami-Dade,18447.0,2012
South Miami,Miami-Dade,13576.0,2012
Sunny Isles Beach,Miami-Dade,21395.0,2012
Surfside,Miami-Dade,5776.0,2012
Sweetwater,Miami-Dade,19963.0,2012
Virginia Gardens,Miami-Dade,2394.0,2012
West Miami,Miami-Dade,6024.0,2012
Islamorada,Monroe,6165.0,2012
Key Colony Beach,Monroe,802.0,2012
Key West,Monroe,24607.0,2012
Layton,Monroe,185.0,2012
Marathon,Monroe,8362.0,2012
Callahan,Nassau,1138.0,2012
Fernandina Beach,Nassau,11541.0,2012
Hilliard,Nassau,3069.0,2012
Cinco Bayou,Okaloosa,385.0,2012
Crestview,Okaloosa,22742.0,2012
Destin,Okaloosa,12404.0,2012
Fort Walton Beach,Okaloosa,20194.0,2012
Laurel Hill,Okaloosa,529.0,2012
Mary Esther,Okaloosa,3857.0,2012
Niceville,Okaloosa,13309.0,2012
Shalimar,Okaloosa,731.0,2012
Valparaiso,Okaloosa,5226.0,2012
Okeechobee,Okeechobee,5578.0,2012
Apopka,Orange,42805.0,2012
Bay Lake,Orange,9.0,2012
Belle Isle,Orange,6361.0,2012
Eatonville,Orange,2232.0,2012
Edgewood,Orange,2602.0,2012
Lake Buena Vista,Orange,22.0,2012
Maitland,Orange,15911.0,2012
Oakland,Orange,2534.0,2012
Ocoee,Orange,36947.0,2012
Orlando,Orange,245402.0,2012
Windermere,Orange,2855.0,2012
Winter Garden,Orange,36063.0,2012
Winter Park,Orange,27728.0,2012
Kissimmee,Osceola,62322.0,2012
St. Cloud,Osceola,37723.0,2012
Atlantis,Palm Beach,2017.0,2012
Belle Glade,Palm Beach,17722.0,2012
Boca Raton,Palm Beach,85413.0,2012
Boynton Beach,Palm Beach,68741.0,2012
Briny Breezes,Palm Beach,604.0,2012
Cloud Lake,Palm Beach,133.0,2012
Delray Beach,Palm Beach,61495.0,2012
Glen Ridge,Palm Beach,220.0,2012
Golf,Palm Beach,252.0,2012
Greenacres,Palm Beach,38079.0,2012
Gulf Stream,Palm Beach,928.0,2012
Haverhill,Palm Beach,1885.0,2012
Highland Beach,Palm Beach,3629.0,2012
Hypoluxo,Palm Beach,2631.0,2012
Juno Beach,Palm Beach,3233.0,2012
Jupiter,Palm Beach,56337.0,2012
Jupiter Inlet Colony,Palm Beach,398.0,2012
Lake Clarke Shores,Palm Beach,3359.0,2012
Lake Park,Palm Beach,8272.0,2012
Lake Worth Beach,Palm Beach,35110.0,2012
Lantana,Palm Beach,10536.0,2012
Loxahatchee Groves,Palm Beach,3173.0,2012
Manalapan,Palm Beach,410.0,2012
Mangonia Park,Palm Beach,1783.0,2012
North Palm Beach,Palm Beach,12177.0,2012
Ocean Ridge,Palm Beach,1807.0,2012
Pahokee,Palm Beach,5858.0,2012
Palm Beach,Palm Beach,8171.0,2012
Palm Beach Gardens,Palm Beach,49108.0,2012
Palm Beach Shores,Palm Beach,1150.0,2012
Palm Springs,Palm Beach,19769.0,2012
Riviera Beach,Palm Beach,32723.0,2012
Royal Palm Beach,Palm Beach,34421.0,2012
South Bay,Palm Beach,4711.0,2012
South Palm Beach,Palm Beach,1399.0,2012
Tequesta,Palm Beach,5652.0,2012
Wellington,Palm Beach,57514.0,2012
West Palm Beach,Palm Beach,101668.0,2012
Dade City,Pasco,6467.0,2012
New Port Richey,Pasco,14849.0,2012
Port Richey,Pasco,2672.0,2012
San Antonio,Pasco,1134.0,2012
St. Leo,Pasco,1419.0,2012
Zephyrhills,Pasco,13702.0,2012
Belleair,Pinellas,3897.0,2012
Belleair Beach,Pinellas,1558.0,2012
Belleair Bluffs,Pinellas,2029.0,2012
Belleair Shore,Pinellas,109.0,2012
Clearwater,Pinellas,107906.0,2012
Dunedin,Pinellas,35309.0,2012
Gulfport,Pinellas,12016.0,2012
Indian Rocks Beach,Pinellas,4113.0,2012
Indian Shores,Pinellas,1420.0,2012
Kenneth City,Pinellas,4949.0,2012
Largo,Pinellas,77836.0,2012
Madeira Beach,Pinellas,4305.0,2012
North Redington Beach,Pinellas,1440.0,2012
Oldsmar,Pinellas,13583.0,2012
Pinellas Park,Pinellas,49653.0,2012
Redington Beach,Pinellas,1435.0,2012
Redington Shores,Pinellas,2129.0,2012
Safety Harbor,Pinellas,16851.0,2012
Seminole,Pinellas,17184.0,2012
South Pasadena,Pinellas,5046.0,2012
St. Pete Beach,Pinellas,9357.0,2012
St. Petersburg,Pinellas,247673.0,2012
Tarpon Springs,Pinellas,23767.0,2012
Treasure Island,Pinellas,6707.0,2012
Auburndale,Polk,13792.0,2012
Bartow,Polk,17316.0,2012
Davenport,Polk,2965.0,2012
Dundee,Polk,3800.0,2012
Eagle Lake,Polk,2286.0,2012
Fort Meade,Polk,5595.0,2012
Frostproof,Polk,2966.0,2012
Haines City,Polk,20837.0,2012
Highland Park,Polk,232.0,2012
Hillcrest Heights,Polk,250.0,2012
Lake Alfred,Polk,5018.0,2012
Lake Hamilton,Polk,1253.0,2012
Lake Wales,Polk,14323.0,2012
Lakeland,Polk,98200.0,2012
Mulberry,Polk,3780.0,2012
Polk City,Polk,1572.0,2012
Winter Haven,Polk,34388.0,2012
Crescent City,Putnam,1522.0,2012
Interlachen,Putnam,1375.0,2012
Palatka,Putnam,10203.0,2012
Pomona Park,Putnam,888.0,2012
Welaka,Putnam,717.0,2012
Gulf Breeze,Santa Rosa,5790.0,2012
Jay,Santa Rosa,526.0,2012
Milton,Santa Rosa,9139.0,2012
North Port,Sarasota,58674.0,2012
Sarasota,Sarasota,52517.0,2012
Venice,Sarasota,20918.0,2012
Altamonte Springs,Seminole,42159.0,2012
Casselberry,Seminole,26361.0,2012
Lake Mary,Seminole,13937.0,2012
Longwood,Seminole,13606.0,2012
Oviedo,Seminole,34573.0,2012
Sanford,Seminole,54064.0,2012
Winter Springs,Seminole,33430.0,2012
Hastings,St. Johns,593.0,2012
St. Augustine,St. Johns,13092.0,2012
St. Augustine Beach,St. Johns,6258.0,2012
Fort Pierce,St. Lucie,41646.0,2012
Port St. Lucie,St. Lucie,167252.0,2012
St. Lucie Village,St. Lucie,585.0,2012
Bushnell,Sumter,2445.0,2012
Center Hill,Sumter,944.0,2012
Coleman,Sumter,703.0,2012
Webster,Sumter,774.0,2012
Wildwood,Sumter,6969.0,2012
Branford,Suwannee,705.0,2012
Live Oak,Suwannee,6826.0,2012
Perry,Taylor,7037.0,2012
Lake Butler,Union,1893.0,2012
Raiford,Union,255.0,2012
Worthington Springs,Union,391.0,2012
Daytona Beach,Volusia,61859.0,2012
Daytona Beach Shores,Volusia,4255.0,2012
DeBary,Volusia,19338.0,2012
DeLand,Volusia,27700.0,2012
Deltona,Volusia,85281.0,2012
Edgewater,Volusia,20776.0,2012
Holly Hill,Volusia,11665.0,2012
Lake Helen,Volusia,2619.0,2012
New Smyrna Beach,Volusia,22792.0,2012
Oak Hill,Volusia,1788.0,2012
Orange City,Volusia,11226.0,2012
Ormond Beach,Volusia,38612.0,2012
Pierson,Volusia,1691.0,2012
Ponce Inlet,Volusia,3046.0,2012
Port Orange,Volusia,56386.0,2012
South Daytona,Volusia,12294.0,2012
Sopchoppy,Wakulla,448.0,2012
St. Marks,Wakulla,286.0,2012
DeFuniak Springs,Walton,5298.0,2012
Freeport,Walton,2209.0,2012
Paxton,Walton,640.0,2012
Caryville,Washington,285.0,2012
Chipley,Washington,3570.0,2012
Ebro,Washington,250.0,2012
Vernon,Washington,691.0,2012
Wausau,Washington,396.0,2012
Incorporated Population,,9603494.0,2012
Total Population,,19074434.0,2012
Incorporated Pop. as % of Total Pop.,,0.5034746509385285,2012
Alachua,Alachua,9108.0,2011
Archer,Alachua,1139.0,2011
Gainesville,Alachua,124501.0,2011
Hawthorne,Alachua,1409.0,2011
High Springs,Alachua,5358.0,2011
La Crosse,Alachua,352.0,2011
Micanopy,Alachua,594.0,2011
Newberry,Alachua,4945.0,2011
Waldo,Alachua,1003.0,2011
Glen St. Mary,Baker,433.0,2011
Macclenny,Baker,6347.0,2011
Callaway,Bay,14383.0,2011
Lynn Haven,Bay,18585.0,2011
Mexico Beach,Bay,1082.0,2011
Panama City,Bay,35609.0,2011
Panama City Beach,Bay,12025.0,2011
Parker,Bay,4329.0,2011
Springfield,Bay,8908.0,2011
Brooker,Bradford,327.0,2011
Hampton,Bradford,490.0,2011
Lawtey,Bradford,727.0,2011
Starke,Bradford,5441.0,2011
Cape Canaveral,Brevard,9936.0,2011
Cocoa,Brevard,17238.0,2011
Cocoa Beach,Brevard,11233.0,2011
Grant-Valkaria,Brevard,3867.0,2011
Indialantic,Brevard,2731.0,2011
Indian Harbour Beach,Brevard,8272.0,2011
Malabar,Brevard,2750.0,2011
Melbourne,Brevard,76491.0,2011
Melbourne Beach,Brevard,3105.0,2011
Melbourne Village,Brevard,662.0,2011
Palm Bay,Brevard,103504.0,2011
Palm Shores,Brevard,876.0,2011
Rockledge,Brevard,25026.0,2011
Satellite Beach,Brevard,10166.0,2011
Titusville,Brevard,43852.0,2011
West Melbourne,Brevard,18712.0,2011
Coconut Creek,Broward,53155.0,2011
Cooper City,Broward,29159.0,2011
Coral Springs,Broward,121651.0,2011
Dania Beach,Broward,29596.0,2011
Davie,Broward,92151.0,2011
Deerfield Beach,Broward,75125.0,2011
Fort Lauderdale,Broward,166205.0,2011
Hallandale Beach,Broward,37229.0,2011
Hillsboro Beach,Broward,1875.0,2011
Hollywood,Broward,140930.0,2011
Lauderdale Lakes,Broward,32766.0,2011
Lauderdale-By-The-Sea,Broward,6074.0,2011
Lauderhill,Broward,66709.0,2011
Lazy Lake,Broward,24.0,2011
Lighthouse Point,Broward,10377.0,2011
Margate,Broward,53714.0,2011
Miramar,Broward,122982.0,2011
North Lauderdale,Broward,41248.0,2011
Oakland Park,Broward,41549.0,2011
Parkland,Broward,24391.0,2011
Pembroke Park,Broward,6099.0,2011
Pembroke Pines,Broward,154158.0,2011
Plantation,Broward,84687.0,2011
Pompano Beach,Broward,100319.0,2011
Sea Ranch Lakes,Broward,675.0,2011
Southwest Ranches,Broward,7345.0,2011
Sunrise,Broward,84375.0,2011
Tamarac,Broward,60619.0,2011
West Park,Broward,14078.0,2011
Weston,Broward,65237.0,2011
Wilton Manors,Broward,11743.0,2011
Altha,Calhoun,534.0,2011
Blountstown,Calhoun,2512.0,2011
Punta Gorda,Charlotte,16741.0,2011
Crystal River,Citrus,3110.0,2011
Inverness,Citrus,7200.0,2011
Green Cove Springs,Clay,6898.0,2011
Keystone Heights,Clay,1338.0,2011
Orange Park,Clay,8412.0,2011
Penney Farms,Clay,741.0,2011
Everglades,Collier,406.0,2011
Marco Island,Collier,16443.0,2011
Naples,Collier,19451.0,2011
Fort White,Columbia,565.0,2011
Lake City,Columbia,12052.0,2011
Arcadia,De Soto,7592.0,2011
Cross City,Dixie,1728.0,2011
Horseshoe Beach,Dixie,168.0,2011
Atlantic Beach,Duval,12670.0,2011
Baldwin,Duval,1406.0,2011
Jacksonville,Duval,822038.0,2011
Jacksonville Beach,Duval,21441.0,2011
Neptune Beach,Duval,7046.0,2011
Century,Escambia,1690.0,2011
Pensacola,Escambia,51939.0,2011
Beverly Beach,Flagler,337.0,2011
Bunnell,Flagler,2700.0,2011
Palm Coast,Flagler,75617.0,2011
Marineland,Flagler/St. Johns,16.0,2011
Flagler Beach,Flagler/Volusia,4504.0,2011
Apalachicola,Franklin,2239.0,2011
Carrabelle,Franklin,2737.0,2011
Chattahoochee,Gadsden,3784.0,2011
Greensboro,Gadsden,602.0,2011
Gretna,Gadsden,1460.0,2011
Havana,Gadsden,1765.0,2011
Midway,Gadsden,3076.0,2011
Quincy,Gadsden,7868.0,2011
Bell,Gilchrist,440.0,2011
Trenton,Gilchrist,1985.0,2011
Fanning Springs,Gilchrist/Levy,754.0,2011
Moore Haven,Glades,1637.0,2011
Port St. Joe,Gulf,3462.0,2011
Wewahitchka,Gulf,1967.0,2011
Jasper,Hamilton,2868.0,2011
Jennings,Hamilton,884.0,2011
White Springs,Hamilton,784.0,2011
Bowling Green,Hardee,2914.0,2011
Wauchula,Hardee,4948.0,2011
Zolfo Springs,Hardee,1827.0,2011
Clewiston,Hendry,7161.0,2011
LaBelle,Hendry,4628.0,2011
Brooksville,Hernando,7711.0,2011
Weeki Wachee,Hernando,12.0,2011
Avon Park,Highlands,8865.0,2011
Lake Placid,Highlands,2175.0,2011
Sebring,Highlands,10540.0,2011
Plant City,Hillsborough,34746.0,2011
Tampa,Hillsborough,337368.0,2011
Temple Terrace,Hillsborough,24442.0,2011
Bonifay,Holmes,2762.0,2011
Esto,Holmes,364.0,2011
Noma,Holmes,198.0,2011
Ponce de Leon,Holmes,589.0,2011
Westville,Holmes,294.0,2011
Fellsmere,Indian River,5220.0,2011
Indian River Shores,Indian River,3908.0,2011
Orchid,Indian River,416.0,2011
Sebastian,Indian River,21995.0,2011
Vero Beach,Indian River,15256.0,2011
Alford,Jackson,489.0,2011
Bascom,Jackson,121.0,2011
Campbellton,Jackson,232.0,2011
Cottondale,Jackson,931.0,2011
Graceville,Jackson,2278.0,2011
Grand Ridge,Jackson,951.0,2011
Greenwood,Jackson,684.0,2011
Jacob City,Jackson,267.0,2011
Malone,Jackson,2167.0,2011
Marianna,Jackson,6008.0,2011
Sneads,Jackson,1862.0,2011
Monticello,Jefferson,2456.0,2011
Mayo,Lafayette,1225.0,2011
Astatula,Lake,1795.0,2011
Clermont,Lake,29358.0,2011
Eustis,Lake,18483.0,2011
Fruitland Park,Lake,4086.0,2011
Groveland,Lake,8800.0,2011
Howey-in-the-Hills,Lake,1100.0,2011
Lady Lake,Lake,13946.0,2011
Leesburg,Lake,20251.0,2011
Mascotte,Lake,5091.0,2011
Minneola,Lake,9485.0,2011
Montverde,Lake,1455.0,2011
Mount Dora,Lake,12557.0,2011
Tavares,Lake,14015.0,2011
Umatilla,Lake,3456.0,2011
Bonita Springs,Lee,44250.0,2011
Cape Coral,Lee,156369.0,2011
Fort Myers,Lee,63662.0,2011
Fort Myers Beach,Lee,6262.0,2011
Sanibel,Lee,6470.0,2011
Tallahassee,Leon,182482.0,2011
Bronson,Levy,1100.0,2011
Cedar Key,Levy,707.0,2011
Chiefland,Levy,2256.0,2011
Inglis,Levy,1328.0,2011
Otter Creek,Levy,134.0,2011
Williston,Levy,2765.0,2011
Yankeetown,Levy,494.0,2011
Bristol,Liberty,1000.0,2011
Greenville,Madison,830.0,2011
Lee,Madison,340.0,2011
Madison,Madison,3078.0,2011
Anna Maria,Manatee,1505.0,2011
Bradenton,Manatee,49724.0,2011
Bradenton Beach,Manatee,1177.0,2011
Holmes Beach,Manatee,3840.0,2011
Palmetto,Manatee,12708.0,2011
Longboat Key,Manatee/Sarasota,6882.0,2011
Belleview,Marion,4561.0,2011
Dunnellon,Marion,1737.0,2011
McIntosh,Marion,452.0,2011
Ocala,Marion,56545.0,2011
Reddick,Marion,511.0,2011
Jupiter Island,Martin,815.0,2011
Ocean Breeze Park,Martin,320.0,2011
Sewall's Point,Martin,2002.0,2011
Stuart,Martin,15636.0,2011
Aventura,Miami-Dade,35723.0,2011
Bal Harbour,Miami-Dade,2502.0,2011
Bay Harbor Islands,Miami-Dade,5634.0,2011
Biscayne Park,Miami-Dade,3072.0,2011
Coral Gables,Miami-Dade,47027.0,2011
Cutler Bay,Miami-Dade,40644.0,2011
Doral,Miami-Dade,46521.0,2011
El Portal,Miami-Dade,2341.0,2011
Florida City,Miami-Dade,11704.0,2011
Golden Beach,Miami-Dade,922.0,2011
Hialeah,Miami-Dade,226543.0,2011
Hialeah Gardens,Miami-Dade,21794.0,2011
Homestead,Miami-Dade,61500.0,2011
Indian Creek,Miami-Dade,89.0,2011
Islandia,Miami-Dade,18.0,2011
Key Biscayne,Miami-Dade,12363.0,2011
Medley,Miami-Dade,834.0,2011
Miami,Miami-Dade,406436.0,2011
Miami Beach,Miami-Dade,88348.0,2011
Miami Gardens,Miami-Dade,107090.0,2011
Miami Lakes,Miami-Dade,29369.0,2011
Miami Shores,Miami-Dade,10608.0,2011
Miami Springs,Miami-Dade,13844.0,2011
North Bay Village,Miami-Dade,7349.0,2011
North Miami,Miami-Dade,58932.0,2011
North Miami Beach,Miami-Dade,41680.0,2011
Opa-locka,Miami-Dade,15403.0,2011
Palmetto Bay,Miami-Dade,23475.0,2011
Pinecrest,Miami-Dade,18255.0,2011
South Miami,Miami-Dade,12363.0,2011
Sunny Isles Beach,Miami-Dade,21007.0,2011
Surfside,Miami-Dade,5749.0,2011
Sweetwater,Miami-Dade,19963.0,2011
Virginia Gardens,Miami-Dade,2390.0,2011
West Miami,Miami-Dade,5988.0,2011
Islamorada,Monroe,6147.0,2011
Key Colony Beach,Monroe,796.0,2011
Key West,Monroe,24626.0,2011
Layton,Monroe,182.0,2011
Marathon,Monroe,8316.0,2011
Callahan,Nassau,1125.0,2011
Fernandina Beach,Nassau,11510.0,2011
Hilliard,Nassau,3095.0,2011
Cinco Bayou,Okaloosa,384.0,2011
Crestview,Okaloosa,21474.0,2011
Destin,Okaloosa,12319.0,2011
Fort Walton Beach,Okaloosa,19534.0,2011
Laurel Hill,Okaloosa,527.0,2011
Mary Esther,Okaloosa,3844.0,2011
Niceville,Okaloosa,12834.0,2011
Shalimar,Okaloosa,720.0,2011
Valparaiso,Okaloosa,5061.0,2011
Okeechobee,Okeechobee,5581.0,2011
Apopka,Orange,42089.0,2011
Bay Lake,Orange,6.0,2011
Belle Isle,Orange,6018.0,2011
Eatonville,Orange,2198.0,2011
Edgewood,Orange,2503.0,2011
Lake Buena Vista,Orange,21.0,2011
Maitland,Orange,15808.0,2011
Oakland,Orange,2556.0,2011
Ocoee,Orange,36005.0,2011
Orlando,Orange,241978.0,2011
Windermere,Orange,2481.0,2011
Winter Garden,Orange,35281.0,2011
Winter Park,Orange,27727.0,2011
Kissimmee,Osceola,60375.0,2011
St. Cloud,Osceola,35844.0,2011
Atlantis,Palm Beach,2019.0,2011
Belle Glade,Palm Beach,17426.0,2011
Boca Raton,Palm Beach,84652.0,2011
Boynton Beach,Palm Beach,68409.0,2011
Briny Breezes,Palm Beach,601.0,2011
Cloud Lake,Palm Beach,137.0,2011
Delray Beach,Palm Beach,60831.0,2011
Glen Ridge,Palm Beach,219.0,2011
Golf,Palm Beach,250.0,2011
Greenacres,Palm Beach,37873.0,2011
Gulf Stream,Palm Beach,885.0,2011
Haverhill,Palm Beach,1894.0,2011
Highland Beach,Palm Beach,3542.0,2011
Hypoluxo,Palm Beach,2636.0,2011
Juno Beach,Palm Beach,3181.0,2011
Jupiter,Palm Beach,55542.0,2011
Jupiter Inlet Colony,Palm Beach,400.0,2011
Lake Clarke Shores,Palm Beach,3374.0,2011
Lake Park,Palm Beach,8198.0,2011
Lake Worth Beach,Palm Beach,34901.0,2011
Lantana,Palm Beach,10466.0,2011
Loxahatchee Groves,Palm Beach,3162.0,2011
Manalapan,Palm Beach,406.0,2011
Mangonia Park,Palm Beach,1812.0,2011
North Palm Beach,Palm Beach,12033.0,2011
Ocean Ridge,Palm Beach,1783.0,2011
Pahokee,Palm Beach,5920.0,2011
Palm Beach,Palm Beach,8163.0,2011
Palm Beach Gardens,Palm Beach,48618.0,2011
Palm Beach Shores,Palm Beach,1141.0,2011
Palm Springs,Palm Beach,19082.0,2011
Riviera Beach,Palm Beach,32535.0,2011
Royal Palm Beach,Palm Beach,34234.0,2011
South Bay,Palm Beach,4827.0,2011
South Palm Beach,Palm Beach,1361.0,2011
Tequesta,Palm Beach,5646.0,2011
Wellington,Palm Beach,56752.0,2011
West Palm Beach,Palm Beach,100801.0,2011
Dade City,Pasco,6485.0,2011
New Port Richey,Pasco,14959.0,2011
Port Richey,Pasco,2652.0,2011
San Antonio,Pasco,1138.0,2011
St. Leo,Pasco,1378.0,2011
Zephyrhills,Pasco,13317.0,2011
Belleair,Pinellas,3877.0,2011
Belleair Beach,Pinellas,1563.0,2011
Belleair Bluffs,Pinellas,2048.0,2011
Belleair Shore,Pinellas,109.0,2011
Clearwater,Pinellas,107805.0,2011
Dunedin,Pinellas,35307.0,2011
Gulfport,Pinellas,12022.0,2011
Indian Rocks Beach,Pinellas,4102.0,2011
Indian Shores,Pinellas,1421.0,2011
Kenneth City,Pinellas,4989.0,2011
Largo,Pinellas,77653.0,2011
Madeira Beach,Pinellas,4295.0,2011
North Redington Beach,Pinellas,1427.0,2011
Oldsmar,Pinellas,13597.0,2011
Pinellas Park,Pinellas,49286.0,2011
Redington Beach,Pinellas,1424.0,2011
Redington Shores,Pinellas,2128.0,2011
Safety Harbor,Pinellas,16881.0,2011
Seminole,Pinellas,17215.0,2011
South Pasadena,Pinellas,4981.0,2011
St. Pete Beach,Pinellas,9334.0,2011
St. Petersburg,Pinellas,246293.0,2011
Tarpon Springs,Pinellas,23465.0,2011
Treasure Island,Pinellas,6715.0,2011
Auburndale,Polk,13593.0,2011
Bartow,Polk,17323.0,2011
Davenport,Polk,2961.0,2011
Dundee,Polk,3749.0,2011
Eagle Lake,Polk,2286.0,2011
Fort Meade,Polk,5607.0,2011
Frostproof,Polk,3008.0,2011
Haines City,Polk,20686.0,2011
Highland Park,Polk,230.0,2011
Hillcrest Heights,Polk,248.0,2011
Lake Alfred,Polk,5023.0,2011
Lake Hamilton,Polk,1243.0,2011
Lake Wales,Polk,14261.0,2011
Lakeland,Polk,97690.0,2011
Mulberry,Polk,3785.0,2011
Polk City,Polk,1562.0,2011
Winter Haven,Polk,34112.0,2011
Crescent City,Putnam,1524.0,2011
Interlachen,Putnam,1415.0,2011
Palatka,Putnam,10522.0,2011
Pomona Park,Putnam,920.0,2011
Welaka,Putnam,704.0,2011
Gulf Breeze,Santa Rosa,5765.0,2011
Jay,Santa Rosa,522.0,2011
Milton,Santa Rosa,9115.0,2011
North Port,Sarasota,57893.0,2011
Sarasota,Sarasota,52114.0,2011
Venice,Sarasota,20752.0,2011
Altamonte Springs,Seminole,41600.0,2011
Casselberry,Seminole,26321.0,2011
Lake Mary,Seminole,13868.0,2011
Longwood,Seminole,13620.0,2011
Oviedo,Seminole,33815.0,2011
Sanford,Seminole,53422.0,2011
Winter Springs,Seminole,33314.0,2011
Hastings,St. Johns,602.0,2011
St. Augustine,St. Johns,13053.0,2011
St. Augustine Beach,St. Johns,6234.0,2011
Fort Pierce,St. Lucie,41789.0,2011
Port St. Lucie,St. Lucie,166041.0,2011
St. Lucie Village,St. Lucie,610.0,2011
Bushnell,Sumter,2439.0,2011
Center Hill,Sumter,962.0,2011
Coleman,Sumter,705.0,2011
Webster,Sumter,768.0,2011
Wildwood,Sumter,6926.0,2011
Branford,Suwannee,705.0,2011
Live Oak,Suwannee,6858.0,2011
Perry,Taylor,6977.0,2011
Lake Butler,Union,1892.0,2011
Raiford,Union,255.0,2011
Worthington Springs,Union,391.0,2011
Daytona Beach,Volusia,61031.0,2011
Daytona Beach Shores,Volusia,4259.0,2011
DeBary,Volusia,19315.0,2011
DeLand,Volusia,27330.0,2011
Deltona,Volusia,85233.0,2011
Edgewater,Volusia,20734.0,2011
Holly Hill,Volusia,11652.0,2011
Lake Helen,Volusia,2614.0,2011
New Smyrna Beach,Volusia,22668.0,2011
Oak Hill,Volusia,1794.0,2011
Orange City,Volusia,11143.0,2011
Ormond Beach,Volusia,38376.0,2011
Pierson,Volusia,1724.0,2011
Ponce Inlet,Volusia,3039.0,2011
Port Orange,Volusia,56313.0,2011
South Daytona,Volusia,12285.0,2011
Sopchoppy,Wakulla,457.0,2011
St. Marks,Wakulla,289.0,2011
DeFuniak Springs,Walton,5149.0,2011
Freeport,Walton,1860.0,2011
Paxton,Walton,633.0,2011
Caryville,Washington,409.0,2011
Chipley,Washington,3620.0,2011
Ebro,Washington,260.0,2011
Vernon,Washington,705.0,2011
Wausau,Washington,389.0,2011
Incorporated Population,,9506282.0,2011
Total Population,,18905070.0,2011
Incorporated Pop. as % of Total Pop.,,0.5028429939693426,2011
Alachua,Alachua,8826.0,2009
Archer,Alachua,1214.0,2009
Gainesville,Alachua,125904.0,2009
Hawthorne,Alachua,1441.0,2009
High Springs,Alachua,4886.0,2009
La Crosse,Alachua,202.0,2009
Micanopy,Alachua,638.0,2009
Newberry,Alachua,5036.0,2009
Waldo,Alachua,825.0,2009
Glen St. Mary,Baker,461.0,2009
Macclenny,Baker,5951.0,2009
Callaway,Bay,14440.0,2009
Lynn Haven,Bay,16731.0,2009
Mexico Beach,Bay,1326.0,2009
Panama City,Bay,37408.0,2009
Panama City Beach,Bay,13831.0,2009
Parker,Bay,4573.0,2009
Springfield,Bay,8695.0,2009
Brooker,Bradford,384.0,2009
Hampton,Bradford,523.0,2009
Lawtey,Bradford,656.0,2009
Starke,Bradford,5821.0,2009
Cape Canaveral,Brevard,10499.0,2009
Cocoa,Brevard,16825.0,2009
Cocoa Beach,Brevard,12631.0,2009
Grant-Valkaria,Brevard,4026.0,2009
Indialantic,Brevard,3003.0,2009
Indian Harbour Beach,Brevard,8751.0,2009
Malabar,Brevard,2887.0,2009
Melbourne,Brevard,78323.0,2009
Melbourne Beach,Brevard,3293.0,2009
Melbourne Village,Brevard,721.0,2009
Palm Bay,Brevard,102397.0,2009
Palm Shores,Brevard,951.0,2009
Rockledge,Brevard,25657.0,2009
Satellite Beach,Brevard,10884.0,2009
Titusville,Brevard,45490.0,2009
West Melbourne,Brevard,16570.0,2009
Coconut Creek,Broward,47804.0,2009
Cooper City,Broward,29849.0,2009
Coral Springs,Broward,127198.0,2009
Dania Beach,Broward,28391.0,2009
Davie,Broward,91056.0,2009
Deerfield Beach,Broward,73216.0,2009
Fort Lauderdale,Broward,180706.0,2009
Hallandale Beach,Broward,37400.0,2009
Hillsboro Beach,Broward,2236.0,2009
Hollywood,Broward,141942.0,2009
Lauderdale Lakes,Broward,31862.0,2009
Lauderdale-By-The-Sea,Broward,5920.0,2009
Lauderhill,Broward,64000.0,2009
Lazy Lake,Broward,39.0,2009
Lighthouse Point,Broward,10955.0,2009
Margate,Broward,53207.0,2009
Miramar,Broward,112552.0,2009
North Lauderdale,Broward,41310.0,2009
Oakland Park,Broward,41756.0,2009
Parkland,Broward,23647.0,2009
Pembroke Park,Broward,6112.0,2009
Pembroke Pines,Broward,151193.0,2009
Plantation,Broward,84725.0,2009
Pompano Beach,Broward,99031.0,2009
Sea Ranch Lakes,Broward,730.0,2009
Southwest Ranches,Broward,8570.0,2009
Sunrise,Broward,89242.0,2009
Tamarac,Broward,59151.0,2009
Weston,Broward,61697.0,2009
West Park,Broward,13575.0,2009
Wilton Manors,Broward,12895.0,2009
Altha,Calhoun,533.0,2009
Blountstown,Calhoun,2488.0,2009
Punta Gorda,Charlotte,16989.0,2009
Crystal River,Citrus,3652.0,2009
Inverness,Citrus,7194.0,2009
Green Cove Springs,Clay,6544.0,2009
Keystone Heights,Clay,1396.0,2009
Orange Park,Clay,9089.0,2009
Penney Farms,Clay,634.0,2009
Everglades,Collier,656.0,2009
Marco Island,Collier,16816.0,2009
Naples,Collier,21651.0,2009
Fort White,Columbia,522.0,2009
Lake City,Columbia,11137.0,2009
Arcadia,De Soto,6739.0,2009
Cross City,Dixie,1681.0,2009
Horseshoe Beach,Dixie,297.0,2009
Atlantic Beach,Duval,13779.0,2009
Baldwin,Duval,1595.0,2009
Jacksonville,Duval,855067.0,2009
Jacksonville Beach,Duval,22715.0,2009
Neptune Beach,Duval,7362.0,2009
Century,Escambia,1611.0,2009
Pensacola,Escambia,54906.0,2009
Beverly Beach,Flagler,604.0,2009
Bunnell,Flagler,2759.0,2009
Palm Coast,Flagler,73910.0,2009
Marineland,Flagler/St. Johns,10.0,2009
Flagler Beach,Flagler/Volusia,5554.0,2009
Apalachicola,Franklin,2486.0,2009
Carrabelle,Franklin,1351.0,2009
Chattahoochee,Gadsden,3282.0,2009
Greensboro,Gadsden,619.0,2009
Gretna,Gadsden,1709.0,2009
Havana,Gadsden,1826.0,2009
Midway,Gadsden,1710.0,2009
Quincy,Gadsden,7384.0,2009
Bell,Gilchrist,415.0,2009
Trenton,Gilchrist,1710.0,2009
Fanning Springs,Gilchrist/Levy,915.0,2009
Moore Haven,Glades,1655.0,2009
Port St. Joe,Gulf,3758.0,2009
Wewahitchka,Gulf,1718.0,2009
Jasper,Hamilton,1698.0,2009
Jennings,Hamilton,805.0,2009
White Springs,Hamilton,776.0,2009
Bowling Green,Hardee,3158.0,2009
Wauchula,Hardee,4560.0,2009
Zolfo Springs,Hardee,1619.0,2009
Clewiston,Hendry,7018.0,2009
LaBelle,Hendry,4569.0,2009
Brooksville,Hernando,7633.0,2009
Weeki Wachee,Hernando,7.0,2009
Avon Park,Highlands,8786.0,2009
Lake Placid,Highlands,1732.0,2009
Sebring,Highlands,10344.0,2009
Plant City,Hillsborough,33306.0,2009
Tampa,Hillsborough,339480.0,2009
Temple Terrace,Hillsborough,23990.0,2009
Bonifay,Holmes,2769.0,2009
Esto,Holmes,379.0,2009
Noma,Holmes,231.0,2009
Ponce de Leon,Holmes,515.0,2009
Westville,Holmes,215.0,2009
Fellsmere,Indian River,5310.0,2009
Indian River Shores,Indian River,3804.0,2009
Orchid,Indian River,337.0,2009
Sebastian,Indian River,22722.0,2009
Vero Beach,Indian River,17855.0,2009
Alford,Jackson,490.0,2009
Bascom,Jackson,110.0,2009
Campbellton,Jackson,250.0,2009
Cottondale,Jackson,911.0,2009
Graceville,Jackson,2474.0,2009
Grand Ridge,Jackson,930.0,2009
Greenwood,Jackson,771.0,2009
Jacob City,Jackson,297.0,2009
Malone,Jackson,3874.0,2009
Marianna,Jackson,6454.0,2009
Sneads,Jackson,1990.0,2009
Monticello,Jefferson,2521.0,2009
Mayo,Lafayette,998.0,2009
Astatula,Lake,1630.0,2009
Clermont,Lake,24199.0,2009
Eustis,Lake,18275.0,2009
Fruitland Park,Lake,3978.0,2009
Groveland,Lake,7135.0,2009
Howey-in-the-Hills,Lake,1221.0,2009
Lady Lake,Lake,14129.0,2009
Leesburg,Lake,20506.0,2009
Mascotte,Lake,4476.0,2009
Minneola,Lake,9047.0,2009
Montverde,Lake,1192.0,2009
Mount Dora,Lake,11100.0,2009
Tavares,Lake,13329.0,2009
Umatilla,Lake,3047.0,2009
Bonita Springs,Lee,46425.0,2009
Cape Coral,Lee,162852.0,2009
Fort Myers,Lee,68819.0,2009
Fort Myers Beach,Lee,6919.0,2009
Sanibel,Lee,6329.0,2009
Tallahassee,Leon,177879.0,2009
Bronson,Levy,1060.0,2009
Cedar Key,Levy,898.0,2009
Chiefland,Levy,2200.0,2009
Inglis,Levy,1684.0,2009
Otter Creek,Levy,131.0,2009
Williston,Levy,2630.0,2009
Yankeetown,Levy,765.0,2009
Bristol,Liberty,990.0,2009
Greenville,Madison,799.0,2009
Lee,Madison,386.0,2009
Madison,Madison,3278.0,2009
Anna Maria,Manatee,1833.0,2009
Bradenton,Manatee,54051.0,2009
Bradenton Beach,Manatee,1550.0,2009
Holmes Beach,Manatee,5114.0,2009
Palmetto,Manatee,14419.0,2009
Longboat Key,Manatee/Sarasota,7633.0,2009
Belleview,Marion,4030.0,2009
Dunnellon,Marion,2023.0,2009
McIntosh,Marion,433.0,2009
Ocala,Marion,54599.0,2009
Reddick,Marion,500.0,2009
Jupiter Island,Martin,694.0,2009
Ocean Breeze Park,Martin,411.0,2009
Sewall's Point,Martin,2077.0,2009
Stuart,Martin,16483.0,2009
Aventura,Miami-Dade,31126.0,2009
Bal Harbour,Miami-Dade,3320.0,2009
Bay Harbor Islands,Miami-Dade,5095.0,2009
Biscayne Park,Miami-Dade,3198.0,2009
Coral Gables,Miami-Dade,45501.0,2009
Cutler Bay,Miami-Dade,41194.0,2009
Doral,Miami-Dade,34456.0,2009
El Portal,Miami-Dade,2479.0,2009
Florida City,Miami-Dade,10217.0,2009
Golden Beach,Miami-Dade,945.0,2009
Hialeah,Miami-Dade,226605.0,2009
Hialeah Gardens,Miami-Dade,21006.0,2009
Homestead,Miami-Dade,57617.0,2009
Indian Creek,Miami-Dade,60.0,2009
Islandia,Miami-Dade,6.0,2009
Key Biscayne,Miami-Dade,11411.0,2009
Medley,Miami-Dade,1123.0,2009
Miami,Miami-Dade,417451.0,2009
Miami Beach,Miami-Dade,92833.0,2009
Miami Gardens,Miami-Dade,109730.0,2009
Miami Lakes,Miami-Dade,26694.0,2009
Miami Shores,Miami-Dade,11170.0,2009
Miami Springs,Miami-Dade,13422.0,2009
North Bay Village,Miami-Dade,6836.0,2009
North Miami,Miami-Dade,58469.0,2009
North Miami Beach,Miami-Dade,40142.0,2009
Opa-locka,Miami-Dade,15284.0,2009
Palmetto Bay,Miami-Dade,25133.0,2009
Pinecrest,Miami-Dade,19491.0,2009
South Miami,Miami-Dade,11378.0,2009
Sunny Isles Beach,Miami-Dade,19540.0,2009
Surfside,Miami-Dade,5745.0,2009
Sweetwater,Miami-Dade,14247.0,2009
Virginia Gardens,Miami-Dade,2265.0,2009
West Miami,Miami-Dade,5733.0,2009
Islamorada,Monroe,7120.0,2009
Key Colony Beach,Monroe,859.0,2009
Key West,Monroe,23178.0,2009
Layton,Monroe,205.0,2009
Marathon,Monroe,10295.0,2009
Callahan,Nassau,1184.0,2009
Fernandina Beach,Nassau,12055.0,2009
Hilliard,Nassau,2949.0,2009
Cinco Bayou,Okaloosa,374.0,2009
Crestview,Okaloosa,20693.0,2009
Destin,Okaloosa,12239.0,2009
Fort Walton Beach,Okaloosa,20675.0,2009
Laurel Hill,Okaloosa,616.0,2009
Mary Esther,Okaloosa,4080.0,2009
Niceville,Okaloosa,13294.0,2009
Shalimar,Okaloosa,723.0,2009
Valparaiso,Okaloosa,6424.0,2009
Okeechobee,Okeechobee,5377.0,2009
Apopka,Orange,40406.0,2009
Bay Lake,Orange,20.0,2009
Belle Isle,Orange,5899.0,2009
Eatonville,Orange,2400.0,2009
Edgewood,Orange,2333.0,2009
Lake Buena Vista,Orange,23.0,2009
Maitland,Orange,16150.0,2009
Oakland,Orange,1931.0,2009
Ocoee,Orange,33871.0,2009
Orlando,Orange,233115.0,2009
Windermere,Orange,2708.0,2009
Winter Garden,Orange,30987.0,2009
Winter Park,Orange,28581.0,2009
Kissimmee,Osceola,61250.0,2009
St. Cloud,Osceola,32630.0,2009
Atlantis,Palm Beach,2139.0,2009
Belle Glade,Palm Beach,17107.0,2009
Boca Raton,Palm Beach,84823.0,2009
Boynton Beach,Palm Beach,66978.0,2009
Briny Breezes,Palm Beach,412.0,2009
Cloud Lake,Palm Beach,172.0,2009
Delray Beach,Palm Beach,63789.0,2009
Glen Ridge,Palm Beach,276.0,2009
Golf,Palm Beach,269.0,2009
Greenacres,Palm Beach,32370.0,2009
Gulf Stream,Palm Beach,704.0,2009
Haverhill,Palm Beach,1604.0,2009
Highland Beach,Palm Beach,4162.0,2009
Hypoluxo,Palm Beach,2427.0,2009
Juno Beach,Palm Beach,3656.0,2009
Jupiter,Palm Beach,50275.0,2009
Jupiter Inlet Colony,Palm Beach,370.0,2009
Lake Clarke Shores,Palm Beach,3413.0,2009
Lake Park,Palm Beach,9118.0,2009
Lake Worth Beach,Palm Beach,36173.0,2009
Lantana,Palm Beach,9743.0,2009
Loxahatchee Groves,Palm Beach,3229.0,2009
Manalapan,Palm Beach,359.0,2009
Mangonia Park,Palm Beach,2220.0,2009
North Palm Beach,Palm Beach,12433.0,2009
Ocean Ridge,Palm Beach,1690.0,2009
Pahokee,Palm Beach,6188.0,2009
Palm Beach,Palm Beach,9650.0,2009
Palm Beach Gardens,Palm Beach,49941.0,2009
Palm Beach Shores,Palm Beach,1421.0,2009
Palm Springs,Palm Beach,15478.0,2009
Riviera Beach,Palm Beach,34403.0,2009
Royal Palm Beach,Palm Beach,31201.0,2009
South Bay,Palm Beach,4626.0,2009
South Palm Beach,Palm Beach,1523.0,2009
Tequesta,Palm Beach,5872.0,2009
Wellington,Palm Beach,55010.0,2009
West Palm Beach,Palm Beach,103150.0,2009
Dade City,Pasco,6960.0,2009
New Port Richey,Pasco,16454.0,2009
Port Richey,Pasco,3114.0,2009
St. Leo,Pasco,1415.0,2009
San Antonio,Pasco,966.0,2009
Zephyrhills,Pasco,12434.0,2009
Belleair,Pinellas,4145.0,2009
Belleair Beach,Pinellas,1607.0,2009
Belleair Bluffs,Pinellas,2196.0,2009
Belleair Shore,Pinellas,72.0,2009
Clearwater,Pinellas,109907.0,2009
Dunedin,Pinellas,37451.0,2009
Gulfport,Pinellas,12659.0,2009
Indian Rocks Beach,Pinellas,5211.0,2009
Indian Shores,Pinellas,1787.0,2009
Kenneth City,Pinellas,4481.0,2009
Largo,Pinellas,74805.0,2009
Madeira Beach,Pinellas,4427.0,2009
North Redington Beach,Pinellas,1517.0,2009
Oldsmar,Pinellas,13817.0,2009
Pinellas Park,Pinellas,48939.0,2009
Redington Beach,Pinellas,1597.0,2009
Redington Shores,Pinellas,2504.0,2009
Safety Harbor,Pinellas,17708.0,2009
St. Petersburg,Pinellas,248729.0,2009
St. Pete Beach,Pinellas,9822.0,2009
Seminole,Pinellas,18888.0,2009
South Pasadena,Pinellas,5285.0,2009
Tarpon Springs,Pinellas,24472.0,2009
Treasure Island,Pinellas,7609.0,2009
Auburndale,Polk,14033.0,2009
Bartow,Polk,17007.0,2009
Davenport,Polk,2758.0,2009
Dundee,Polk,3299.0,2009
Eagle Lake,Polk,2825.0,2009
Fort Meade,Polk,5766.0,2009
Frostproof,Polk,2839.0,2009
Haines City,Polk,18753.0,2009
Highland Park,Polk,250.0,2009
Hillcrest Heights,Polk,252.0,2009
Lake Alfred,Polk,4627.0,2009
Lake Hamilton,Polk,1389.0,2009
Lake Wales,Polk,13067.0,2009
Lakeland,Polk,94163.0,2009
Mulberry,Polk,3359.0,2009
Polk City,Polk,1685.0,2009
Winter Haven,Polk,34464.0,2009
Crescent City,Putnam,1724.0,2009
Interlachen,Putnam,1552.0,2009
Palatka,Putnam,11133.0,2009
Pomona Park,Putnam,794.0,2009
Welaka,Putnam,732.0,2009
Hastings,St. Johns,551.0,2009
St. Augustine,St. Johns,13663.0,2009
St. Augustine Beach,St. Johns,6313.0,2009
Fort Pierce,St. Lucie,44251.0,2009
Port St. Lucie,St. Lucie,155251.0,2009
St. Lucie Village,St. Lucie,637.0,2009
Gulf Breeze,Santa Rosa,5791.0,2009
Jay,Santa Rosa,544.0,2009
Milton,Santa Rosa,7979.0,2009
North Port,Sarasota,55759.0,2009
Sarasota,Sarasota,53160.0,2009
Venice,Sarasota,21845.0,2009
Altamonte Springs,Seminole,42630.0,2009
Casselberry,Seminole,24672.0,2009
Lake Mary,Seminole,14615.0,2009
Longwood,Seminole,13849.0,2009
Oviedo,Seminole,33529.0,2009
Sanford,Seminole,53816.0,2009
Winter Springs,Seminole,34340.0,2009
Bushnell,Sumter,2364.0,2009
Center Hill,Sumter,921.0,2009
Coleman,Sumter,644.0,2009
Webster,Sumter,784.0,2009
Wildwood,Sumter,4825.0,2009
Branford,Suwannee,704.0,2009
Live Oak,Suwannee,6669.0,2009
Perry,Taylor,6815.0,2009
Lake Butler,Union,1932.0,2009
Raiford,Union,265.0,2009
Worthington Springs,Union,436.0,2009
Daytona Beach,Volusia,65208.0,2009
Daytona Beach Shores,Volusia,5475.0,2009
DeBary,Volusia,18741.0,2009
DeLand,Volusia,27123.0,2009
Deltona,Volusia,84264.0,2009
Edgewater,Volusia,21394.0,2009
Holly Hill,Volusia,12851.0,2009
Lake Helen,Volusia,2878.0,2009
New Smyrna Beach,Volusia,23449.0,2009
Oak Hill,Volusia,1984.0,2009
Orange City,Volusia,10203.0,2009
Ormond Beach,Volusia,40832.0,2009
Pierson,Volusia,2651.0,2009
Ponce Inlet,Volusia,3266.0,2009
Port Orange,Volusia,56732.0,2009
South Daytona,Volusia,13530.0,2009
St. Marks,Wakulla,323.0,2009
Sopchoppy,Wakulla,418.0,2009
DeFuniak Springs,Walton,5131.0,2009
Freeport,Walton,1505.0,2009
Paxton,Walton,737.0,2009
Caryville,Washington,233.0,2009
Chipley,Washington,3586.0,2009
Ebro,Washington,250.0,2009
Vernon,Washington,712.0,2009
Wausau,Washington,440.0,2009
Incorporated Population,,9526780.0,2009
Total Population,,18750483.0,2009
Incorporated Pop. as % of Total Pop.,,0.5080818451450024,2009
Alachua,Alachua,8742.0,2008
Archer,Alachua,1225.0,2008
Gainesville,Alachua,124491.0,2008
Hawthorne,Alachua,1436.0,2008
High Springs,Alachua,4855.0,2008
La Crosse,Alachua,202.0,2008
Micanopy,Alachua,636.0,2008
Newberry,Alachua,4914.0,2008
Waldo,Alachua,836.0,2008
Glen St. Mary,Baker,429.0,2008
Macclenny,Baker,5897.0,2008
Callaway,Bay,14656.0,2008
Cedar Grove,Bay,5755.0,2008
Lynn Haven,Bay,16614.0,2008
Mexico Beach,Bay,1331.0,2008
Panama City,Bay,37457.0,2008
Panama City Beach,Bay,13453.0,2008
Parker,Bay,4650.0,2008
Springfield,Bay,8852.0,2008
Brooker,Bradford,391.0,2008
Hampton,Bradford,468.0,2008
Lawtey,Bradford,666.0,2008
Starke,Bradford,6025.0,2008
Cape Canaveral,Brevard,10635.0,2008
Cocoa,Brevard,16971.0,2008
Cocoa Beach,Brevard,12800.0,2008
Grant-Valkaria,Brevard,3985.0,2008
Indialantic,Brevard,2992.0,2008
Indian Harbour Beach,Brevard,8733.0,2008
Malabar,Brevard,2859.0,2008
Melbourne,Brevard,78308.0,2008
Melbourne Beach,Brevard,3309.0,2008
Melbourne Village,Brevard,729.0,2008
Palm Bay,Brevard,102519.0,2008
Palm Shores,Brevard,968.0,2008
Rockledge,Brevard,25698.0,2008
Satellite Beach,Brevard,10848.0,2008
Titusville,Brevard,45664.0,2008
West Melbourne,Brevard,16703.0,2008
Coconut Creek,Broward,48193.0,2008
Cooper City,Broward,30074.0,2008
Coral Springs,Broward,128930.0,2008
Dania Beach,Broward,28425.0,2008
Davie,Broward,92207.0,2008
Deerfield Beach,Broward,73227.0,2008
Fort Lauderdale,Broward,180400.0,2008
Hallandale Beach,Broward,38232.0,2008
Hillsboro Beach,Broward,2224.0,2008
Hollywood,Broward,143172.0,2008
Lauderdale Lakes,Broward,32216.0,2008
Lauderdale-By-The-Sea,Broward,5852.0,2008
Lauderhill,Broward,64635.0,2008
Lazy Lake,Broward,41.0,2008
Lighthouse Point,Broward,11020.0,2008
Margate,Broward,54180.0,2008
Miramar,Broward,112666.0,2008
North Lauderdale,Broward,42287.0,2008
Oakland Park,Broward,42241.0,2008
Parkland,Broward,23835.0,2008
Pembroke Park,Broward,6161.0,2008
Pembroke Pines,Broward,151747.0,2008
Plantation,Broward,85688.0,2008
Pompano Beach,Broward,100058.0,2008
Sea Ranch Lakes,Broward,730.0,2008
Southwest Ranches,Broward,8489.0,2008
Sunrise,Broward,90081.0,2008
Tamarac,Broward,59855.0,2008
Weston,Broward,62088.0,2008
West Park,Broward,13861.0,2008
Wilton Manors,Broward,12929.0,2008
Altha,Calhoun,568.0,2008
Blountstown,Calhoun,2440.0,2008
Punta Gorda,Charlotte,17651.0,2008
Crystal River,Citrus,3660.0,2008
Inverness,Citrus,7288.0,2008
Green Cove Springs,Clay,6555.0,2008
Keystone Heights,Clay,1409.0,2008
Orange Park,Clay,9085.0,2008
Penney Farms,Clay,635.0,2008
Everglades,Collier,648.0,2008
Marco Island,Collier,16856.0,2008
Naples,Collier,22556.0,2008
Fort White,Columbia,519.0,2008
Lake City,Columbia,11298.0,2008
Arcadia,De Soto,6627.0,2008
Cross City,Dixie,1745.0,2008
Horseshoe Beach,Dixie,309.0,2008
Atlantic Beach,Duval,13819.0,2008
Baldwin,Duval,1605.0,2008
Jacksonville,Duval,859421.0,2008
Jacksonville Beach,Duval,22749.0,2008
Neptune Beach,Duval,7377.0,2008
Century,Escambia,1644.0,2008
Pensacola,Escambia,54925.0,2008
Beverly Beach,Flagler,517.0,2008
Bunnell,Flagler,2648.0,2008
Palm Coast,Flagler,74590.0,2008
Marineland,Flagler/St. Johns,10.0,2008
Flagler Beach,Flagler/Volusia,5520.0,2008
Apalachicola,Franklin,2480.0,2008
Carrabelle,Franklin,1346.0,2008
Chattahoochee,Gadsden,3687.0,2008
Greensboro,Gadsden,634.0,2008
Gretna,Gadsden,1675.0,2008
Havana,Gadsden,1815.0,2008
Midway,Gadsden,1883.0,2008
Quincy,Gadsden,7373.0,2008
Bell,Gilchrist,460.0,2008
Trenton,Gilchrist,1722.0,2008
Fanning Springs,Gilchrist/Levy,963.0,2008
Moore Haven,Glades,1655.0,2008
Port St. Joe,Gulf,3758.0,2008
Wewahitchka,Gulf,1721.0,2008
Jasper,Hamilton,1705.0,2008
Jennings,Hamilton,813.0,2008
White Springs,Hamilton,767.0,2008
Bowling Green,Hardee,3122.0,2008
Wauchula,Hardee,4538.0,2008
Zolfo Springs,Hardee,1629.0,2008
Clewiston,Hendry,6887.0,2008
LaBelle,Hendry,4564.0,2008
Brooksville,Hernando,7640.0,2008
Weeki Wachee,Hernando,7.0,2008
Avon Park,Highlands,8865.0,2008
Lake Placid,Highlands,1780.0,2008
Sebring,Highlands,10412.0,2008
Plant City,Hillsborough,33500.0,2008
Tampa,Hillsborough,339365.0,2008
Temple Terrace,Hillsborough,23882.0,2008
Bonifay,Holmes,2792.0,2008
Esto,Holmes,379.0,2008
Noma,Holmes,230.0,2008
Ponce de Leon,Holmes,510.0,2008
Westville,Holmes,213.0,2008
Fellsmere,Indian River,5108.0,2008
Indian River Shores,Indian River,3829.0,2008
Orchid,Indian River,305.0,2008
Sebastian,Indian River,22924.0,2008
Vero Beach,Indian River,17889.0,2008
Alford,Jackson,494.0,2008
Bascom,Jackson,111.0,2008
Campbellton,Jackson,246.0,2008
Cottondale,Jackson,920.0,2008
Graceville,Jackson,2517.0,2008
Grand Ridge,Jackson,940.0,2008
Greenwood,Jackson,778.0,2008
Jacob City,Jackson,299.0,2008
Malone,Jackson,3882.0,2008
Marianna,Jackson,6493.0,2008
Sneads,Jackson,1986.0,2008
Monticello,Jefferson,2537.0,2008
Mayo,Lafayette,1009.0,2008
Astatula,Lake,1643.0,2008
Clermont,Lake,23476.0,2008
Eustis,Lake,18354.0,2008
Fruitland Park,Lake,3901.0,2008
Groveland,Lake,7207.0,2008
Howey-in-the-Hills,Lake,1215.0,2008
Lady Lake,Lake,13117.0,2008
Leesburg,Lake,20093.0,2008
Mascotte,Lake,4516.0,2008
Minneola,Lake,9044.0,2008
Montverde,Lake,1196.0,2008
Mount Dora,Lake,11290.0,2008
Tavares,Lake,13344.0,2008
Umatilla,Lake,2603.0,2008
Bonita Springs,Lee,46681.0,2008
Cape Coral,Lee,165774.0,2008
Fort Myers,Lee,68689.0,2008
Fort Myers Beach,Lee,6928.0,2008
Sanibel,Lee,6374.0,2008
Tallahassee,Leon,177852.0,2008
Bronson,Levy,1159.0,2008
Cedar Key,Levy,928.0,2008
Chiefland,Levy,2265.0,2008
Inglis,Levy,1724.0,2008
Otter Creek,Levy,147.0,2008
Williston,Levy,2577.0,2008
Yankeetown,Levy,760.0,2008
Bristol,Liberty,951.0,2008
Greenville,Madison,837.0,2008
Lee,Madison,416.0,2008
Madison,Madison,3085.0,2008
Anna Maria,Manatee,1875.0,2008
Bradenton,Manatee,54184.0,2008
Bradenton Beach,Manatee,1541.0,2008
Holmes Beach,Manatee,5107.0,2008
Palmetto,Manatee,14447.0,2008
Longboat Key,Manatee/Sarasota,7697.0,2008
Belleview,Marion,4040.0,2008
Dunnellon,Marion,2033.0,2008
McIntosh,Marion,448.0,2008
Ocala,Marion,54462.0,2008
Reddick,Marion,520.0,2008
Jupiter Island,Martin,675.0,2008
Ocean Breeze Park,Martin,411.0,2008
Sewall's Point,Martin,2000.0,2008
Stuart,Martin,16577.0,2008
Aventura,Miami-Dade,31044.0,2008
Bal Harbour,Miami-Dade,3299.0,2008
Bay Harbor Islands,Miami-Dade,5135.0,2008
Biscayne Park,Miami-Dade,3272.0,2008
Coral Gables,Miami-Dade,45798.0,2008
Cutler Bay,Miami-Dade,41579.0,2008
Doral,Miami-Dade,34322.0,2008
El Portal,Miami-Dade,2502.0,2008
Florida City,Miami-Dade,10193.0,2008
Golden Beach,Miami-Dade,947.0,2008
Hialeah,Miami-Dade,228157.0,2008
Hialeah Gardens,Miami-Dade,20939.0,2008
Homestead,Miami-Dade,59415.0,2008
Indian Creek,Miami-Dade,58.0,2008
Islandia,Miami-Dade,6.0,2008
Key Biscayne,Miami-Dade,11555.0,2008
Medley,Miami-Dade,1126.0,2008
Miami,Miami-Dade,406242.0,2008
Miami Beach,Miami-Dade,94040.0,2008
Miami Gardens,Miami-Dade,111171.0,2008
Miami Lakes,Miami-Dade,27031.0,2008
Miami Shores,Miami-Dade,10654.0,2008
Miami Springs,Miami-Dade,13557.0,2008
North Bay Village,Miami-Dade,6814.0,2008
North Miami,Miami-Dade,59688.0,2008
North Miami Beach,Miami-Dade,40879.0,2008
Opa-locka,Miami-Dade,15146.0,2008
Palmetto Bay,Miami-Dade,25170.0,2008
Pinecrest,Miami-Dade,19454.0,2008
South Miami,Miami-Dade,11183.0,2008
Sunny Isles Beach,Miami-Dade,20171.0,2008
Surfside,Miami-Dade,5789.0,2008
Sweetwater,Miami-Dade,14251.0,2008
Virginia Gardens,Miami-Dade,2298.0,2008
West Miami,Miami-Dade,5690.0,2008
Islamorada,Monroe,7113.0,2008
Key Colony Beach,Monroe,854.0,2008
Key West,Monroe,23024.0,2008
Layton,Monroe,205.0,2008
Marathon,Monroe,10097.0,2008
Callahan,Nassau,1105.0,2008
Fernandina Beach,Nassau,11998.0,2008
Hilliard,Nassau,2947.0,2008
Cinco Bayou,Okaloosa,374.0,2008
Crestview,Okaloosa,21215.0,2008
Destin,Okaloosa,12225.0,2008
Fort Walton Beach,Okaloosa,20918.0,2008
Laurel Hill,Okaloosa,615.0,2008
Mary Esther,Okaloosa,4100.0,2008
Niceville,Okaloosa,13364.0,2008
Shalimar,Okaloosa,720.0,2008
Valparaiso,Okaloosa,6540.0,2008
Okeechobee,Okeechobee,5496.0,2008
Apopka,Orange,40280.0,2008
Bay Lake,Orange,20.0,2008
Belle Isle,Orange,5886.0,2008
Eatonville,Orange,2493.0,2008
Edgewood,Orange,2278.0,2008
Lake Buena Vista,Orange,23.0,2008
Maitland,Orange,16209.0,2008
Oakland,Orange,1938.0,2008
Ocoee,Orange,33658.0,2008
Orlando,Orange,234130.0,2008
Windermere,Orange,2678.0,2008
Winter Garden,Orange,30838.0,2008
Winter Park,Orange,28921.0,2008
Kissimmee,Osceola,61458.0,2008
St. Cloud,Osceola,32827.0,2008
Atlantis,Palm Beach,2147.0,2008
Belle Glade,Palm Beach,17141.0,2008
Boca Raton,Palm Beach,85293.0,2008
Boynton Beach,Palm Beach,66671.0,2008
Briny Breezes,Palm Beach,417.0,2008
Cloud Lake,Palm Beach,164.0,2008
Delray Beach,Palm Beach,64220.0,2008
Glen Ridge,Palm Beach,262.0,2008
Golf,Palm Beach,266.0,2008
Greenacres,Palm Beach,32548.0,2008
Gulf Stream,Palm Beach,716.0,2008
Haverhill,Palm Beach,1553.0,2008
Highland Beach,Palm Beach,4164.0,2008
Hypoluxo,Palm Beach,2448.0,2008
Juno Beach,Palm Beach,3674.0,2008
Jupiter,Palm Beach,49783.0,2008
Jupiter Inlet Colony,Palm Beach,370.0,2008
Lake Clarke Shores,Palm Beach,3427.0,2008
Lake Park,Palm Beach,9112.0,2008
Lake Worth Beach,Palm Beach,36725.0,2008
Lantana,Palm Beach,9850.0,2008
Loxahatchee Groves,Palm Beach,3232.0,2008
Manalapan,Palm Beach,354.0,2008
Mangonia Park,Palm Beach,2223.0,2008
North Palm Beach,Palm Beach,12530.0,2008
Ocean Ridge,Palm Beach,1630.0,2008
Pahokee,Palm Beach,6352.0,2008
Palm Beach,Palm Beach,9797.0,2008
Palm Beach Gardens,Palm Beach,50282.0,2008
Palm Beach Shores,Palm Beach,1418.0,2008
Palm Springs,Palm Beach,15500.0,2008
Riviera Beach,Palm Beach,35150.0,2008
Royal Palm Beach,Palm Beach,31567.0,2008
South Bay,Palm Beach,4702.0,2008
South Palm Beach,Palm Beach,1522.0,2008
Tequesta,Palm Beach,5898.0,2008
Wellington,Palm Beach,55076.0,2008
West Palm Beach,Palm Beach,103663.0,2008
Dade City,Pasco,6995.0,2008
New Port Richey,Pasco,16604.0,2008
Port Richey,Pasco,3137.0,2008
St. Leo,Pasco,1331.0,2008
San Antonio,Pasco,962.0,2008
Zephyrhills,Pasco,12570.0,2008
Belleair,Pinellas,4151.0,2008
Belleair Beach,Pinellas,1604.0,2008
Belleair Bluffs,Pinellas,2223.0,2008
Belleair Shore,Pinellas,74.0,2008
Clearwater,Pinellas,110251.0,2008
Dunedin,Pinellas,37561.0,2008
Gulfport,Pinellas,12844.0,2008
Indian Rocks Beach,Pinellas,5255.0,2008
Indian Shores,Pinellas,1806.0,2008
Kenneth City,Pinellas,4492.0,2008
Largo,Pinellas,75441.0,2008
Madeira Beach,Pinellas,4519.0,2008
North Redington Beach,Pinellas,1489.0,2008
Oldsmar,Pinellas,13900.0,2008
Pinellas Park,Pinellas,49231.0,2008
Redington Beach,Pinellas,1584.0,2008
Redington Shores,Pinellas,2513.0,2008
Safety Harbor,Pinellas,17825.0,2008
St. Petersburg,Pinellas,251459.0,2008
St. Pete Beach,Pinellas,10133.0,2008
Seminole,Pinellas,18862.0,2008
South Pasadena,Pinellas,5342.0,2008
Tarpon Springs,Pinellas,24694.0,2008
Treasure Island,Pinellas,7600.0,2008
Auburndale,Polk,14121.0,2008
Bartow,Polk,17296.0,2008
Davenport,Polk,2705.0,2008
Dundee,Polk,3310.0,2008
Eagle Lake,Polk,2732.0,2008
Fort Meade,Polk,5864.0,2008
Frostproof,Polk,2867.0,2008
Haines City,Polk,18916.0,2008
Highland Park,Polk,248.0,2008
Hillcrest Heights,Polk,256.0,2008
Lake Alfred,Polk,4562.0,2008
Lake Hamilton,Polk,1409.0,2008
Lake Wales,Polk,13052.0,2008
Lakeland,Polk,93508.0,2008
Mulberry,Polk,3467.0,2008
Polk City,Polk,1751.0,2008
Winter Haven,Polk,34404.0,2008
Crescent City,Putnam,1742.0,2008
Interlachen,Putnam,1564.0,2008
Palatka,Putnam,11264.0,2008
Pomona Park,Putnam,787.0,2008
Welaka,Putnam,731.0,2008
Hastings,St. Johns,685.0,2008
St. Augustine,St. Johns,13874.0,2008
St. Augustine Beach,St. Johns,6206.0,2008
Fort Pierce,St. Lucie,44227.0,2008
Port St. Lucie,St. Lucie,157902.0,2008
St. Lucie Village,St. Lucie,641.0,2008
Gulf Breeze,Santa Rosa,5780.0,2008
Jay,Santa Rosa,526.0,2008
Milton,Santa Rosa,7971.0,2008
North Port,Sarasota,56316.0,2008
Sarasota,Sarasota,55174.0,2008
Venice,Sarasota,22146.0,2008
Altamonte Springs,Seminole,43243.0,2008
Casselberry,Seminole,25182.0,2008
Lake Mary,Seminole,14944.0,2008
Longwood,Seminole,14018.0,2008
Oviedo,Seminole,33431.0,2008
Sanford,Seminole,54306.0,2008
Winter Springs,Seminole,34390.0,2008
Bushnell,Sumter,2344.0,2008
Center Hill,Sumter,921.0,2008
Coleman,Sumter,653.0,2008
Webster,Sumter,786.0,2008
Wildwood,Sumter,4885.0,2008
Branford,Suwannee,712.0,2008
Live Oak,Suwannee,6712.0,2008
Perry,Taylor,6832.0,2008
Lake Butler,Union,1922.0,2008
Raiford,Union,262.0,2008
Worthington Springs,Union,453.0,2008
Daytona Beach,Volusia,64927.0,2008
Daytona Beach Shores,Volusia,5461.0,2008
DeBary,Volusia,18913.0,2008
DeLand,Volusia,27326.0,2008
Deltona,Volusia,85921.0,2008
Edgewater,Volusia,21618.0,2008
Holly Hill,Volusia,12944.0,2008
Lake Helen,Volusia,2871.0,2008
New Smyrna Beach,Volusia,23716.0,2008
Oak Hill,Volusia,1978.0,2008
Orange City,Volusia,9556.0,2008
Ormond Beach,Volusia,40920.0,2008
Pierson,Volusia,2657.0,2008
Ponce Inlet,Volusia,3299.0,2008
Port Orange,Volusia,57218.0,2008
South Daytona,Volusia,13765.0,2008
St. Marks,Wakulla,323.0,2008
Sopchoppy,Wakulla,424.0,2008
DeFuniak Springs,Walton,5171.0,2008
Freeport,Walton,1503.0,2008
Paxton,Walton,740.0,2008
Caryville,Washington,367.0,2008
Chipley,Washington,3639.0,2008
Ebro,Washington,245.0,2008
Vernon,Washington,744.0,2008
Wausau,Washington,443.0,2008
Incorporated Population,,9573432.0,2008
Total Population,,18807219.0,2008
Incorporated Pop. as % of Total Pop.,,0.5090296444147324,2008
Alachua,Alachua,7854.0,2007
Archer,Alachua,1229.0,2007
Gainesville,Alachua,122671.0,2007
Hawthorne,Alachua,1401.0,2007
High Springs,Alachua,4739.0,2007
La Crosse,Alachua,195.0,2007
Micanopy,Alachua,637.0,2007
Newberry,Alachua,4787.0,2007
Waldo,Alachua,831.0,2007
Glen St. Mary,Baker,471.0,2007
Macclenny,Baker,5804.0,2007
Callaway,Bay,14713.0,2007
Cedar Grove,Bay,5723.0,2007
Lynn Haven,Bay,16217.0,2007
Mexico Beach,Bay,1320.0,2007
Panama City,Bay,37640.0,2007
Panama City Beach,Bay,11651.0,2007
Parker,Bay,4683.0,2007
Springfield,Bay,8956.0,2007
Brooker,Bradford,374.0,2007
Hampton,Bradford,456.0,2007
Lawtey,Bradford,675.0,2007
Starke,Bradford,6087.0,2007
Cape Canaveral,Brevard,10526.0,2007
Cocoa,Brevard,17164.0,2007
Cocoa Beach,Brevard,12805.0,2007
Grant-Valkaria,Brevard,3907.0,2007
Indialantic,Brevard,3009.0,2007
Indian Harbour Beach,Brevard,8715.0,2007
Malabar,Brevard,2814.0,2007
Melbourne,Brevard,78386.0,2007
Melbourne Beach,Brevard,3369.0,2007
Melbourne Village,Brevard,724.0,2007
Palm Bay,Brevard,101793.0,2007
Palm Shores,Brevard,947.0,2007
Rockledge,Brevard,25911.0,2007
Satellite Beach,Brevard,10769.0,2007
Titusville,Brevard,44526.0,2007
West Melbourne,Brevard,15777.0,2007
Coconut Creek,Broward,48207.0,2007
Cooper City,Broward,29919.0,2007
Coral Springs,Broward,129766.0,2007
Dania Beach,Broward,29524.0,2007
Davie,Broward,93428.0,2007
Deerfield Beach,Broward,75829.0,2007
Fort Lauderdale,Broward,179971.0,2007
Hallandale Beach,Broward,38193.0,2007
Hillsboro Beach,Broward,2223.0,2007
Hollywood,Broward,142943.0,2007
Lauderdale Lakes,Broward,32314.0,2007
Lauderdale-By-The-Sea,Broward,6196.0,2007
Lauderhill,Broward,64261.0,2007
Lazy Lake,Broward,41.0,2007
Lighthouse Point,Broward,10964.0,2007
Margate,Broward,55661.0,2007
Miramar,Broward,111705.0,2007
North Lauderdale,Broward,42269.0,2007
Oakland Park,Broward,42081.0,2007
Parkland,Broward,23163.0,2007
Pembroke Park,Broward,5818.0,2007
Pembroke Pines,Broward,152888.0,2007
Plantation,Broward,85349.0,2007
Pompano Beach,Broward,101128.0,2007
Sea Ranch Lakes,Broward,732.0,2007
Southwest Ranches,Broward,8461.0,2007
Sunrise,Broward,89633.0,2007
Tamarac,Broward,59949.0,2007
West Park,Broward,13930.0,2007
Weston,Broward,62233.0,2007
Wilton Manors,Broward,12848.0,2007
Altha,Calhoun,568.0,2007
Blountstown,Calhoun,2473.0,2007
Punta Gorda,Charlotte,17444.0,2007
Crystal River,Citrus,3737.0,2007
Inverness,Citrus,7286.0,2007
Green Cove Springs,Clay,6488.0,2007
Keystone Heights,Clay,1404.0,2007
Orange Park,Clay,9109.0,2007
Penney Farms,Clay,638.0,2007
Everglades,Collier,643.0,2007
Marco Island,Collier,15825.0,2007
Naples,Collier,23101.0,2007
Fort White,Columbia,519.0,2007
Lake City,Columbia,11340.0,2007
Arcadia,De Soto,6617.0,2007
Cross City,Dixie,1756.0,2007
Horseshoe Beach,Dixie,297.0,2007
Atlantic Beach,Duval,13961.0,2007
Baldwin,Duval,1601.0,2007
Jacksonville,Duval,852450.0,2007
Jacksonville Beach,Duval,22253.0,2007
Neptune Beach,Duval,7332.0,2007
Century,Escambia,1670.0,2007
Pensacola,Escambia,55024.0,2007
Beverly Beach,Flagler,509.0,2007
Bunnell,Flagler,2394.0,2007
Palm Coast,Flagler,70376.0,2007
Marineland,Flagler/St. Johns,10.0,2007
Flagler Beach,Flagler/Volusia,5477.0,2007
Apalachicola,Franklin,2499.0,2007
Carrabelle,Franklin,1324.0,2007
Chattahoochee,Gadsden,3720.0,2007
Greensboro,Gadsden,634.0,2007
Gretna,Gadsden,1714.0,2007
Havana,Gadsden,1778.0,2007
Midway,Gadsden,1771.0,2007
Quincy,Gadsden,7436.0,2007
Bell,Gilchrist,452.0,2007
Trenton,Gilchrist,1690.0,2007
Fanning Springs,Gilchrist/Levy,946.0,2007
Moore Haven,Glades,1636.0,2007
Port St. Joe,Gulf,3813.0,2007
Wewahitchka,Gulf,1716.0,2007
Jasper,Hamilton,1687.0,2007
Jennings,Hamilton,820.0,2007
White Springs,Hamilton,762.0,2007
Bowling Green,Hardee,3078.0,2007
Wauchula,Hardee,4447.0,2007
Zolfo Springs,Hardee,1612.0,2007
Clewiston,Hendry,6619.0,2007
LaBelle,Hendry,4618.0,2007
Brooksville,Hernando,7309.0,2007
Weeki Wachee,Hernando,8.0,2007
Avon Park,Highlands,8964.0,2007
Lake Placid,Highlands,1760.0,2007
Sebring,Highlands,10361.0,2007
Plant City,Hillsborough,33277.0,2007
Tampa,Hillsborough,336264.0,2007
Temple Terrace,Hillsborough,24026.0,2007
Bonifay,Holmes,2783.0,2007
Esto,Holmes,379.0,2007
Noma,Holmes,222.0,2007
Ponce de Leon,Holmes,498.0,2007
Westville,Holmes,224.0,2007
Fellsmere,Indian River,4687.0,2007
Indian River Shores,Indian River,3674.0,2007
Orchid,Indian River,303.0,2007
Sebastian,Indian River,22426.0,2007
Vero Beach,Indian River,18060.0,2007
Alford,Jackson,494.0,2007
Bascom,Jackson,111.0,2007
Campbellton,Jackson,245.0,2007
Cottondale,Jackson,918.0,2007
Graceville,Jackson,2523.0,2007
Grand Ridge,Jackson,913.0,2007
Greenwood,Jackson,777.0,2007
Jacob City,Jackson,291.0,2007
Malone,Jackson,2281.0,2007
Marianna,Jackson,6531.0,2007
Sneads,Jackson,1972.0,2007
Monticello,Jefferson,2554.0,2007
Mayo,Lafayette,1013.0,2007
Astatula,Lake,1649.0,2007
Clermont,Lake,22882.0,2007
Eustis,Lake,18401.0,2007
Fruitland Park,Lake,3829.0,2007
Groveland,Lake,6983.0,2007
Howey-in-the-Hills,Lake,1223.0,2007
Lady Lake,Lake,12842.0,2007
Leesburg,Lake,19934.0,2007
Mascotte,Lake,4478.0,2007
Minneola,Lake,9203.0,2007
Montverde,Lake,1189.0,2007
Mount Dora,Lake,11945.0,2007
Tavares,Lake,13013.0,2007
Umatilla,Lake,2601.0,2007
Bonita Springs,Lee,45148.0,2007
Cape Coral,Lee,164523.0,2007
Fort Myers,Lee,67851.0,2007
Fort Myers Beach,Lee,7037.0,2007
Sanibel,Lee,6297.0,2007
Tallahassee,Leon,176429.0,2007
Bronson,Levy,1143.0,2007
Cedar Key,Levy,927.0,2007
Chiefland,Levy,2338.0,2007
Inglis,Levy,1731.0,2007
Otter Creek,Levy,147.0,2007
Williston,Levy,2557.0,2007
Yankeetown,Levy,760.0,2007
Bristol,Liberty,950.0,2007
Greenville,Madison,841.0,2007
Lee,Madison,387.0,2007
Madison,Madison,3084.0,2007
Anna Maria,Manatee,1854.0,2007
Bradenton,Manatee,54409.0,2007
Bradenton Beach,Manatee,1536.0,2007
Holmes Beach,Manatee,5059.0,2007
Palmetto,Manatee,14310.0,2007
Longboat Key,Manatee/Sarasota,7691.0,2007
Belleview,Marion,3988.0,2007
Dunnellon,Marion,2031.0,2007
McIntosh,Marion,451.0,2007
Ocala,Marion,54238.0,2007
Reddick,Marion,523.0,2007
Jupiter Island,Martin,672.0,2007
Ocean Breeze Park,Martin,411.0,2007
Sewall's Point,Martin,1996.0,2007
Stuart,Martin,16564.0,2007
Aventura,Miami-Dade,30383.0,2007
Bal Harbour,Miami-Dade,3058.0,2007
Bay Harbor Islands,Miami-Dade,5148.0,2007
Biscayne Park,Miami-Dade,3328.0,2007
Coral Gables,Miami-Dade,44604.0,2007
Cutler Bay,Miami-Dade,40468.0,2007
Doral,Miami-Dade,34472.0,2007
El Portal,Miami-Dade,2523.0,2007
Florida City,Miami-Dade,9318.0,2007
Golden Beach,Miami-Dade,951.0,2007
Hialeah,Miami-Dade,228528.0,2007
Hialeah Gardens,Miami-Dade,20491.0,2007
Homestead,Miami-Dade,57605.0,2007
Indian Creek,Miami-Dade,59.0,2007
Islandia,Miami-Dade,6.0,2007
Key Biscayne,Miami-Dade,11433.0,2007
Medley,Miami-Dade,1132.0,2007
Miami,Miami-Dade,395434.0,2007
Miami Beach,Miami-Dade,93721.0,2007
Miami Gardens,Miami-Dade,109200.0,2007
Miami Lakes,Miami-Dade,27027.0,2007
Miami Shores,Miami-Dade,10323.0,2007
Miami Springs,Miami-Dade,13643.0,2007
North Bay Village,Miami-Dade,5736.0,2007
North Miami,Miami-Dade,60275.0,2007
North Miami Beach,Miami-Dade,40942.0,2007
Opa-locka,Miami-Dade,15359.0,2007
Palmetto Bay,Miami-Dade,25156.0,2007
Pinecrest,Miami-Dade,19382.0,2007
South Miami,Miami-Dade,10561.0,2007
Sunny Isles Beach,Miami-Dade,18747.0,2007
Surfside,Miami-Dade,5775.0,2007
Sweetwater,Miami-Dade,14326.0,2007
Virginia Gardens,Miami-Dade,2354.0,2007
West Miami,Miami-Dade,5724.0,2007
Islamorada,Monroe,7149.0,2007
Key Colony Beach,Monroe,857.0,2007
Key West,Monroe,24629.0,2007
Layton,Monroe,207.0,2007
Marathon,Monroe,10396.0,2007
Callahan,Nassau,1171.0,2007
Fernandina Beach,Nassau,11911.0,2007
Hilliard,Nassau,2967.0,2007
Cinco Bayou,Okaloosa,381.0,2007
Crestview,Okaloosa,21149.0,2007
Destin,Okaloosa,12225.0,2007
Fort Walton Beach,Okaloosa,21008.0,2007
Laurel Hill,Okaloosa,631.0,2007
Mary Esther,Okaloosa,4285.0,2007
Niceville,Okaloosa,13272.0,2007
Shalimar,Okaloosa,728.0,2007
Valparaiso,Okaloosa,6562.0,2007
Okeechobee,Okeechobee,5814.0,2007
Apopka,Orange,39508.0,2007
Bay Lake,Orange,20.0,2007
Belle Isle,Orange,5881.0,2007
Eatonville,Orange,2539.0,2007
Edgewood,Orange,2236.0,2007
Lake Buena Vista,Orange,23.0,2007
Maitland,Orange,16100.0,2007
Oakland,Orange,1958.0,2007
Ocoee,Orange,33533.0,2007
Orlando,Orange,228765.0,2007
Windermere,Orange,2638.0,2007
Winter Garden,Orange,30065.0,2007
Winter Park,Orange,28486.0,2007
Kissimmee,Osceola,61036.0,2007
St. Cloud,Osceola,30634.0,2007
Atlantis,Palm Beach,2154.0,2007
Belle Glade,Palm Beach,17083.0,2007
Boca Raton,Palm Beach,85296.0,2007
Boynton Beach,Palm Beach,66872.0,2007
Briny Breezes,Palm Beach,417.0,2007
Cloud Lake,Palm Beach,167.0,2007
Delray Beach,Palm Beach,64360.0,2007
Glen Ridge,Palm Beach,265.0,2007
Golf,Palm Beach,266.0,2007
Greenacres,Palm Beach,32105.0,2007
Gulf Stream,Palm Beach,693.0,2007
Haverhill,Palm Beach,1530.0,2007
Highland Beach,Palm Beach,4155.0,2007
Hypoluxo,Palm Beach,2499.0,2007
Juno Beach,Palm Beach,3644.0,2007
Jupiter,Palm Beach,49724.0,2007
Jupiter Inlet Colony,Palm Beach,368.0,2007
Lake Clarke Shores,Palm Beach,3450.0,2007
Lake Park,Palm Beach,9035.0,2007
Lake Worth Beach,Palm Beach,37044.0,2007
Lantana,Palm Beach,9961.0,2007
Loxahatchee Groves,Palm Beach,3196.0,2007
Manalapan,Palm Beach,354.0,2007
Mangonia Park,Palm Beach,2369.0,2007
North Palm Beach,Palm Beach,12476.0,2007
Ocean Ridge,Palm Beach,1628.0,2007
Pahokee,Palm Beach,6479.0,2007
Palm Beach,Palm Beach,9744.0,2007
Palm Beach Gardens,Palm Beach,49387.0,2007
Palm Beach Shores,Palm Beach,1370.0,2007
Palm Springs,Palm Beach,15419.0,2007
Riviera Beach,Palm Beach,34470.0,2007
Royal Palm Beach,Palm Beach,31864.0,2007
South Bay,Palm Beach,4698.0,2007
South Palm Beach,Palm Beach,1528.0,2007
Tequesta,Palm Beach,5855.0,2007
Wellington,Palm Beach,55259.0,2007
West Palm Beach,Palm Beach,105068.0,2007
Dade City,Pasco,6906.0,2007
New Port Richey,Pasco,16747.0,2007
Port Richey,Pasco,3165.0,2007
San Antonio,Pasco,959.0,2007
St. Leo,Pasco,1320.0,2007
Zephyrhills,Pasco,12730.0,2007
Belleair,Pinellas,4158.0,2007
Belleair Beach,Pinellas,1617.0,2007
Belleair Bluffs,Pinellas,2181.0,2007
Belleair Shore,Pinellas,74.0,2007
Clearwater,Pinellas,110469.0,2007
Dunedin,Pinellas,37662.0,2007
Gulfport,Pinellas,12814.0,2007
Indian Rocks Beach,Pinellas,5300.0,2007
Indian Shores,Pinellas,1804.0,2007
Kenneth City,Pinellas,4567.0,2007
Largo,Pinellas,75924.0,2007
Madeira Beach,Pinellas,4525.0,2007
North Redington Beach,Pinellas,1504.0,2007
Oldsmar,Pinellas,13959.0,2007
Pinellas Park,Pinellas,49320.0,2007
Redington Beach,Pinellas,1597.0,2007
Redington Shores,Pinellas,2440.0,2007
Safety Harbor,Pinellas,17844.0,2007
Seminole,Pinellas,18739.0,2007
South Pasadena,Pinellas,5658.0,2007
St. Pete Beach,Pinellas,10086.0,2007
St. Petersburg,Pinellas,253369.0,2007
Tarpon Springs,Pinellas,24628.0,2007
Treasure Island,Pinellas,7597.0,2007
Auburndale,Polk,13883.0,2007
Bartow,Polk,16515.0,2007
Davenport,Polk,2439.0,2007
Dundee,Polk,3324.0,2007
Eagle Lake,Polk,2702.0,2007
Fort Meade,Polk,5987.0,2007
Frostproof,Polk,2900.0,2007
Haines City,Polk,18748.0,2007
Highland Park,Polk,246.0,2007
Hillcrest Heights,Polk,262.0,2007
Lake Alfred,Polk,4517.0,2007
Lake Hamilton,Polk,1405.0,2007
Lake Wales,Polk,13039.0,2007
Lakeland,Polk,93428.0,2007
Mulberry,Polk,3495.0,2007
Polk City,Polk,1798.0,2007
Winter Haven,Polk,33569.0,2007
Crescent City,Putnam,1778.0,2007
Interlachen,Putnam,1442.0,2007
Palatka,Putnam,11470.0,2007
Pomona Park,Putnam,787.0,2007
Welaka,Putnam,646.0,2007
Gulf Breeze,Santa Rosa,5805.0,2007
Jay,Santa Rosa,572.0,2007
Milton,Santa Rosa,7717.0,2007
North Port,Sarasota,53732.0,2007
Sarasota,Sarasota,55644.0,2007
Venice,Sarasota,22149.0,2007
Altamonte Springs,Seminole,43529.0,2007
Casselberry,Seminole,25013.0,2007
Lake Mary,Seminole,14288.0,2007
Longwood,Seminole,14062.0,2007
Oviedo,Seminole,32855.0,2007
Sanford,Seminole,53099.0,2007
Winter Springs,Seminole,34433.0,2007
Hastings,St. Johns,685.0,2007
St. Augustine,St. Johns,13912.0,2007
St. Augustine Beach,St. Johns,6031.0,2007
Fort Pierce,St. Lucie,41972.0,2007
Port St. Lucie,St. Lucie,155315.0,2007
St. Lucie Village,St. Lucie,635.0,2007
Bushnell,Sumter,2338.0,2007
Center Hill,Sumter,912.0,2007
Coleman,Sumter,647.0,2007
Webster,Sumter,777.0,2007
Wildwood,Sumter,4895.0,2007
Branford,Suwannee,700.0,2007
Live Oak,Suwannee,6855.0,2007
Perry,Taylor,6796.0,2007
Lake Butler,Union,1930.0,2007
Raiford,Union,271.0,2007
Worthington Springs,Union,508.0,2007
Daytona Beach,Volusia,64370.0,2007
Daytona Beach Shores,Volusia,5335.0,2007
DeBary,Volusia,18869.0,2007
DeLand,Volusia,26905.0,2007
Deltona,Volusia,86540.0,2007
Edgewater,Volusia,21770.0,2007
Holly Hill,Volusia,12494.0,2007
Lake Helen,Volusia,2905.0,2007
New Smyrna Beach,Volusia,23286.0,2007
Oak Hill,Volusia,2031.0,2007
Orange City,Volusia,9617.0,2007
Ormond Beach,Volusia,40941.0,2007
Pierson,Volusia,2657.0,2007
Ponce Inlet,Volusia,3279.0,2007
Port Orange,Volusia,56850.0,2007
South Daytona,Volusia,13547.0,2007
Sopchoppy,Wakulla,418.0,2007
St. Marks,Wakulla,323.0,2007
DeFuniak Springs,Walton,5288.0,2007
Freeport,Walton,1662.0,2007
Paxton,Walton,723.0,2007
Caryville,Washington,356.0,2007
Chipley,Washington,3679.0,2007
Ebro,Washington,259.0,2007
Vernon,Washington,769.0,2007
Wausau,Washington,434.0,2007
Incorporated Population,,9508495.0,2007
Total Population,,18680367.0,2007
Incorporated Pop. as % of Total Pop.,,0.509010074587935,2007
Alachua,Alachua,7657.0,2006
Archer,Alachua,1225.0,2006
Gainesville,Alachua,120919.0,2006
Hawthorne,Alachua,1401.0,2006
High Springs,Alachua,4576.0,2006
La Crosse,Alachua,190.0,2006
Micanopy,Alachua,626.0,2006
Newberry,Alachua,4414.0,2006
Waldo,Alachua,821.0,2006
Glen St. Mary,Baker,466.0,2006
Macclenny,Baker,5433.0,2006
Callaway,Bay,14789.0,2006
Cedar Grove,Bay,6325.0,2006
Lynn Haven,Bay,16436.0,2006
Mexico Beach,Bay,1164.0,2006
Panama City,Bay,37540.0,2006
Panama City Beach,Bay,10005.0,2006
Parker,Bay,4688.0,2006
Springfield,Bay,9017.0,2006
Brooker,Bradford,355.0,2006
Hampton,Bradford,425.0,2006
Lawtey,Bradford,667.0,2006
Starke,Bradford,6053.0,2006
Cape Canaveral,Brevard,10317.0,2006
Cocoa,Brevard,17395.0,2006
Cocoa Beach,Brevard,12785.0,2006
Indialantic,Brevard,2961.0,2006
Indian Harbour Beach,Brevard,8696.0,2006
Malabar,Brevard,2872.0,2006
Melbourne,Brevard,76742.0,2006
Melbourne Beach,Brevard,3308.0,2006
Melbourne Village,Brevard,715.0,2006
Palm Bay,Brevard,96683.0,2006
Palm Shores,Brevard,949.0,2006
Rockledge,Brevard,25225.0,2006
Satellite Beach,Brevard,10938.0,2006
Titusville,Brevard,44020.0,2006
West Melbourne,Brevard,15777.0,2006
Coconut Creek,Broward,48283.0,2006
Cooper City,Broward,29859.0,2006
Coral Springs,Broward,129615.0,2006
Dania Beach,Broward,28555.0,2006
Davie,Broward,84057.0,2006
Deerfield Beach,Broward,75603.0,2006
Fort Lauderdale,Broward,175836.0,2006
Hallandale Beach,Broward,35844.0,2006
Hillsboro Beach,Broward,2234.0,2006
Hollywood,Broward,143287.0,2006
Lauderdale Lakes,Broward,32161.0,2006
Lauderdale-By-The-Sea,Broward,5831.0,2006
Lauderhill,Broward,63134.0,2006
Lazy Lake,Broward,41.0,2006
Lighthouse Point,Broward,10899.0,2006
Margate,Broward,55332.0,2006
Miramar,Broward,110322.0,2006
North Lauderdale,Broward,41584.0,2006
Oakland Park,Broward,42427.0,2006
Parkland,Broward,21913.0,2006
Pembroke Park,Broward,5740.0,2006
Pembroke Pines,Broward,151786.0,2006
Plantation,Broward,84891.0,2006
Pompano Beach,Broward,101103.0,2006
Sea Ranch Lakes,Broward,730.0,2006
Southwest Ranches,Broward,7415.0,2006
Sunrise,Broward,89669.0,2006
Tamarac,Broward,59259.0,2006
Weston,Broward,61629.0,2006
West Park,Broward,13804.0,2006
Wilton Manors,Broward,12546.0,2006
Altha,Calhoun,562.0,2006
Blountstown,Calhoun,2476.0,2006
Punta Gorda,Charlotte,16952.0,2006
Crystal River,Citrus,3737.0,2006
Inverness,Citrus,7240.0,2006
Green Cove Springs,Clay,6381.0,2006
Keystone Heights,Clay,1411.0,2006
Orange Park,Clay,9034.0,2006
Penney Farms,Clay,633.0,2006
Everglades,Collier,527.0,2006
Marco Island,Collier,15719.0,2006
Naples,Collier,22970.0,2006
Fort White,Columbia,463.0,2006
Lake City,Columbia,10919.0,2006
Arcadia,De Soto,6755.0,2006
Cross City,Dixie,1768.0,2006
Horseshoe Beach,Dixie,274.0,2006
Atlantic Beach,Duval,14015.0,2006
Baldwin,Duval,1604.0,2006
Jacksonville,Duval,834789.0,2006
Jacksonville Beach,Duval,21544.0,2006
Neptune Beach,Duval,7283.0,2006
Century,Escambia,1755.0,2006
Pensacola,Escambia,55033.0,2006
Beverly Beach,Flagler,513.0,2006
Bunnell,Flagler,2513.0,2006
Palm Coast,Flagler,67832.0,2006
Marineland,Flagler/St. Johns,10.0,2006
Flagler Beach,Flagler/Volusia,5533.0,2006
Apalachicola,Franklin,2507.0,2006
Carrabelle,Franklin,1282.0,2006
Chattahoochee,Gadsden,3833.0,2006
Greensboro,Gadsden,652.0,2006
Gretna,Gadsden,1741.0,2006
Havana,Gadsden,1764.0,2006
Midway,Gadsden,1683.0,2006
Quincy,Gadsden,7300.0,2006
Bell,Gilchrist,452.0,2006
Trenton,Gilchrist,1686.0,2006
Fanning Springs,Gilchrist/Levy,932.0,2006
Moore Haven,Glades,1626.0,2006
Port St. Joe,Gulf,3791.0,2006
Wewahitchka,Gulf,1949.0,2006
Jasper,Hamilton,1705.0,2006
Jennings,Hamilton,805.0,2006
White Springs,Hamilton,774.0,2006
Bowling Green,Hardee,3084.0,2006
Wauchula,Hardee,4454.0,2006
Zolfo Springs,Hardee,1551.0,2006
Clewiston,Hendry,6573.0,2006
LaBelle,Hendry,4571.0,2006
Brooksville,Hernando,7322.0,2006
Weeki Wachee,Hernando,8.0,2006
Avon Park,Highlands,8792.0,2006
Lake Placid,Highlands,1762.0,2006
Sebring,Highlands,10218.0,2006
Plant City,Hillsborough,32834.0,2006
Tampa,Hillsborough,330886.0,2006
Temple Terrace,Hillsborough,23035.0,2006
Bonifay,Holmes,2732.0,2006
Esto,Holmes,379.0,2006
Noma,Holmes,213.0,2006
Ponce de Leon,Holmes,477.0,2006
Westville,Holmes,226.0,2006
Fellsmere,Indian River,4628.0,2006
Indian River Shores,Indian River,3722.0,2006
Orchid,Indian River,307.0,2006
Sebastian,Indian River,21666.0,2006
Vero Beach,Indian River,18160.0,2006
Alford,Jackson,492.0,2006
Bascom,Jackson,111.0,2006
Campbellton,Jackson,208.0,2006
Cottondale,Jackson,918.0,2006
Graceville,Jackson,2500.0,2006
Grand Ridge,Jackson,899.0,2006
Greenwood,Jackson,776.0,2006
Jacob City,Jackson,293.0,2006
Malone,Jackson,2300.0,2006
Marianna,Jackson,6562.0,2006
Sneads,Jackson,1996.0,2006
Monticello,Jefferson,2520.0,2006
Mayo,Lafayette,1025.0,2006
Astatula,Lake,1591.0,2006
Clermont,Lake,22097.0,2006
Eustis,Lake,17766.0,2006
Fruitland Park,Lake,3628.0,2006
Groveland,Lake,5923.0,2006
Howey-in-the-Hills,Lake,1156.0,2006
Lady Lake,Lake,12805.0,2006
Leesburg,Lake,18841.0,2006
Mascotte,Lake,4270.0,2006
Minneola,Lake,9440.0,2006
Montverde,Lake,1183.0,2006
Mount Dora,Lake,11125.0,2006
Tavares,Lake,12552.0,2006
Umatilla,Lake,2672.0,2006
Bonita Springs,Lee,43518.0,2006
Cape Coral,Lee,154499.0,2006
Fort Myers,Lee,65729.0,2006
Fort Myers Beach,Lee,6874.0,2006
Sanibel,Lee,6321.0,2006
Tallahassee,Leon,176336.0,2006
Bronson,Levy,1130.0,2006
Cedar Key,Levy,924.0,2006
Chiefland,Levy,2140.0,2006
Inglis,Levy,1731.0,2006
Otter Creek,Levy,143.0,2006
Williston,Levy,2425.0,2006
Yankeetown,Levy,759.0,2006
Bristol,Liberty,957.0,2006
Greenville,Madison,852.0,2006
Lee,Madison,380.0,2006
Madison,Madison,3106.0,2006
Anna Maria,Manatee,1847.0,2006
Bradenton,Manatee,54911.0,2006
Bradenton Beach,Manatee,1553.0,2006
Holmes Beach,Manatee,5038.0,2006
Palmetto,Manatee,13756.0,2006
Longboat Key,Manatee/Sarasota,7665.0,2006
Belleview,Marion,3859.0,2006
Dunnellon,Marion,2014.0,2006
McIntosh,Marion,446.0,2006
Ocala,Marion,51853.0,2006
Reddick,Marion,516.0,2006
Jupiter Island,Martin,628.0,2006
Ocean Breeze Park,Martin,421.0,2006
Sewall's Point,Martin,1995.0,2006
Stuart,Martin,16661.0,2006
Aventura,Miami-Dade,29451.0,2006
Bal Harbour,Miami-Dade,2973.0,2006
Bay Harbor Islands,Miami-Dade,5208.0,2006
Biscayne Park,Miami-Dade,3320.0,2006
Coral Gables,Miami-Dade,44404.0,2006
Cutler Bay,Miami-Dade,37103.0,2006
Doral,Miami-Dade,32541.0,2006
El Portal,Miami-Dade,2552.0,2006
Florida City,Miami-Dade,9195.0,2006
Golden Beach,Miami-Dade,942.0,2006
Hialeah,Miami-Dade,228344.0,2006
Hialeah Gardens,Miami-Dade,20476.0,2006
Homestead,Miami-Dade,43167.0,2006
Indian Creek,Miami-Dade,59.0,2006
Islandia,Miami-Dade,6.0,2006
Key Biscayne,Miami-Dade,11464.0,2006
Medley,Miami-Dade,1288.0,2006
Miami,Miami-Dade,391355.0,2006
Miami Beach,Miami-Dade,92145.0,2006
Miami Gardens,Miami-Dade,107579.0,2006
Miami Lakes,Miami-Dade,27292.0,2006
Miami Shores,Miami-Dade,10456.0,2006
Miami Springs,Miami-Dade,13723.0,2006
North Bay Village,Miami-Dade,5794.0,2006
North Miami,Miami-Dade,59734.0,2006
North Miami Beach,Miami-Dade,40688.0,2006
Opa-locka,Miami-Dade,15487.0,2006
Palmetto Bay,Miami-Dade,25142.0,2006
Pinecrest,Miami-Dade,19530.0,2006
South Miami,Miami-Dade,10528.0,2006
Sunny Isles Beach,Miami-Dade,18121.0,2006
Surfside,Miami-Dade,5635.0,2006
Sweetwater,Miami-Dade,14281.0,2006
Virginia Gardens,Miami-Dade,2371.0,2006
West Miami,Miami-Dade,5744.0,2006
Islamorada,Monroe,7057.0,2006
Key Colony Beach,Monroe,857.0,2006
Key West,Monroe,25319.0,2006
Layton,Monroe,206.0,2006
Marathon,Monroe,10605.0,2006
Callahan,Nassau,1345.0,2006
Fernandina Beach,Nassau,11815.0,2006
Hilliard,Nassau,2964.0,2006
Cinco Bayou,Okaloosa,382.0,2006
Crestview,Okaloosa,19494.0,2006
Destin,Okaloosa,12098.0,2006
Fort Walton Beach,Okaloosa,20882.0,2006
Laurel Hill,Okaloosa,581.0,2006
Mary Esther,Okaloosa,4264.0,2006
Niceville,Okaloosa,13221.0,2006
Shalimar,Okaloosa,730.0,2006
Valparaiso,Okaloosa,6537.0,2006
Okeechobee,Okeechobee,5673.0,2006
Apopka,Orange,37253.0,2006
Bay Lake,Orange,28.0,2006
Belle Isle,Orange,5891.0,2006
Eatonville,Orange,2547.0,2006
Edgewood,Orange,2160.0,2006
Lake Buena Vista,Orange,19.0,2006
Maitland,Orange,16055.0,2006
Oakland,Orange,1933.0,2006
Ocoee,Orange,32175.0,2006
Orlando,Orange,224055.0,2006
Windermere,Orange,2682.0,2006
Winter Garden,Orange,28440.0,2006
Winter Park,Orange,28620.0,2006
Kissimmee,Osceola,60241.0,2006
St. Cloud,Osceola,30035.0,2006
Atlantis,Palm Beach,2138.0,2006
Belle Glade,Palm Beach,16894.0,2006
Boca Raton,Palm Beach,85488.0,2006
Boynton Beach,Palm Beach,67071.0,2006
Briny Breezes,Palm Beach,418.0,2006
Cloud Lake,Palm Beach,164.0,2006
Delray Beach,Palm Beach,64095.0,2006
Glen Ridge,Palm Beach,265.0,2006
Golf,Palm Beach,232.0,2006
Greenacres,Palm Beach,31734.0,2006
Gulf Stream,Palm Beach,736.0,2006
Haverhill,Palm Beach,1554.0,2006
Highland Beach,Palm Beach,4157.0,2006
Hypoluxo,Palm Beach,2463.0,2006
Juno Beach,Palm Beach,3637.0,2006
Jupiter,Palm Beach,50028.0,2006
Jupiter Inlet Colony,Palm Beach,371.0,2006
Lake Clarke Shores,Palm Beach,3469.0,2006
Lake Park,Palm Beach,9113.0,2006
Lake Worth Beach,Palm Beach,36412.0,2006
Lantana,Palm Beach,10121.0,2006
Manalapan,Palm Beach,360.0,2006
Mangonia Park,Palm Beach,2539.0,2006
North Palm Beach,Palm Beach,12562.0,2006
Ocean Ridge,Palm Beach,1640.0,2006
Pahokee,Palm Beach,6419.0,2006
Palm Beach,Palm Beach,9706.0,2006
Palm Beach Gardens,Palm Beach,48176.0,2006
Palm Beach Shores,Palm Beach,1366.0,2006
Palm Springs,Palm Beach,14512.0,2006
Riviera Beach,Palm Beach,33408.0,2006
Royal Palm Beach,Palm Beach,30334.0,2006
South Bay,Palm Beach,4666.0,2006
South Palm Beach,Palm Beach,1526.0,2006
Tequesta,Palm Beach,5702.0,2006
Wellington,Palm Beach,55564.0,2006
West Palm Beach,Palm Beach,107617.0,2006
Dade City,Pasco,6856.0,2006
New Port Richey,Pasco,16645.0,2006
Port Richey,Pasco,3205.0,2006
St. Leo,Pasco,1250.0,2006
San Antonio,Pasco,948.0,2006
Zephyrhills,Pasco,12579.0,2006
Belleair,Pinellas,4144.0,2006
Belleair Beach,Pinellas,1619.0,2006
Belleair Bluffs,Pinellas,2232.0,2006
Belleair Shore,Pinellas,71.0,2006
Clearwater,Pinellas,110602.0,2006
Dunedin,Pinellas,37574.0,2006
Gulfport,Pinellas,12935.0,2006
Indian Rocks Beach,Pinellas,5345.0,2006
Indian Shores,Pinellas,1803.0,2006
Kenneth City,Pinellas,4551.0,2006
Largo,Pinellas,75850.0,2006
Madeira Beach,Pinellas,4514.0,2006
North Redington Beach,Pinellas,1509.0,2006
Oldsmar,Pinellas,13829.0,2006
Pinellas Park,Pinellas,48835.0,2006
Redington Beach,Pinellas,1583.0,2006
Redington Shores,Pinellas,2366.0,2006
Safety Harbor,Pinellas,17838.0,2006
St. Petersburg,Pinellas,254225.0,2006
St. Pete Beach,Pinellas,10050.0,2006
Seminole,Pinellas,18716.0,2006
South Pasadena,Pinellas,5758.0,2006
Tarpon Springs,Pinellas,24161.0,2006
Treasure Island,Pinellas,7505.0,2006
Auburndale,Polk,12512.0,2006
Bartow,Polk,16181.0,2006
Davenport,Polk,2344.0,2006
Dundee,Polk,3126.0,2006
Eagle Lake,Polk,2659.0,2006
Fort Meade,Polk,5877.0,2006
Frostproof,Polk,2991.0,2006
Haines City,Polk,17973.0,2006
Highland Park,Polk,246.0,2006
Hillcrest Heights,Polk,262.0,2006
Lake Alfred,Polk,4239.0,2006
Lake Hamilton,Polk,1409.0,2006
Lake Wales,Polk,12755.0,2006
Lakeland,Polk,91623.0,2006
Mulberry,Polk,3459.0,2006
Polk City,Polk,1831.0,2006
Winter Haven,Polk,31419.0,2006
Crescent City,Putnam,1787.0,2006
Interlachen,Putnam,1475.0,2006
Palatka,Putnam,11417.0,2006
Pomona Park,Putnam,796.0,2006
Welaka,Putnam,624.0,2006
Hastings,St. Johns,655.0,2006
St. Augustine,St. Johns,13702.0,2006
St. Augustine Beach,St. Johns,5908.0,2006
Fort Pierce,St. Lucie,41102.0,2006
Port St. Lucie,St. Lucie,144159.0,2006
St. Lucie Village,St. Lucie,622.0,2006
Gulf Breeze,Santa Rosa,5774.0,2006
Jay,Santa Rosa,554.0,2006
Milton,Santa Rosa,7689.0,2006
North Port,Sarasota,47770.0,2006
Sarasota,Sarasota,55364.0,2006
Venice,Sarasota,21584.0,2006
Altamonte Springs,Seminole,43054.0,2006
Casselberry,Seminole,24930.0,2006
Lake Mary,Seminole,14020.0,2006
Longwood,Seminole,13925.0,2006
Oviedo,Seminole,31946.0,2006
Sanford,Seminole,51227.0,2006
Winter Springs,Seminole,33971.0,2006
Bushnell,Sumter,2327.0,2006
Center Hill,Sumter,893.0,2006
Coleman,Sumter,655.0,2006
Webster,Sumter,767.0,2006
Wildwood,Sumter,4564.0,2006
Branford,Suwannee,711.0,2006
Live Oak,Suwannee,6634.0,2006
Perry,Taylor,6839.0,2006
Lake Butler,Union,1917.0,2006
Raiford,Union,251.0,2006
Worthington Springs,Union,494.0,2006
Daytona Beach,Volusia,64977.0,2006
Daytona Beach Shores,Volusia,4980.0,2006
DeBary,Volusia,18620.0,2006
DeLand,Volusia,26536.0,2006
Deltona,Volusia,85484.0,2006
Edgewater,Volusia,21572.0,2006
Holly Hill,Volusia,12614.0,2006
Lake Helen,Volusia,2893.0,2006
New Smyrna Beach,Volusia,22864.0,2006
Oak Hill,Volusia,2042.0,2006
Orange City,Volusia,9416.0,2006
Ormond Beach,Volusia,40294.0,2006
Pierson,Volusia,2645.0,2006
Ponce Inlet,Volusia,3271.0,2006
Port Orange,Volusia,56067.0,2006
South Daytona,Volusia,13773.0,2006
St. Marks,Wakulla,315.0,2006
Sopchoppy,Wakulla,415.0,2006
DeFuniak Springs,Walton,5387.0,2006
Freeport,Walton,1645.0,2006
Paxton,Walton,720.0,2006
Caryville,Washington,365.0,2006
Chipley,Washington,3653.0,2006
Ebro,Washington,259.0,2006
Vernon,Washington,789.0,2006
Wausau,Washington,436.0,2006
Incorporated Population,,9331989.0,2006
Total Population,,18349132.0,2006
Incorporated Pop. as % of Total Pop.,,0.5085793159044253,2006
Alachua,Alachua,7402.0,2005
Archer,Alachua,1230.0,2005
Gainesville,Alachua,119889.0,2005
Hawthorne,Alachua,1396.0,2005
High Springs,Alachua,4432.0,2005
La Crosse,Alachua,186.0,2005
Micanopy,Alachua,629.0,2005
Newberry,Alachua,4261.0,2005
Waldo,Alachua,832.0,2005
Glen St. Mary,Baker,473.0,2005
Macclenny,Baker,5210.0,2005
Callaway,Bay,14901.0,2005
Cedar Grove,Bay,6156.0,2005
Lynn Haven,Bay,15398.0,2005
Mexico Beach,Bay,1122.0,2005
Panama City,Bay,37238.0,2005
Panama City Beach,Bay,8972.0,2005
Parker,Bay,4709.0,2005
Springfield,Bay,9039.0,2005
Brooker,Bradford,321.0,2005
Hampton,Bradford,440.0,2005
Lawtey,Bradford,690.0,2005
Starke,Bradford,5820.0,2005
Cape Canaveral,Brevard,10034.0,2005
Cocoa,Brevard,17606.0,2005
Cocoa Beach,Brevard,12880.0,2005
Indialantic,Brevard,3059.0,2005
Indian Harbour Beach,Brevard,8672.0,2005
Malabar,Brevard,2843.0,2005
Melbourne,Brevard,75060.0,2005
Melbourne Beach,Brevard,3405.0,2005
Melbourne Village,Brevard,719.0,2005
Palm Bay,Brevard,91888.0,2005
Palm Shores,Brevard,942.0,2005
Rockledge,Brevard,24587.0,2005
Satellite Beach,Brevard,11205.0,2005
Titusville,Brevard,43751.0,2005
West Melbourne,Brevard,15059.0,2005
Coconut Creek,Broward,48340.0,2005
Cooper City,Broward,29369.0,2005
Coral Springs,Broward,126852.0,2005
Dania Beach,Broward,28647.0,2005
Davie,Broward,83726.0,2005
Deerfield Beach,Broward,75160.0,2005
Fort Lauderdale,Broward,171344.0,2005
Hallandale Beach,Broward,35716.0,2005
Hillsboro Beach,Broward,2302.0,2005
Hollywood,Broward,143025.0,2005
Lauderdale Lakes,Broward,32166.0,2005
Lauderdale-By-The-Sea,Broward,6278.0,2005
Lauderhill,Broward,58637.0,2005
Lazy Lake,Broward,34.0,2005
Lighthouse Point,Broward,10833.0,2005
Margate,Broward,54982.0,2005
Miramar,Broward,108387.0,2005
North Lauderdale,Broward,40925.0,2005
Oakland Park,Broward,31803.0,2005
Parkland,Broward,20073.0,2005
Pembroke Park,Broward,5778.0,2005
Pembroke Pines,Broward,151045.0,2005
Plantation,Broward,85157.0,2005
Pompano Beach,Broward,101712.0,2005
Sea Ranch Lakes,Broward,730.0,2005
Southwest Ranches,Broward,7447.0,2005
Sunrise,Broward,89736.0,2005
Tamarac,Broward,58711.0,2005
Weston,Broward,61042.0,2005
West Park,Broward,13721.0,2005
Wilton Manors,Broward,12439.0,2005
Altha,Calhoun,558.0,2005
Blountstown,Calhoun,2454.0,2005
Punta Gorda,Charlotte,16255.0,2005
Crystal River,Citrus,3710.0,2005
Inverness,Citrus,7208.0,2005
Green Cove Springs,Clay,6148.0,2005
Keystone Heights,Clay,1385.0,2005
Orange Park,Clay,9130.0,2005
Penney Farms,Clay,617.0,2005
Everglades,Collier,527.0,2005
Marco Island,Collier,15647.0,2005
Naples,Collier,22490.0,2005
Fort White,Columbia,444.0,2005
Lake City,Columbia,10681.0,2005
Arcadia,De Soto,6668.0,2005
Cross City,Dixie,1773.0,2005
Horseshoe Beach,Dixie,262.0,2005
Atlantic Beach,Duval,14079.0,2005
Baldwin,Duval,1636.0,2005
Jacksonville,Duval,816648.0,2005
Jacksonville Beach,Duval,21531.0,2005
Neptune Beach,Duval,7256.0,2005
Century,Escambia,1784.0,2005
Pensacola,Escambia,54827.0,2005
Beverly Beach,Flagler,529.0,2005
Bunnell,Flagler,2361.0,2005
Palm Coast,Flagler,58216.0,2005
Marineland,Flagler/St. Johns,10.0,2005
Flagler Beach,Flagler/Volusia,5510.0,2005
Apalachicola,Franklin,2484.0,2005
Carrabelle,Franklin,1300.0,2005
Chattahoochee,Gadsden,3901.0,2005
Greensboro,Gadsden,656.0,2005
Gretna,Gadsden,1735.0,2005
Havana,Gadsden,1789.0,2005
Midway,Gadsden,1568.0,2005
Quincy,Gadsden,7339.0,2005
Bell,Gilchrist,452.0,2005
Trenton,Gilchrist,1642.0,2005
Fanning Springs,Gilchrist/Levy,921.0,2005
Moore Haven,Glades,1655.0,2005
Port St. Joe,Gulf,3707.0,2005
Wewahitchka,Gulf,1728.0,2005
Jasper,Hamilton,1728.0,2005
Jennings,Hamilton,840.0,2005
White Springs,Hamilton,772.0,2005
Bowling Green,Hardee,3047.0,2005
Wauchula,Hardee,4112.0,2005
Zolfo Springs,Hardee,1548.0,2005
Clewiston,Hendry,6639.0,2005
LaBelle,Hendry,4529.0,2005
Brooksville,Hernando,7279.0,2005
Weeki Wachee,Hernando,8.0,2005
Avon Park,Highlands,8779.0,2005
Lake Placid,Highlands,1749.0,2005
Sebring,Highlands,10135.0,2005
Plant City,Hillsborough,32408.0,2005
Tampa,Hillsborough,326519.0,2005
Temple Terrace,Hillsborough,22020.0,2005
Bonifay,Holmes,2725.0,2005
Esto,Holmes,379.0,2005
Noma,Holmes,228.0,2005
Ponce de Leon,Holmes,477.0,2005
Westville,Holmes,234.0,2005
Fellsmere,Indian River,4322.0,2005
Indian River Shores,Indian River,3654.0,2005
Orchid,Indian River,302.0,2005
Sebastian,Indian River,20048.0,2005
Vero Beach,Indian River,17895.0,2005
Alford,Jackson,488.0,2005
Bascom,Jackson,110.0,2005
Campbellton,Jackson,212.0,2005
Cottondale,Jackson,911.0,2005
Graceville,Jackson,2474.0,2005
Grand Ridge,Jackson,910.0,2005
Greenwood,Jackson,770.0,2005
Jacob City,Jackson,284.0,2005
Malone,Jackson,2304.0,2005
Marianna,Jackson,6489.0,2005
Sneads,Jackson,1982.0,2005
Monticello,Jefferson,2554.0,2005
Mayo,Lafayette,1016.0,2005
Astatula,Lake,1461.0,2005
Clermont,Lake,20017.0,2005
Eustis,Lake,17249.0,2005
Fruitland Park,Lake,3463.0,2005
Groveland,Lake,4550.0,2005
Howey-in-the-Hills,Lake,1107.0,2005
Lady Lake,Lake,12709.0,2005
Leesburg,Lake,17467.0,2005
Mascotte,Lake,4001.0,2005
Minneola,Lake,8867.0,2005
Montverde,Lake,1157.0,2005
Mount Dora,Lake,10899.0,2005
Tavares,Lake,11340.0,2005
Umatilla,Lake,2509.0,2005
Bonita Springs,Lee,42300.0,2005
Cape Coral,Lee,140195.0,2005
Fort Myers,Lee,61412.0,2005
Fort Myers Beach,Lee,6849.0,2005
Sanibel,Lee,6272.0,2005
Tallahassee,Leon,174781.0,2005
Bronson,Levy,1100.0,2005
Cedar Key,Levy,918.0,2005
Chiefland,Levy,2107.0,2005
Inglis,Levy,1676.0,2005
Otter Creek,Levy,137.0,2005
Williston,Levy,2429.0,2005
Yankeetown,Levy,743.0,2005
Bristol,Liberty,942.0,2005
Greenville,Madison,870.0,2005
Lee,Madison,387.0,2005
Madison,Madison,3089.0,2005
Anna Maria,Manatee,1849.0,2005
Bradenton,Manatee,54303.0,2005
Bradenton Beach,Manatee,1588.0,2005
Holmes Beach,Manatee,5040.0,2005
Palmetto,Manatee,13272.0,2005
Longboat Key,Manatee/Sarasota,7662.0,2005
Belleview,Marion,3783.0,2005
Dunnellon,Marion,1970.0,2005
McIntosh,Marion,446.0,2005
Ocala,Marion,49439.0,2005
Reddick,Marion,520.0,2005
Jupiter Island,Martin,622.0,2005
Ocean Breeze Park,Martin,429.0,2005
Sewall's Point,Martin,1988.0,2005
Stuart,Martin,16504.0,2005
Aventura,Miami-Dade,28500.0,2005
Bal Harbour,Miami-Dade,3185.0,2005
Bay Harbor Islands,Miami-Dade,5212.0,2005
Biscayne Park,Miami-Dade,3328.0,2005
Coral Gables,Miami-Dade,44561.0,2005
Doral,Miami-Dade,30331.0,2005
El Portal,Miami-Dade,2539.0,2005
Florida City,Miami-Dade,8787.0,2005
Golden Beach,Miami-Dade,963.0,2005
Hialeah,Miami-Dade,230407.0,2005
Hialeah Gardens,Miami-Dade,20523.0,2005
Homestead,Miami-Dade,38396.0,2005
Indian Creek,Miami-Dade,56.0,2005
Islandia,Miami-Dade,6.0,2005
Key Biscayne,Miami-Dade,11425.0,2005
Medley,Miami-Dade,1132.0,2005
Miami,Miami-Dade,386882.0,2005
Miami Beach,Miami-Dade,93535.0,2005
Miami Gardens,Miami-Dade,105457.0,2005
Miami Lakes,Miami-Dade,24741.0,2005
Miami Shores,Miami-Dade,10486.0,2005
Miami Springs,Miami-Dade,13824.0,2005
North Bay Village,Miami-Dade,6498.0,2005
North Miami,Miami-Dade,60312.0,2005
North Miami Beach,Miami-Dade,41131.0,2005
Opa-locka,Miami-Dade,15439.0,2005
Palmetto Bay,Miami-Dade,24795.0,2005
Pinecrest,Miami-Dade,19460.0,2005
South Miami,Miami-Dade,10578.0,2005
Sunny Isles Beach,Miami-Dade,16703.0,2005
Surfside,Miami-Dade,5614.0,2005
Sweetwater,Miami-Dade,14373.0,2005
Virginia Gardens,Miami-Dade,2366.0,2005
West Miami,Miami-Dade,5844.0,2005
Islamorada,Monroe,7033.0,2005
Key Colony Beach,Monroe,852.0,2005
Key West,Monroe,26534.0,2005
Layton,Monroe,204.0,2005
Marathon,Monroe,10626.0,2005
Callahan,Nassau,1274.0,2005
Fernandina Beach,Nassau,11621.0,2005
Hilliard,Nassau,2920.0,2005
Cinco Bayou,Okaloosa,361.0,2005
Crestview,Okaloosa,18389.0,2005
Destin,Okaloosa,12071.0,2005
Fort Walton Beach,Okaloosa,20735.0,2005
Laurel Hill,Okaloosa,590.0,2005
Mary Esther,Okaloosa,4207.0,2005
Niceville,Okaloosa,13019.0,2005
Shalimar,Okaloosa,727.0,2005
Valparaiso,Okaloosa,6486.0,2005
Okeechobee,Okeechobee,5443.0,2005
Apopka,Orange,34801.0,2005
Bay Lake,Orange,28.0,2005
Belle Isle,Orange,5974.0,2005
Eatonville,Orange,2474.0,2005
Edgewood,Orange,2160.0,2005
Lake Buena Vista,Orange,19.0,2005
Maitland,Orange,15850.0,2005
Oakland,Orange,1861.0,2005
Ocoee,Orange,30597.0,2005
Orlando,Orange,217567.0,2005
Windermere,Orange,2443.0,2005
Winter Garden,Orange,24610.0,2005
Winter Park,Orange,27868.0,2005
Kissimmee,Osceola,58223.0,2005
St. Cloud,Osceola,24700.0,2005
Atlantis,Palm Beach,2151.0,2005
Belle Glade,Palm Beach,14994.0,2005
Boca Raton,Palm Beach,85311.0,2005
Boynton Beach,Palm Beach,65601.0,2005
Briny Breezes,Palm Beach,417.0,2005
Cloud Lake,Palm Beach,167.0,2005
Delray Beach,Palm Beach,63888.0,2005
Glen Ridge,Palm Beach,273.0,2005
Golf,Palm Beach,231.0,2005
Greenacres,Palm Beach,31270.0,2005
Gulf Stream,Palm Beach,736.0,2005
Haverhill,Palm Beach,1501.0,2005
Highland Beach,Palm Beach,4157.0,2005
Hypoluxo,Palm Beach,2459.0,2005
Juno Beach,Palm Beach,3596.0,2005
Jupiter,Palm Beach,48269.0,2005
Jupiter Inlet Colony,Palm Beach,373.0,2005
Lake Clarke Shores,Palm Beach,3466.0,2005
Lake Park,Palm Beach,9113.0,2005
Lake Worth Beach,Palm Beach,36040.0,2005
Lantana,Palm Beach,9574.0,2005
Manalapan,Palm Beach,355.0,2005
Mangonia Park,Palm Beach,2527.0,2005
North Palm Beach,Palm Beach,12553.0,2005
Ocean Ridge,Palm Beach,1654.0,2005
Pahokee,Palm Beach,6277.0,2005
Palm Beach,Palm Beach,9735.0,2005
Palm Beach Gardens,Palm Beach,45584.0,2005
Palm Beach Shores,Palm Beach,1383.0,2005
Palm Springs,Palm Beach,13850.0,2005
Riviera Beach,Palm Beach,33265.0,2005
Royal Palm Beach,Palm Beach,29845.0,2005
South Bay,Palm Beach,4092.0,2005
South Palm Beach,Palm Beach,1529.0,2005
Tequesta,Palm Beach,5686.0,2005
Wellington,Palm Beach,53429.0,2005
West Palm Beach,Palm Beach,101111.0,2005
Dade City,Pasco,6743.0,2005
New Port Richey,Pasco,16397.0,2005
Port Richey,Pasco,3187.0,2005
St. Leo,Pasco,1060.0,2005
San Antonio,Pasco,908.0,2005
Zephyrhills,Pasco,12033.0,2005
Belleair,Pinellas,4138.0,2005
Belleair Beach,Pinellas,1619.0,2005
Belleair Bluffs,Pinellas,2257.0,2005
Belleair Shore,Pinellas,72.0,2005
Clearwater,Pinellas,110831.0,2005
Dunedin,Pinellas,37426.0,2005
Gulfport,Pinellas,12899.0,2005
Indian Rocks Beach,Pinellas,5311.0,2005
Indian Shores,Pinellas,1799.0,2005
Kenneth City,Pinellas,4544.0,2005
Largo,Pinellas,74859.0,2005
Madeira Beach,Pinellas,4510.0,2005
North Redington Beach,Pinellas,1487.0,2005
Oldsmar,Pinellas,13848.0,2005
Pinellas Park,Pinellas,48403.0,2005
Redington Beach,Pinellas,1545.0,2005
Redington Shores,Pinellas,2357.0,2005
Safety Harbor,Pinellas,17892.0,2005
St. Petersburg,Pinellas,253902.0,2005
St. Pete Beach,Pinellas,10032.0,2005
Seminole,Pinellas,17944.0,2005
South Pasadena,Pinellas,5836.0,2005
Tarpon Springs,Pinellas,23660.0,2005
Treasure Island,Pinellas,7514.0,2005
Auburndale,Polk,11975.0,2005
Bartow,Polk,16043.0,2005
Davenport,Polk,2307.0,2005
Dundee,Polk,2957.0,2005
Eagle Lake,Polk,2521.0,2005
Fort Meade,Polk,5833.0,2005
Frostproof,Polk,2959.0,2005
Haines City,Polk,15905.0,2005
Highland Park,Polk,246.0,2005
Hillcrest Heights,Polk,260.0,2005
Lake Alfred,Polk,4043.0,2005
Lake Hamilton,Polk,1405.0,2005
Lake Wales,Polk,12390.0,2005
Lakeland,Polk,90851.0,2005
Mulberry,Polk,3433.0,2005
Polk City,Polk,1738.0,2005
Winter Haven,Polk,28724.0,2005
Crescent City,Putnam,1784.0,2005
Interlachen,Putnam,1470.0,2005
Palatka,Putnam,11154.0,2005
Pomona Park,Putnam,796.0,2005
Welaka,Putnam,613.0,2005
Hastings,St. Johns,639.0,2005
St. Augustine,St. Johns,13505.0,2005
St. Augustine Beach,St. Johns,5718.0,2005
Fort Pierce,St. Lucie,38569.0,2005
Port St. Lucie,St. Lucie,129135.0,2005
St. Lucie Village,St. Lucie,624.0,2005
Gulf Breeze,Santa Rosa,5765.0,2005
Jay,Santa Rosa,505.0,2005
Milton,Santa Rosa,7519.0,2005
North Port,Sarasota,41000.0,2005
Sarasota,Sarasota,54848.0,2005
Venice,Sarasota,20800.0,2005
Altamonte Springs,Seminole,42616.0,2005
Casselberry,Seminole,24899.0,2005
Lake Mary,Seminole,13922.0,2005
Longwood,Seminole,13913.0,2005
Oviedo,Seminole,30800.0,2005
Sanford,Seminole,49252.0,2005
Winter Springs,Seminole,33321.0,2005
Bushnell,Sumter,2299.0,2005
Center Hill,Sumter,907.0,2005
Coleman,Sumter,653.0,2005
Webster,Sumter,772.0,2005
Wildwood,Sumter,4115.0,2005
Branford,Suwannee,690.0,2005
Live Oak,Suwannee,6576.0,2005
Perry,Taylor,6832.0,2005
Lake Butler,Union,1924.0,2005
Raiford,Union,262.0,2005
Worthington Springs,Union,476.0,2005
Daytona Beach,Volusia,65129.0,2005
Daytona Beach Shores,Volusia,4661.0,2005
DeBary,Volusia,18222.0,2005
DeLand,Volusia,25055.0,2005
Deltona,Volusia,82973.0,2005
Edgewater,Volusia,21156.0,2005
Holly Hill,Volusia,12620.0,2005
Lake Helen,Volusia,2847.0,2005
New Smyrna Beach,Volusia,22025.0,2005
Oak Hill,Volusia,1922.0,2005
Orange City,Volusia,8854.0,2005
Ormond Beach,Volusia,39683.0,2005
Pierson,Volusia,2633.0,2005
Ponce Inlet,Volusia,3247.0,2005
Port Orange,Volusia,54630.0,2005
South Daytona,Volusia,13955.0,2005
St. Marks,Wakulla,311.0,2005
Sopchoppy,Wakulla,413.0,2005
DeFuniak Springs,Walton,5392.0,2005
Freeport,Walton,1214.0,2005
Paxton,Walton,689.0,2005
Caryville,Washington,356.0,2005
Chipley,Washington,3601.0,2005
Ebro,Washington,259.0,2005
Vernon,Washington,784.0,2005
Wausau,Washington,436.0,2005
Incorporated Population,,9071553.0,2005
Total Population,,17918227.0,2005
Incorporated Pop. as % of Total Pop.,,0.5062751465309598,2005
Alachua,Alachua,7121.0,2004
Archer,Alachua,1248.0,2004
Gainesville,Alachua,117754.0,2004
Hawthorne,Alachua,1367.0,2004
High Springs,Alachua,4330.0,2004
La Crosse,Alachua,168.0,2004
Micanopy,Alachua,631.0,2004
Newberry,Alachua,3960.0,2004
Waldo,Alachua,840.0,2004
Glen St. Mary,Baker,488.0,2004
Macclenny,Baker,5019.0,2004
Callaway,Bay,14808.0,2004
Cedar Grove,Bay,5882.0,2004
Lynn Haven,Bay,14776.0,2004
Mexico Beach,Bay,1107.0,2004
Panama City,Bay,37207.0,2004
Panama City Beach,Bay,8322.0,2004
Parker,Bay,4648.0,2004
Springfield,Bay,8925.0,2004
Brooker,Bradford,321.0,2004
Hampton,Bradford,445.0,2004
Lawtey,Bradford,686.0,2004
Starke,Bradford,5582.0,2004
Cape Canaveral,Brevard,9807.0,2004
Cocoa,Brevard,16610.0,2004
Cocoa Beach,Brevard,12850.0,2004
Indialantic,Brevard,3037.0,2004
Indian Harbour Beach,Brevard,8661.0,2004
Malabar,Brevard,2782.0,2004
Melbourne,Brevard,74644.0,2004
Melbourne Beach,Brevard,3422.0,2004
Melbourne Village,Brevard,719.0,2004
Palm Bay,Brevard,88572.0,2004
Palm Shores,Brevard,938.0,2004
Rockledge,Brevard,23383.0,2004
Satellite Beach,Brevard,10860.0,2004
Titusville,Brevard,43029.0,2004
West Melbourne,Brevard,13869.0,2004
Coconut Creek,Broward,47922.0,2004
Cooper City,Broward,29020.0,2004
Coral Springs,Broward,126711.0,2004
Dania Beach,Broward,28080.0,2004
Davie,Broward,81845.0,2004
Deerfield Beach,Broward,65113.0,2004
Fort Lauderdale,Broward,170297.0,2004
Hallandale Beach,Broward,35230.0,2004
Hillsboro Beach,Broward,2245.0,2004
Hollywood,Broward,142998.0,2004
Lauderdale Lakes,Broward,31752.0,2004
Lauderdale-By-The-Sea,Broward,6278.0,2004
Lauderhill,Broward,57936.0,2004
Lazy Lake,Broward,34.0,2004
Lighthouse Point,Broward,10857.0,2004
Margate,Broward,54455.0,2004
Miramar,Broward,101813.0,2004
North Lauderdale,Broward,40281.0,2004
Oakland Park,Broward,31810.0,2004
Parkland,Broward,19374.0,2004
Pembroke Park,Broward,5708.0,2004
Pembroke Pines,Broward,150435.0,2004
Plantation,Broward,84604.0,2004
Pompano Beach,Broward,87184.0,2004
Sea Ranch Lakes,Broward,727.0,2004
Southwest Ranches,Broward,7443.0,2004
Sunrise,Broward,88976.0,2004
Tamarac,Broward,57726.0,2004
Weston,Broward,60636.0,2004
Wilton Manors,Broward,12282.0,2004
Altha,Calhoun,548.0,2004
Blountstown,Calhoun,2452.0,2004
Punta Gorda,Charlotte,17168.0,2004
Crystal River,Citrus,3685.0,2004
Inverness,Citrus,7105.0,2004
Green Cove Springs,Clay,5957.0,2004
Keystone Heights,Clay,1383.0,2004
Orange Park,Clay,9093.0,2004
Penney Farms,Clay,627.0,2004
Everglades,Collier,527.0,2004
Marco Island,Collier,15576.0,2004
Naples,Collier,22443.0,2004
Fort White,Columbia,423.0,2004
Lake City,Columbia,10657.0,2004
Arcadia,De Soto,6854.0,2004
Cross City,Dixie,1801.0,2004
Horseshoe Beach,Dixie,245.0,2004
Atlantic Beach,Duval,14064.0,2004
Baldwin,Duval,1641.0,2004
Jacksonville,Duval,795985.0,2004
Jacksonville Beach,Duval,21544.0,2004
Neptune Beach,Duval,7240.0,2004
Century,Escambia,1728.0,2004
Pensacola,Escambia,56366.0,2004
Beverly Beach,Flagler,557.0,2004
Bunnell,Flagler,2239.0,2004
Palm Coast,Flagler,50484.0,2004
Marineland,Flagler/St. Johns,10.0,2004
Flagler Beach,Flagler/Volusia,5487.0,2004
Apalachicola,Franklin,2412.0,2004
Carrabelle,Franklin,1306.0,2004
Chattahoochee,Gadsden,3710.0,2004
Greensboro,Gadsden,642.0,2004
Gretna,Gadsden,1748.0,2004
Havana,Gadsden,1745.0,2004
Midway,Gadsden,1487.0,2004
Quincy,Gadsden,7340.0,2004
Bell,Gilchrist,433.0,2004
Trenton,Gilchrist,1631.0,2004
Fanning Springs,Gilchrist/Levy,878.0,2004
Moore Haven,Glades,1650.0,2004
Port St. Joe,Gulf,3661.0,2004
Wewahitchka,Gulf,1728.0,2004
Jasper,Hamilton,1719.0,2004
Jennings,Hamilton,836.0,2004
White Springs,Hamilton,760.0,2004
Bowling Green,Hardee,3072.0,2004
Wauchula,Hardee,4405.0,2004
Zolfo Springs,Hardee,1662.0,2004
Clewiston,Hendry,6710.0,2004
LaBelle,Hendry,4387.0,2004
Brooksville,Hernando,7279.0,2004
Weeki Wachee,Hernando,8.0,2004
Avon Park,Highlands,8772.0,2004
Lake Placid,Highlands,1715.0,2004
Sebring,Highlands,10039.0,2004
Plant City,Hillsborough,32002.0,2004
Tampa,Hillsborough,323663.0,2004
Temple Terrace,Hillsborough,21949.0,2004
Bonifay,Holmes,2677.0,2004
Esto,Holmes,379.0,2004
Noma,Holmes,230.0,2004
Ponce de Leon,Holmes,465.0,2004
Westville,Holmes,226.0,2004
Fellsmere,Indian River,4284.0,2004
Indian River Shores,Indian River,3647.0,2004
Orchid,Indian River,304.0,2004
Sebastian,Indian River,19365.0,2004
Vero Beach,Indian River,18012.0,2004
Alford,Jackson,484.0,2004
Bascom,Jackson,109.0,2004
Campbellton,Jackson,216.0,2004
Cottondale,Jackson,901.0,2004
Graceville,Jackson,2484.0,2004
Grand Ridge,Jackson,902.0,2004
Greenwood,Jackson,763.0,2004
Jacob City,Jackson,291.0,2004
Malone,Jackson,2041.0,2004
Marianna,Jackson,6444.0,2004
Sneads,Jackson,1960.0,2004
Monticello,Jefferson,2537.0,2004
Mayo,Lafayette,1022.0,2004
Astatula,Lake,1393.0,2004
Clermont,Lake,17654.0,2004
Eustis,Lake,16884.0,2004
Fruitland Park,Lake,3335.0,2004
Groveland,Lake,4249.0,2004
Howey-in-the-Hills,Lake,1057.0,2004
Lady Lake,Lake,12666.0,2004
Leesburg,Lake,16679.0,2004
Mascotte,Lake,3739.0,2004
Minneola,Lake,7838.0,2004
Montverde,Lake,1080.0,2004
Mount Dora,Lake,10758.0,2004
Tavares,Lake,10938.0,2004
Umatilla,Lake,2405.0,2004
Bonita Springs,Lee,41070.0,2004
Cape Coral,Lee,132379.0,2004
Fort Myers,Lee,57585.0,2004
Fort Myers Beach,Lee,6945.0,2004
Sanibel,Lee,6335.0,2004
Tallahassee,Leon,169136.0,2004
Bronson,Levy,987.0,2004
Cedar Key,Levy,849.0,2004
Chiefland,Levy,2031.0,2004
Inglis,Levy,1637.0,2004
Otter Creek,Levy,137.0,2004
Williston,Levy,2327.0,2004
Yankeetown,Levy,702.0,2004
Bristol,Liberty,942.0,2004
Greenville,Madison,847.0,2004
Lee,Madison,387.0,2004
Madison,Madison,3095.0,2004
Anna Maria,Manatee,1848.0,2004
Bradenton,Manatee,52599.0,2004
Bradenton Beach,Manatee,1513.0,2004
Holmes Beach,Manatee,5026.0,2004
Palmetto,Manatee,13035.0,2004
Longboat Key,Manatee/Sarasota,7665.0,2004
Belleview,Marion,3692.0,2004
Dunnellon,Marion,1931.0,2004
McIntosh,Marion,448.0,2004
Ocala,Marion,47371.0,2004
Reddick,Marion,523.0,2004
Jupiter Island,Martin,619.0,2004
Ocean Breeze Park,Martin,455.0,2004
Sewall's Point,Martin,1991.0,2004
Stuart,Martin,15922.0,2004
Aventura,Miami-Dade,28207.0,2004
Bal Harbour,Miami-Dade,3409.0,2004
Bay Harbor Islands,Miami-Dade,5201.0,2004
Biscayne Park,Miami-Dade,3555.0,2004
Coral Gables,Miami-Dade,44345.0,2004
Doral,Miami-Dade,30285.0,2004
El Portal,Miami-Dade,2550.0,2004
Florida City,Miami-Dade,8715.0,2004
Golden Beach,Miami-Dade,997.0,2004
Hialeah,Miami-Dade,233566.0,2004
Hialeah Gardens,Miami-Dade,20441.0,2004
Homestead,Miami-Dade,36501.0,2004
Indian Creek,Miami-Dade,33.0,2004
Islandia,Miami-Dade,6.0,2004
Key Biscayne,Miami-Dade,11160.0,2004
Medley,Miami-Dade,1123.0,2004
Miami,Miami-Dade,379550.0,2004
Miami Beach,Miami-Dade,91540.0,2004
Miami Gardens,Miami-Dade,105414.0,2004
Miami Lakes,Miami-Dade,24835.0,2004
Miami Shores,Miami-Dade,10462.0,2004
Miami Springs,Miami-Dade,13783.0,2004
North Bay Village,Miami-Dade,6614.0,2004
North Miami,Miami-Dade,60101.0,2004
North Miami Beach,Miami-Dade,42359.0,2004
Opa-locka,Miami-Dade,16116.0,2004
Palmetto Bay,Miami-Dade,24903.0,2004
Pinecrest,Miami-Dade,19317.0,2004
South Miami,Miami-Dade,10891.0,2004
Sunny Isles Beach,Miami-Dade,16580.0,2004
Surfside,Miami-Dade,5564.0,2004
Sweetwater,Miami-Dade,14267.0,2004
Virginia Gardens,Miami-Dade,2356.0,2004
West Miami,Miami-Dade,6132.0,2004
Islamorada,Monroe,6993.0,2004
Key Colony Beach,Monroe,836.0,2004
Key West,Monroe,26215.0,2004
Layton,Monroe,195.0,2004
Marathon,Monroe,10391.0,2004
Callahan,Nassau,1141.0,2004
Fernandina Beach,Nassau,11541.0,2004
Hilliard,Nassau,2853.0,2004
Cinco Bayou,Okaloosa,366.0,2004
Crestview,Okaloosa,17026.0,2004
Destin,Okaloosa,12015.0,2004
Fort Walton Beach,Okaloosa,20619.0,2004
Laurel Hill,Okaloosa,569.0,2004
Mary Esther,Okaloosa,4211.0,2004
Niceville,Okaloosa,12791.0,2004
Shalimar,Okaloosa,723.0,2004
Valparaiso,Okaloosa,6492.0,2004
Okeechobee,Okeechobee,5458.0,2004
Apopka,Orange,32951.0,2004
Bay Lake,Orange,28.0,2004
Belle Isle,Orange,6082.0,2004
Eatonville,Orange,2467.0,2004
Edgewood,Orange,2160.0,2004
Lake Buena Vista,Orange,19.0,2004
Maitland,Orange,16476.0,2004
Oakland,Orange,1678.0,2004
Ocoee,Orange,29215.0,2004
Orlando,Orange,208900.0,2004
Windermere,Orange,2329.0,2004
Winter Garden,Orange,22242.0,2004
Winter Park,Orange,26860.0,2004
Kissimmee,Osceola,55856.0,2004
St. Cloud,Osceola,24392.0,2004
Atlantis,Palm Beach,2151.0,2004
Belle Glade,Palm Beach,14956.0,2004
Boca Raton,Palm Beach,79838.0,2004
Boynton Beach,Palm Beach,65208.0,2004
Briny Breezes,Palm Beach,412.0,2004
Cloud Lake,Palm Beach,170.0,2004
Delray Beach,Palm Beach,63439.0,2004
Glen Ridge,Palm Beach,276.0,2004
Golf,Palm Beach,228.0,2004
Greenacres,Palm Beach,30533.0,2004
Gulf Stream,Palm Beach,717.0,2004
Haverhill,Palm Beach,1516.0,2004
Highland Beach,Palm Beach,4019.0,2004
Hypoluxo,Palm Beach,2472.0,2004
Juno Beach,Palm Beach,3591.0,2004
Jupiter,Palm Beach,46072.0,2004
Jupiter Inlet Colony,Palm Beach,378.0,2004
Lake Clarke Shores,Palm Beach,3473.0,2004
Lake Park,Palm Beach,9105.0,2004
Lake Worth Beach,Palm Beach,35574.0,2004
Lantana,Palm Beach,9526.0,2004
Manalapan,Palm Beach,339.0,2004
Mangonia Park,Palm Beach,2519.0,2004
North Palm Beach,Palm Beach,12535.0,2004
Ocean Ridge,Palm Beach,1657.0,2004
Pahokee,Palm Beach,6240.0,2004
Palm Beach,Palm Beach,9662.0,2004
Palm Beach Gardens,Palm Beach,42384.0,2004
Palm Beach Shores,Palm Beach,1474.0,2004
Palm Springs,Palm Beach,13853.0,2004
Riviera Beach,Palm Beach,32916.0,2004
Royal Palm Beach,Palm Beach,29261.0,2004
South Bay,Palm Beach,4079.0,2004
South Palm Beach,Palm Beach,1531.0,2004
Tequesta,Palm Beach,5648.0,2004
Wellington,Palm Beach,49582.0,2004
West Palm Beach,Palm Beach,97708.0,2004
Dade City,Pasco,6615.0,2004
New Port Richey,Pasco,16334.0,2004
Port Richey,Pasco,3167.0,2004
St. Leo,Pasco,894.0,2004
San Antonio,Pasco,828.0,2004
Zephyrhills,Pasco,11828.0,2004
Belleair,Pinellas,4107.0,2004
Belleair Beach,Pinellas,1632.0,2004
Belleair Bluffs,Pinellas,2240.0,2004
Belleair Shore,Pinellas,72.0,2004
Clearwater,Pinellas,110325.0,2004
Dunedin,Pinellas,37217.0,2004
Gulfport,Pinellas,12860.0,2004
Indian Rocks Beach,Pinellas,5288.0,2004
Indian Shores,Pinellas,1796.0,2004
Kenneth City,Pinellas,4539.0,2004
Largo,Pinellas,72817.0,2004
Madeira Beach,Pinellas,4504.0,2004
North Redington Beach,Pinellas,1543.0,2004
Oldsmar,Pinellas,13737.0,2004
Pinellas Park,Pinellas,47572.0,2004
Redington Beach,Pinellas,1592.0,2004
Redington Shores,Pinellas,2341.0,2004
Safety Harbor,Pinellas,17800.0,2004
St. Petersburg,Pinellas,253010.0,2004
St. Pete Beach,Pinellas,10004.0,2004
Seminole,Pinellas,17799.0,2004
South Pasadena,Pinellas,5837.0,2004
Tarpon Springs,Pinellas,23170.0,2004
Treasure Island,Pinellas,7532.0,2004
Auburndale,Polk,11928.0,2004
Bartow,Polk,15709.0,2004
Davenport,Polk,2248.0,2004
Dundee,Polk,2986.0,2004
Eagle Lake,Polk,2511.0,2004
Fort Meade,Polk,5828.0,2004
Frostproof,Polk,2978.0,2004
Haines City,Polk,14771.0,2004
Highland Park,Polk,251.0,2004
Hillcrest Heights,Polk,266.0,2004
Lake Alfred,Polk,4004.0,2004
Lake Hamilton,Polk,1379.0,2004
Lake Wales,Polk,12433.0,2004
Lakeland,Polk,89731.0,2004
Mulberry,Polk,3402.0,2004
Polk City,Polk,1720.0,2004
Winter Haven,Polk,27885.0,2004
Crescent City,Putnam,1787.0,2004
Interlachen,Putnam,1496.0,2004
Palatka,Putnam,10820.0,2004
Pomona Park,Putnam,796.0,2004
Welaka,Putnam,600.0,2004
Hastings,St. Johns,635.0,2004
St. Augustine,St. Johns,13363.0,2004
St. Augustine Beach,St. Johns,5578.0,2004
Fort Pierce,St. Lucie,39044.0,2004
Port St. Lucie,St. Lucie,115155.0,2004
St. Lucie Village,St. Lucie,628.0,2004
Gulf Breeze,Santa Rosa,5790.0,2004
Jay,Santa Rosa,586.0,2004
Milton,Santa Rosa,7512.0,2004
North Port,Sarasota,35721.0,2004
Sarasota,Sarasota,54639.0,2004
Venice,Sarasota,20035.0,2004
Altamonte Springs,Seminole,42499.0,2004
Casselberry,Seminole,24741.0,2004
Lake Mary,Seminole,13792.0,2004
Longwood,Seminole,13886.0,2004
Oviedo,Seminole,29928.0,2004
Sanford,Seminole,46078.0,2004
Winter Springs,Seminole,32955.0,2004
Bushnell,Sumter,2265.0,2004
Center Hill,Sumter,904.0,2004
Coleman,Sumter,649.0,2004
Webster,Sumter,800.0,2004
Wildwood,Sumter,3987.0,2004
Branford,Suwannee,693.0,2004
Live Oak,Suwannee,6545.0,2004
Perry,Taylor,6823.0,2004
Lake Butler,Union,1933.0,2004
Raiford,Union,271.0,2004
Worthington Springs,Union,479.0,2004
Daytona Beach,Volusia,65077.0,2004
Daytona Beach Shores,Volusia,4568.0,2004
DeBary,Volusia,17856.0,2004
DeLand,Volusia,23829.0,2004
Deltona,Volusia,80052.0,2004
Edgewater,Volusia,20637.0,2004
Holly Hill,Volusia,12612.0,2004
Lake Helen,Volusia,2834.0,2004
New Smyrna Beach,Volusia,21334.0,2004
Oak Hill,Volusia,1841.0,2004
Orange City,Volusia,7900.0,2004
Ormond Beach,Volusia,39009.0,2004
Pierson,Volusia,2636.0,2004
Ponce Inlet,Volusia,3160.0,2004
Port Orange,Volusia,53217.0,2004
South Daytona,Volusia,13945.0,2004
St. Marks,Wakulla,306.0,2004
Sopchoppy,Wakulla,415.0,2004
DeFuniak Springs,Walton,5207.0,2004
Freeport,Walton,1234.0,2004
Paxton,Walton,690.0,2004
Caryville,Washington,356.0,2004
Chipley,Washington,3554.0,2004
Ebro,Washington,241.0,2004
Vernon,Washington,779.0,2004
Wausau,Washington,434.0,2004
Incorporated Population,,8848451.0,2004
Total Population,,17516732.0,2004
Incorporated Pop. as % of Total Pop.,,0.5051427971838582,2004
Alachua,Alachua,6721.0,2003
Archer,Alachua,1263.0,2003
Gainesville,Alachua,117182.0,2003
Hawthorne,Alachua,1394.0,2003
High Springs,Alachua,4206.0,2003
La Crosse,Alachua,151.0,2003
Micanopy,Alachua,638.0,2003
Newberry,Alachua,3757.0,2003
Waldo,Alachua,823.0,2003
Glen St. Mary,Baker,493.0,2003
Macclenny,Baker,4855.0,2003
Callaway,Bay,14680.0,2003
Cedar Grove,Bay,5628.0,2003
Lynn Haven,Bay,14099.0,2003
Mexico Beach,Bay,1121.0,2003
Panama City,Bay,36541.0,2003
Panama City Beach,Bay,7920.0,2003
Parker,Bay,4701.0,2003
Springfield,Bay,8879.0,2003
Brooker,Bradford,321.0,2003
Hampton,Bradford,423.0,2003
Lawtey,Bradford,680.0,2003
Starke,Bradford,5549.0,2003
Cape Canaveral,Brevard,9496.0,2003
Cocoa,Brevard,16356.0,2003
Cocoa Beach,Brevard,12761.0,2003
Indialantic,Brevard,3030.0,2003
Indian Harbour Beach,Brevard,8535.0,2003
Malabar,Brevard,2713.0,2003
Melbourne,Brevard,73597.0,2003
Melbourne Beach,Brevard,3424.0,2003
Melbourne Village,Brevard,718.0,2003
Palm Bay,Brevard,84994.0,2003
Palm Shores,Brevard,836.0,2003
Rockledge,Brevard,22660.0,2003
Satellite Beach,Brevard,9732.0,2003
Titusville,Brevard,42220.0,2003
West Melbourne,Brevard,12049.0,2003
Coconut Creek,Broward,47471.0,2003
Cooper City,Broward,28629.0,2003
Coral Springs,Broward,124162.0,2003
Dania Beach,Broward,27270.0,2003
Davie,Broward,79763.0,2003
Deerfield Beach,Broward,64748.0,2003
Fort Lauderdale,Broward,169168.0,2003
Hallandale Beach,Broward,34908.0,2003
Hillsboro Beach,Broward,2217.0,2003
Hollywood,Broward,142591.0,2003
Lauderdale Lakes,Broward,31601.0,2003
Lauderdale-By-The-Sea,Broward,6243.0,2003
Lauderhill,Broward,57839.0,2003
Lazy Lake,Broward,38.0,2003
Lighthouse Point,Broward,10836.0,2003
Margate,Broward,54070.0,2003
Miramar,Broward,95921.0,2003
North Lauderdale,Broward,33449.0,2003
Oakland Park,Broward,31738.0,2003
Parkland,Broward,18312.0,2003
Pembroke Park,Broward,6566.0,2003
Pembroke Pines,Broward,148280.0,2003
Plantation,Broward,83968.0,2003
Pompano Beach,Broward,86334.0,2003
Sea Ranch Lakes,Broward,727.0,2003
Southwest Ranches,Broward,7415.0,2003
Sunrise,Broward,87489.0,2003
Tamarac,Broward,56881.0,2003
Weston,Broward,59314.0,2003
Wilton Manors,Broward,12414.0,2003
Altha,Calhoun,555.0,2003
Blountstown,Calhoun,2415.0,2003
Punta Gorda,Charlotte,16591.0,2003
Crystal River,Citrus,3656.0,2003
Inverness,Citrus,7020.0,2003
Green Cove Springs,Clay,5700.0,2003
Keystone Heights,Clay,1360.0,2003
Orange Park,Clay,9119.0,2003
Penney Farms,Clay,603.0,2003
Everglades,Collier,522.0,2003
Marco Island,Collier,15346.0,2003
Naples,Collier,22343.0,2003
Fort White,Columbia,409.0,2003
Lake City,Columbia,10651.0,2003
Arcadia,De Soto,6860.0,2003
Cross City,Dixie,1815.0,2003
Horseshoe Beach,Dixie,241.0,2003
Atlantic Beach,Duval,13911.0,2003
Baldwin,Duval,1624.0,2003
Jacksonville,Duval,782381.0,2003
Jacksonville Beach,Duval,21146.0,2003
Neptune Beach,Duval,7217.0,2003
Century,Escambia,1735.0,2003
Pensacola,Escambia,56307.0,2003
Beverly Beach,Flagler,555.0,2003
Bunnell,Flagler,2192.0,2003
Palm Coast,Flagler,42850.0,2003
Marineland,Flagler/St. Johns,10.0,2003
Flagler Beach,Flagler/Volusia,5411.0,2003
Apalachicola,Franklin,2387.0,2003
Carrabelle,Franklin,1303.0,2003
Chattahoochee,Gadsden,3966.0,2003
Greensboro,Gadsden,635.0,2003
Gretna,Gadsden,1752.0,2003
Havana,Gadsden,1752.0,2003
Midway,Gadsden,1499.0,2003
Quincy,Gadsden,7352.0,2003
Bell,Gilchrist,404.0,2003
Trenton,Gilchrist,1581.0,2003
Fanning Springs,Gilchrist/Levy,877.0,2003
Moore Haven,Glades,1676.0,2003
Port St. Joe,Gulf,3632.0,2003
Wewahitchka,Gulf,1726.0,2003
Jasper,Hamilton,1769.0,2003
Jennings,Hamilton,830.0,2003
White Springs,Hamilton,791.0,2003
Bowling Green,Hardee,3012.0,2003
Wauchula,Hardee,4327.0,2003
Zolfo Springs,Hardee,1642.0,2003
Clewiston,Hendry,6572.0,2003
LaBelle,Hendry,4339.0,2003
Brooksville,Hernando,7297.0,2003
Weeki Wachee,Hernando,8.0,2003
Avon Park,Highlands,8596.0,2003
Lake Placid,Highlands,1686.0,2003
Sebring,Highlands,9853.0,2003
Plant City,Hillsborough,31841.0,2003
Tampa,Hillsborough,318258.0,2003
Temple Terrace,Hillsborough,21862.0,2003
Bonifay,Holmes,2700.0,2003
Esto,Holmes,379.0,2003
Noma,Holmes,230.0,2003
Ponce de Leon,Holmes,457.0,2003
Westville,Holmes,208.0,2003
Fellsmere,Indian River,4173.0,2003
Indian River Shores,Indian River,3574.0,2003
Orchid,Indian River,299.0,2003
Sebastian,Indian River,18275.0,2003
Vero Beach,Indian River,17945.0,2003
Alford,Jackson,478.0,2003
Bascom,Jackson,107.0,2003
Campbellton,Jackson,216.0,2003
Cottondale,Jackson,892.0,2003
Graceville,Jackson,2450.0,2003
Grand Ridge,Jackson,889.0,2003
Greenwood,Jackson,755.0,2003
Jacob City,Jackson,291.0,2003
Malone,Jackson,1959.0,2003
Marianna,Jackson,6383.0,2003
Sneads,Jackson,1958.0,2003
Monticello,Jefferson,2533.0,2003
Mayo,Lafayette,1012.0,2003
Astatula,Lake,1381.0,2003
Clermont,Lake,15373.0,2003
Eustis,Lake,16305.0,2003
Fruitland Park,Lake,3265.0,2003
Groveland,Lake,3726.0,2003
Howey-in-the-Hills,Lake,1016.0,2003
Lady Lake,Lake,12556.0,2003
Leesburg,Lake,16290.0,2003
Mascotte,Lake,3469.0,2003
Minneola,Lake,7124.0,2003
Montverde,Lake,1041.0,2003
Mount Dora,Lake,10594.0,2003
Tavares,Lake,10699.0,2003
Umatilla,Lake,2359.0,2003
Bonita Springs,Lee,39906.0,2003
Cape Coral,Lee,120439.0,2003
Fort Myers,Lee,52527.0,2003
Fort Myers Beach,Lee,6792.0,2003
Sanibel,Lee,6224.0,2003
Tallahassee,Leon,162310.0,2003
Bronson,Levy,966.0,2003
Cedar Key,Levy,819.0,2003
Chiefland,Levy,2008.0,2003
Inglis,Levy,1599.0,2003
Otter Creek,Levy,135.0,2003
Williston,Levy,2304.0,2003
Yankeetown,Levy,679.0,2003
Bristol,Liberty,932.0,2003
Greenville,Madison,870.0,2003
Lee,Madison,365.0,2003
Madison,Madison,3079.0,2003
Anna Maria,Manatee,1830.0,2003
Bradenton,Manatee,52181.0,2003
Bradenton Beach,Manatee,1505.0,2003
Holmes Beach,Manatee,5015.0,2003
Palmetto,Manatee,12944.0,2003
Longboat Key,Manatee/Sarasota,7668.0,2003
Belleview,Marion,3612.0,2003
Dunnellon,Marion,1922.0,2003
McIntosh,Marion,450.0,2003
Ocala,Marion,47139.0,2003
Reddick,Marion,530.0,2003
Jupiter Island,Martin,619.0,2003
Ocean Breeze Park,Martin,449.0,2003
Sewall's Point,Martin,1986.0,2003
Stuart,Martin,15275.0,2003
Aventura,Miami-Dade,27241.0,2003
Bal Harbour,Miami-Dade,3312.0,2003
Bay Harbor Islands,Miami-Dade,5188.0,2003
Biscayne Park,Miami-Dade,3485.0,2003
Coral Gables,Miami-Dade,43216.0,2003
El Portal,Miami-Dade,2530.0,2003
Florida City,Miami-Dade,8466.0,2003
Golden Beach,Miami-Dade,930.0,2003
Hialeah,Miami-Dade,233388.0,2003
Hialeah Gardens,Miami-Dade,20106.0,2003
Homestead,Miami-Dade,34989.0,2003
Indian Creek,Miami-Dade,31.0,2003
Islandia,Miami-Dade,6.0,2003
Key Biscayne,Miami-Dade,11100.0,2003
Medley,Miami-Dade,1130.0,2003
Miami,Miami-Dade,372920.0,2003
Miami Beach,Miami-Dade,90486.0,2003
Miami Lakes,Miami-Dade,24523.0,2003
Miami Shores,Miami-Dade,10441.0,2003
Miami Springs,Miami-Dade,13725.0,2003
North Bay Village,Miami-Dade,6613.0,2003
North Miami,Miami-Dade,60069.0,2003
North Miami Beach,Miami-Dade,42167.0,2003
Opa-locka,Miami-Dade,15592.0,2003
Palmetto Bay,Miami-Dade,24789.0,2003
Pinecrest,Miami-Dade,19286.0,2003
South Miami,Miami-Dade,10768.0,2003
Sunny Isles Beach,Miami-Dade,16198.0,2003
Surfside,Miami-Dade,5250.0,2003
Sweetwater,Miami-Dade,14280.0,2003
Virginia Gardens,Miami-Dade,2348.0,2003
West Miami,Miami-Dade,6162.0,2003
Islamorada,Monroe,6970.0,2003
Key Colony Beach,Monroe,822.0,2003
Key West,Monroe,25811.0,2003
Layton,Monroe,194.0,2003
Marathon,Monroe,10341.0,2003
Callahan,Nassau,1023.0,2003
Fernandina Beach,Nassau,11361.0,2003
Hilliard,Nassau,2748.0,2003
Cinco Bayou,Okaloosa,365.0,2003
Crestview,Okaloosa,16030.0,2003
Destin,Okaloosa,11784.0,2003
Fort Walton Beach,Okaloosa,20513.0,2003
Laurel Hill,Okaloosa,554.0,2003
Mary Esther,Okaloosa,4078.0,2003
Niceville,Okaloosa,12446.0,2003
Shalimar,Okaloosa,723.0,2003
Valparaiso,Okaloosa,6452.0,2003
Okeechobee,Okeechobee,5452.0,2003
Apopka,Orange,31374.0,2003
Bay Lake,Orange,28.0,2003
Belle Isle,Orange,6087.0,2003
Eatonville,Orange,2474.0,2003
Edgewood,Orange,2078.0,2003
Lake Buena Vista,Orange,19.0,2003
Maitland,Orange,15360.0,2003
Oakland,Orange,1638.0,2003
Ocoee,Orange,28093.0,2003
Orlando,Orange,201851.0,2003
Windermere,Orange,2292.0,2003
Winter Garden,Orange,20378.0,2003
Winter Park,Orange,26401.0,2003
Kissimmee,Osceola,52749.0,2003
St. Cloud,Osceola,23429.0,2003
Atlantis,Palm Beach,2117.0,2003
Belle Glade,Palm Beach,14887.0,2003
Boca Raton,Palm Beach,76043.0,2003
Boynton Beach,Palm Beach,64593.0,2003
Briny Breezes,Palm Beach,409.0,2003
Cloud Lake,Palm Beach,172.0,2003
Delray Beach,Palm Beach,62578.0,2003
Glen Ridge,Palm Beach,268.0,2003
Golf,Palm Beach,228.0,2003
Greenacres,Palm Beach,29883.0,2003
Gulf Stream,Palm Beach,720.0,2003
Haverhill,Palm Beach,1502.0,2003
Highland Beach,Palm Beach,3994.0,2003
Hypoluxo,Palm Beach,2433.0,2003
Juno Beach,Palm Beach,3506.0,2003
Jupiter,Palm Beach,44087.0,2003
Jupiter Inlet Colony,Palm Beach,382.0,2003
Lake Clarke Shores,Palm Beach,3463.0,2003
Lake Park,Palm Beach,8749.0,2003
Lake Worth Beach,Palm Beach,35371.0,2003
Lantana,Palm Beach,9501.0,2003
Manalapan,Palm Beach,321.0,2003
Mangonia Park,Palm Beach,2338.0,2003
North Palm Beach,Palm Beach,12339.0,2003
Ocean Ridge,Palm Beach,1657.0,2003
Pahokee,Palm Beach,6114.0,2003
Palm Beach,Palm Beach,9682.0,2003
Palm Beach Gardens,Palm Beach,39423.0,2003
Palm Beach Shores,Palm Beach,1345.0,2003
Palm Springs,Palm Beach,12944.0,2003
Riviera Beach,Palm Beach,31223.0,2003
Royal Palm Beach,Palm Beach,27212.0,2003
South Bay,Palm Beach,4087.0,2003
South Palm Beach,Palm Beach,1533.0,2003
Tequesta,Palm Beach,5333.0,2003
Wellington,Palm Beach,46208.0,2003
West Palm Beach,Palm Beach,90721.0,2003
Dade City,Pasco,6476.0,2003
New Port Richey,Pasco,16191.0,2003
Port Richey,Pasco,3139.0,2003
St. Leo,Pasco,774.0,2003
San Antonio,Pasco,765.0,2003
Zephyrhills,Pasco,11495.0,2003
Belleair,Pinellas,4100.0,2003
Belleair Beach,Pinellas,1622.0,2003
Belleair Bluffs,Pinellas,2238.0,2003
Belleair Shore,Pinellas,72.0,2003
Clearwater,Pinellas,110055.0,2003
Dunedin,Pinellas,37081.0,2003
Gulfport,Pinellas,12692.0,2003
Indian Rocks Beach,Pinellas,5234.0,2003
Indian Shores,Pinellas,1756.0,2003
Kenneth City,Pinellas,4502.0,2003
Largo,Pinellas,71752.0,2003
Madeira Beach,Pinellas,4529.0,2003
North Redington Beach,Pinellas,1555.0,2003
Oldsmar,Pinellas,13518.0,2003
Pinellas Park,Pinellas,46642.0,2003
Redington Beach,Pinellas,1590.0,2003
Redington Shores,Pinellas,2342.0,2003
Safety Harbor,Pinellas,17602.0,2003
St. Petersburg,Pinellas,252246.0,2003
St. Pete Beach,Pinellas,10002.0,2003
Seminole,Pinellas,17647.0,2003
South Pasadena,Pinellas,5826.0,2003
Tarpon Springs,Pinellas,22821.0,2003
Treasure Island,Pinellas,7508.0,2003
Auburndale,Polk,11203.0,2003
Bartow,Polk,15492.0,2003
Davenport,Polk,2059.0,2003
Dundee,Polk,2952.0,2003
Eagle Lake,Polk,2507.0,2003
Fort Meade,Polk,5828.0,2003
Frostproof,Polk,2982.0,2003
Haines City,Polk,14115.0,2003
Highland Park,Polk,246.0,2003
Hillcrest Heights,Polk,264.0,2003
Lake Alfred,Polk,3981.0,2003
Lake Hamilton,Polk,1358.0,2003
Lake Wales,Polk,11626.0,2003
Lakeland,Polk,88741.0,2003
Mulberry,Polk,3385.0,2003
Polk City,Polk,1710.0,2003
Winter Haven,Polk,26867.0,2003
Crescent City,Putnam,1815.0,2003
Interlachen,Putnam,1488.0,2003
Palatka,Putnam,10510.0,2003
Pomona Park,Putnam,796.0,2003
Welaka,Putnam,584.0,2003
Hastings,St. Johns,616.0,2003
St. Augustine,St. Johns,13245.0,2003
St. Augustine Beach,St. Johns,5214.0,2003
Fort Pierce,St. Lucie,38732.0,2003
Port St. Lucie,St. Lucie,103072.0,2003
St. Lucie Village,St. Lucie,622.0,2003
Gulf Breeze,Santa Rosa,5764.0,2003
Jay,Santa Rosa,566.0,2003
Milton,Santa Rosa,7288.0,2003
North Port,Sarasota,31352.0,2003
Sarasota,Sarasota,54434.0,2003
Venice,Sarasota,19290.0,2003
Altamonte Springs,Seminole,42466.0,2003
Casselberry,Seminole,24439.0,2003
Lake Mary,Seminole,13163.0,2003
Longwood,Seminole,13815.0,2003
Oviedo,Seminole,29018.0,2003
Sanford,Seminole,44549.0,2003
Winter Springs,Seminole,32572.0,2003
Bushnell,Sumter,2119.0,2003
Center Hill,Sumter,930.0,2003
Coleman,Sumter,642.0,2003
Webster,Sumter,802.0,2003
Wildwood,Sumter,3948.0,2003
Branford,Suwannee,688.0,2003
Live Oak,Suwannee,6534.0,2003
Perry,Taylor,6824.0,2003
Lake Butler,Union,1930.0,2003
Raiford,Union,268.0,2003
Worthington Springs,Union,174.0,2003
Daytona Beach,Volusia,64889.0,2003
Daytona Beach Shores,Volusia,4514.0,2003
DeBary,Volusia,17124.0,2003
DeLand,Volusia,22901.0,2003
Deltona,Volusia,76332.0,2003
Edgewater,Volusia,20088.0,2003
Holly Hill,Volusia,12504.0,2003
Lake Helen,Volusia,2823.0,2003
New Smyrna Beach,Volusia,20595.0,2003
Oak Hill,Volusia,1481.0,2003
Orange City,Volusia,7102.0,2003
Ormond Beach,Volusia,38325.0,2003
Pierson,Volusia,2621.0,2003
Ponce Inlet,Volusia,2917.0,2003
Port Orange,Volusia,50981.0,2003
South Daytona,Volusia,13714.0,2003
St. Marks,Wakulla,271.0,2003
Sopchoppy,Wakulla,411.0,2003
DeFuniak Springs,Walton,5172.0,2003
Freeport,Walton,1210.0,2003
Paxton,Walton,682.0,2003
Caryville,Washington,319.0,2003
Chipley,Washington,3517.0,2003
Ebro,Washington,232.0,2003
Vernon,Washington,744.0,2003
Wausau,Washington,432.0,2003
Incorporated Population,,8498995.0,2003
Total Population,,17071508.0,2003
Incorporated Pop. as % of Total Pop.,,0.49784676315648274,2003
Alachua,Alachua,6513.0,2002
Archer,Alachua,1263.0,2002
Gainesville,Alachua,98245.0,2002
Hawthorne,Alachua,1394.0,2002
High Springs,Alachua,4067.0,2002
La Crosse,Alachua,143.0,2002
Micanopy,Alachua,644.0,2002
Newberry,Alachua,3560.0,2002
Waldo,Alachua,839.0,2002
Glen St. Mary,Baker,485.0,2002
Macclenny,Baker,4689.0,2002
Callaway,Bay,14488.0,2002
Cedar Grove,Bay,5402.0,2002
Lynn Haven,Bay,13204.0,2002
Mexico Beach,Bay,1066.0,2002
Panama City,Bay,36412.0,2002
Panama City Beach,Bay,7897.0,2002
Parker,Bay,4688.0,2002
Springfield,Bay,8894.0,2002
Brooker,Bradford,339.0,2002
Hampton,Bradford,432.0,2002
Lawtey,Bradford,665.0,2002
Starke,Bradford,5671.0,2002
Cape Canaveral,Brevard,9161.0,2002
Cocoa,Brevard,16335.0,2002
Cocoa Beach,Brevard,12719.0,2002
Indialantic,Brevard,2978.0,2002
Indian Harbour Beach,Brevard,8451.0,2002
Malabar,Brevard,2667.0,2002
Melbourne,Brevard,72806.0,2002
Melbourne Beach,Brevard,3403.0,2002
Melbourne Village,Brevard,710.0,2002
Palm Bay,Brevard,82611.0,2002
Palm Shores,Brevard,804.0,2002
Rockledge,Brevard,21442.0,2002
Satellite Beach,Brevard,9647.0,2002
Titusville,Brevard,41139.0,2002
West Melbourne,Brevard,11108.0,2002
Coconut Creek,Broward,46965.0,2002
Cooper City,Broward,28464.0,2002
Coral Springs,Broward,122687.0,2002
Dania Beach,Broward,27167.0,2002
Davie,Broward,78696.0,2002
Deerfield Beach,Broward,64794.0,2002
Fort Lauderdale,Broward,155275.0,2002
Hallandale Beach,Broward,34254.0,2002
Hillsboro Beach,Broward,2162.0,2002
Hollywood,Broward,141083.0,2002
Lauderdale Lakes,Broward,31708.0,2002
Lauderdale-By-The-Sea,Broward,6220.0,2002
Lauderhill,Broward,57762.0,2002
Lazy Lake,Broward,34.0,2002
Lighthouse Point,Broward,10857.0,2002
Margate,Broward,53965.0,2002
Miramar,Broward,87537.0,2002
North Lauderdale,Broward,33200.0,2002
Oakland Park,Broward,31715.0,2002
Parkland,Broward,16256.0,2002
Pembroke Park,Broward,6581.0,2002
Pembroke Pines,Broward,144792.0,2002
Plantation,Broward,83630.0,2002
Pompano Beach,Broward,86300.0,2002
Sea Ranch Lakes,Broward,643.0,2002
Southwest Ranches,Broward,7352.0,2002
Sunrise,Broward,86941.0,2002
Tamarac,Broward,56444.0,2002
Weston,Broward,57651.0,2002
Wilton Manors,Broward,12603.0,2002
Altha,Calhoun,549.0,2002
Blountstown,Calhoun,2453.0,2002
Punta Gorda,Charlotte,16120.0,2002
Crystal River,Citrus,3503.0,2002
Inverness,Citrus,6878.0,2002
Green Cove Springs,Clay,5545.0,2002
Keystone Heights,Clay,1348.0,2002
Orange Park,Clay,9106.0,2002
Penney Farms,Clay,598.0,2002
Everglades,Collier,508.0,2002
Marco Island,Collier,14799.0,2002
Naples,Collier,22057.0,2002
Fort White,Columbia,409.0,2002
Lake City,Columbia,10280.0,2002
Arcadia,De Soto,6778.0,2002
Cross City,Dixie,1838.0,2002
Horseshoe Beach,Dixie,225.0,2002
Atlantic Beach,Duval,13645.0,2002
Baldwin,Duval,1603.0,2002
Jacksonville,Duval,765826.0,2002
Jacksonville Beach,Duval,21056.0,2002
Neptune Beach,Duval,7264.0,2002
Century,Escambia,1761.0,2002
Pensacola,Escambia,56271.0,2002
Beverly Beach,Flagler,551.0,2002
Bunnell,Flagler,2163.0,2002
Palm Coast,Flagler,38348.0,2002
Marineland,Flagler/St. Johns,7.0,2002
Flagler Beach,Flagler/Volusia,5415.0,2002
Apalachicola,Franklin,2326.0,2002
Carrabelle,Franklin,1281.0,2002
Chattahoochee,Gadsden,3199.0,2002
Greensboro,Gadsden,627.0,2002
Gretna,Gadsden,1698.0,2002
Havana,Gadsden,1717.0,2002
Midway,Gadsden,1491.0,2002
Quincy,Gadsden,7231.0,2002
Bell,Gilchrist,378.0,2002
Trenton,Gilchrist,1605.0,2002
Fanning Springs,Gilchrist/Levy,874.0,2002
Moore Haven,Glades,1663.0,2002
Port St. Joe,Gulf,3678.0,2002
Wewahitchka,Gulf,1695.0,2002
Jasper,Hamilton,1785.0,2002
Jennings,Hamilton,827.0,2002
White Springs,Hamilton,798.0,2002
Bowling Green,Hardee,2987.0,2002
Wauchula,Hardee,4377.0,2002
Zolfo Springs,Hardee,1629.0,2002
Clewiston,Hendry,6505.0,2002
LaBelle,Hendry,4281.0,2002
Brooksville,Hernando,7260.0,2002
Weeki Wachee,Hernando,12.0,2002
Avon Park,Highlands,8566.0,2002
Lake Placid,Highlands,1675.0,2002
Sebring,Highlands,9786.0,2002
Plant City,Hillsborough,31714.0,2002
Tampa,Hillsborough,311880.0,2002
Temple Terrace,Hillsborough,21632.0,2002
Bonifay,Holmes,2803.0,2002
Esto,Holmes,361.0,2002
Noma,Holmes,230.0,2002
Ponce de Leon,Holmes,457.0,2002
Westville,Holmes,211.0,2002
Fellsmere,Indian River,4044.0,2002
Indian River Shores,Indian River,3507.0,2002
Orchid,Indian River,216.0,2002
Sebastian,Indian River,17425.0,2002
Vero Beach,Indian River,17918.0,2002
Alford,Jackson,509.0,2002
Bascom,Jackson,117.0,2002
Campbellton,Jackson,217.0,2002
Cottondale,Jackson,877.0,2002
Graceville,Jackson,2438.0,2002
Grand Ridge,Jackson,869.0,2002
Greenwood,Jackson,755.0,2002
Jacob City,Jackson,296.0,2002
Malone,Jackson,1891.0,2002
Marianna,Jackson,6278.0,2002
Sneads,Jackson,1932.0,2002
Monticello,Jefferson,2545.0,2002
Mayo,Lafayette,1010.0,2002
Astatula,Lake,1343.0,2002
Clermont,Lake,13718.0,2002
Eustis,Lake,15562.0,2002
Fruitland Park,Lake,3220.0,2002
Groveland,Lake,3295.0,2002
Howey-in-the-Hills,Lake,982.0,2002
Lady Lake,Lake,12364.0,2002
Leesburg,Lake,16104.0,2002
Mascotte,Lake,3080.0,2002
Minneola,Lake,6444.0,2002
Montverde,Lake,985.0,2002
Mount Dora,Lake,10364.0,2002
Tavares,Lake,10301.0,2002
Umatilla,Lake,2300.0,2002
Bonita Springs,Lee,39154.0,2002
Cape Coral,Lee,113253.0,2002
Fort Myers,Lee,51323.0,2002
Fort Myers Beach,Lee,6741.0,2002
Sanibel,Lee,6135.0,2002
Tallahassee,Leon,156703.0,2002
Bronson,Levy,964.0,2002
Cedar Key,Levy,806.0,2002
Chiefland,Levy,2012.0,2002
Inglis,Levy,1558.0,2002
Otter Creek,Levy,130.0,2002
Williston,Levy,2290.0,2002
Yankeetown,Levy,662.0,2002
Bristol,Liberty,988.0,2002
Greenville,Madison,846.0,2002
Lee,Madison,360.0,2002
Madison,Madison,3069.0,2002
Anna Maria,Manatee,1814.0,2002
Bradenton,Manatee,49958.0,2002
Bradenton Beach,Manatee,1497.0,2002
Holmes Beach,Manatee,4978.0,2002
Palmetto,Manatee,12921.0,2002
Longboat Key,Manatee/Sarasota,7657.0,2002
Belleview,Marion,3519.0,2002
Dunnellon,Marion,1908.0,2002
McIntosh,Marion,455.0,2002
Ocala,Marion,46453.0,2002
Reddick,Marion,523.0,2002
Jupiter Island,Martin,620.0,2002
Ocean Breeze Park,Martin,453.0,2002
Sewall's Point,Martin,1981.0,2002
Stuart,Martin,14989.0,2002
Aventura,Miami-Dade,26142.0,2002
Bal Harbour,Miami-Dade,3309.0,2002
Bay Harbor Islands,Miami-Dade,5118.0,2002
Biscayne Park,Miami-Dade,3274.0,2002
Coral Gables,Miami-Dade,42743.0,2002
El Portal,Miami-Dade,2522.0,2002
Florida City,Miami-Dade,8129.0,2002
Golden Beach,Miami-Dade,924.0,2002
Hialeah,Miami-Dade,231270.0,2002
Hialeah Gardens,Miami-Dade,19725.0,2002
Homestead,Miami-Dade,32811.0,2002
Indian Creek,Miami-Dade,32.0,2002
Islandia,Miami-Dade,6.0,2002
Key Biscayne,Miami-Dade,10698.0,2002
Medley,Miami-Dade,1118.0,2002
Miami,Miami-Dade,366496.0,2002
Miami Beach,Miami-Dade,88972.0,2002
Miami Lakes,Miami-Dade,24291.0,2002
Miami Shores,Miami-Dade,10430.0,2002
Miami Springs,Miami-Dade,13706.0,2002
North Bay Village,Miami-Dade,6689.0,2002
North Miami,Miami-Dade,59996.0,2002
North Miami Beach,Miami-Dade,42178.0,2002
Opa-locka,Miami-Dade,15361.0,2002
Pinecrest,Miami-Dade,19078.0,2002
South Miami,Miami-Dade,10759.0,2002
Sunny Isles Beach,Miami-Dade,15477.0,2002
Surfside,Miami-Dade,5061.0,2002
Sweetwater,Miami-Dade,14260.0,2002
Virginia Gardens,Miami-Dade,2353.0,2002
West Miami,Miami-Dade,5979.0,2002
Islamorada,Monroe,7067.0,2002
Key Colony Beach,Monroe,815.0,2002
Key West,Monroe,25853.0,2002
Layton,Monroe,188.0,2002
Marathon,Monroe,10445.0,2002
Callahan,Nassau,1018.0,2002
Fernandina Beach,Nassau,10963.0,2002
Hilliard,Nassau,2741.0,2002
Cinco Bayou,Okaloosa,360.0,2002
Crestview,Okaloosa,15466.0,2002
Destin,Okaloosa,11658.0,2002
Fort Walton Beach,Okaloosa,20239.0,2002
Laurel Hill,Okaloosa,551.0,2002
Mary Esther,Okaloosa,4066.0,2002
Niceville,Okaloosa,12138.0,2002
Shalimar,Okaloosa,721.0,2002
Valparaiso,Okaloosa,6438.0,2002
Okeechobee,Okeechobee,5396.0,2002
Apopka,Orange,29710.0,2002
Bay Lake,Orange,28.0,2002
Belle Isle,Orange,6015.0,2002
Eatonville,Orange,2459.0,2002
Edgewood,Orange,1934.0,2002
Lake Buena Vista,Orange,19.0,2002
Maitland,Orange,14441.0,2002
Oakland,Orange,1194.0,2002
Ocoee,Orange,27246.0,2002
Orlando,Orange,194913.0,2002
Windermere,Orange,2303.0,2002
Winter Garden,Orange,18301.0,2002
Winter Park,Orange,25852.0,2002
Kissimmee,Osceola,50978.0,2002
St. Cloud,Osceola,21825.0,2002
Atlantis,Palm Beach,2100.0,2002
Belle Glade,Palm Beach,14869.0,2002
Boca Raton,Palm Beach,75580.0,2002
Boynton Beach,Palm Beach,62847.0,2002
Briny Breezes,Palm Beach,411.0,2002
Cloud Lake,Palm Beach,164.0,2002
Delray Beach,Palm Beach,61527.0,2002
Glen Ridge,Palm Beach,273.0,2002
Golf,Palm Beach,228.0,2002
Greenacres,Palm Beach,29359.0,2002
Gulf Stream,Palm Beach,718.0,2002
Haverhill,Palm Beach,1504.0,2002
Highland Beach,Palm Beach,3961.0,2002
Hypoluxo,Palm Beach,2420.0,2002
Juno Beach,Palm Beach,3484.0,2002
Jupiter,Palm Beach,42296.0,2002
Jupiter Inlet Colony,Palm Beach,379.0,2002
Lake Clarke Shores,Palm Beach,3462.0,2002
Lake Park,Palm Beach,8715.0,2002
Lake Worth Beach,Palm Beach,35292.0,2002
Lantana,Palm Beach,9477.0,2002
Manalapan,Palm Beach,320.0,2002
Mangonia Park,Palm Beach,2620.0,2002
North Palm Beach,Palm Beach,12299.0,2002
Ocean Ridge,Palm Beach,1642.0,2002
Pahokee,Palm Beach,6078.0,2002
Palm Beach,Palm Beach,9674.0,2002
Palm Beach Gardens,Palm Beach,36498.0,2002
Palm Beach Shores,Palm Beach,1268.0,2002
Palm Springs,Palm Beach,12804.0,2002
Riviera Beach,Palm Beach,31007.0,2002
Royal Palm Beach,Palm Beach,25123.0,2002
South Bay,Palm Beach,3934.0,2002
South Palm Beach,Palm Beach,1532.0,2002
Tequesta,Palm Beach,5327.0,2002
Wellington,Palm Beach,42319.0,2002
West Palm Beach,Palm Beach,86194.0,2002
Dade City,Pasco,6393.0,2002
New Port Richey,Pasco,16193.0,2002
Port Richey,Pasco,3077.0,2002
St. Leo,Pasco,666.0,2002
San Antonio,Pasco,712.0,2002
Zephyrhills,Pasco,11106.0,2002
Belleair,Pinellas,4089.0,2002
Belleair Beach,Pinellas,1633.0,2002
Belleair Bluffs,Pinellas,2238.0,2002
Belleair Shore,Pinellas,71.0,2002
Clearwater,Pinellas,109719.0,2002
Dunedin,Pinellas,36865.0,2002
Gulfport,Pinellas,12578.0,2002
Indian Rocks Beach,Pinellas,5210.0,2002
Indian Shores,Pinellas,1716.0,2002
Kenneth City,Pinellas,4440.0,2002
Largo,Pinellas,70234.0,2002
Madeira Beach,Pinellas,4521.0,2002
North Redington Beach,Pinellas,1558.0,2002
Oldsmar,Pinellas,12701.0,2002
Pinellas Park,Pinellas,46534.0,2002
Redington Beach,Pinellas,1545.0,2002
Redington Shores,Pinellas,2337.0,2002
Safety Harbor,Pinellas,17479.0,2002
St. Petersburg,Pinellas,250354.0,2002
St. Pete Beach,Pinellas,9968.0,2002
Seminole,Pinellas,17085.0,2002
South Pasadena,Pinellas,5800.0,2002
Tarpon Springs,Pinellas,22326.0,2002
Treasure Island,Pinellas,7503.0,2002
Auburndale,Polk,11167.0,2002
Bartow,Polk,15383.0,2002
Davenport,Polk,1995.0,2002
Dundee,Polk,2938.0,2002
Eagle Lake,Polk,2512.0,2002
Fort Meade,Polk,5747.0,2002
Frostproof,Polk,2953.0,2002
Haines City,Polk,13778.0,2002
Highland Park,Polk,251.0,2002
Hillcrest Heights,Polk,268.0,2002
Lake Alfred,Polk,3960.0,2002
Lake Hamilton,Polk,1336.0,2002
Lake Wales,Polk,11336.0,2002
Lakeland,Polk,85517.0,2002
Mulberry,Polk,3235.0,2002
Polk City,Polk,1560.0,2002
Winter Haven,Polk,26596.0,2002
Crescent City,Putnam,1785.0,2002
Interlachen,Putnam,1493.0,2002
Palatka,Putnam,10250.0,2002
Pomona Park,Putnam,799.0,2002
Welaka,Putnam,584.0,2002
Hastings,St. Johns,523.0,2002
St. Augustine,St. Johns,13031.0,2002
St. Augustine Beach,St. Johns,5003.0,2002
Fort Pierce,St. Lucie,38642.0,2002
Port St. Lucie,St. Lucie,96430.0,2002
St. Lucie Village,St. Lucie,614.0,2002
Gulf Breeze,Santa Rosa,5736.0,2002
Jay,Santa Rosa,577.0,2002
Milton,Santa Rosa,7231.0,2002
North Port,Sarasota,27448.0,2002
Sarasota,Sarasota,53939.0,2002
Venice,Sarasota,18628.0,2002
Altamonte Springs,Seminole,42319.0,2002
Casselberry,Seminole,24112.0,2002
Lake Mary,Seminole,12964.0,2002
Longwood,Seminole,13776.0,2002
Oviedo,Seminole,28012.0,2002
Sanford,Seminole,43251.0,2002
Winter Springs,Seminole,32082.0,2002
Bushnell,Sumter,2067.0,2002
Center Hill,Sumter,922.0,2002
Coleman,Sumter,643.0,2002
Webster,Sumter,797.0,2002
Wildwood,Sumter,3954.0,2002
Branford,Suwannee,695.0,2002
Live Oak,Suwannee,6500.0,2002
Perry,Taylor,6827.0,2002
Lake Butler,Union,1917.0,2002
Raiford,Union,268.0,2002
Worthington Springs,Union,188.0,2002
Daytona Beach,Volusia,64945.0,2002
Daytona Beach Shores,Volusia,4405.0,2002
DeBary,Volusia,16508.0,2002
DeLand,Volusia,22318.0,2002
Deltona,Volusia,73824.0,2002
Edgewater,Volusia,19515.0,2002
Holly Hill,Volusia,12503.0,2002
Lake Helen,Volusia,2785.0,2002
New Smyrna Beach,Volusia,20350.0,2002
Oak Hill,Volusia,1467.0,2002
Orange City,Volusia,6686.0,2002
Ormond Beach,Volusia,37603.0,2002
Pierson,Volusia,2623.0,2002
Ponce Inlet,Volusia,2767.0,2002
Port Orange,Volusia,48831.0,2002
South Daytona,Volusia,13335.0,2002
St. Marks,Wakulla,273.0,2002
Sopchoppy,Wakulla,413.0,2002
DeFuniak Springs,Walton,5168.0,2002
Freeport,Walton,1208.0,2002
Paxton,Walton,671.0,2002
Caryville,Washington,312.0,2002
Chipley,Washington,3535.0,2002
Ebro,Washington,248.0,2002
Vernon,Washington,774.0,2002
Wausau,Washington,421.0,2002
Incorporated Population,,8261119.0,2002
Total Population,,16674608.0,2002
Incorporated Pop. as % of Total Pop.,,0.4954310770004308,2002
Alachua,Alachua,6268.0,2001
Archer,Alachua,1273.0,2001
Gainesville,Alachua,96446.0,2001
Hawthorne,Alachua,1373.0,2001
High Springs,Alachua,3967.0,2001
La Crosse,Alachua,151.0,2001
Micanopy,Alachua,644.0,2001
Newberry,Alachua,3450.0,2001
Waldo,Alachua,831.0,2001
Glen St. Mary,Baker,480.0,2001
Macclenny,Baker,4590.0,2001
Callaway,Bay,14503.0,2001
Cedar Grove,Bay,5385.0,2001
Lynn Haven,Bay,12698.0,2001
Mexico Beach,Bay,1034.0,2001
Panama City,Bay,36428.0,2001
Panama City Beach,Bay,7806.0,2001
Parker,Bay,4651.0,2001
Springfield,Bay,8788.0,2001
Brooker,Bradford,344.0,2001
Hampton,Bradford,443.0,2001
Lawtey,Bradford,665.0,2001
Starke,Bradford,5655.0,2001
Cape Canaveral,Brevard,8941.0,2001
Cocoa,Brevard,16641.0,2001
Cocoa Beach,Brevard,12661.0,2001
Indialantic,Brevard,2925.0,2001
Indian Harbour Beach,Brevard,8450.0,2001
Malabar,Brevard,2645.0,2001
Melbourne,Brevard,72498.0,2001
Melbourne Beach,Brevard,3341.0,2001
Melbourne Village,Brevard,708.0,2001
Palm Bay,Brevard,80685.0,2001
Palm Shores,Brevard,821.0,2001
Rockledge,Brevard,20874.0,2001
Satellite Beach,Brevard,9616.0,2001
Titusville,Brevard,40790.0,2001
West Melbourne,Brevard,10461.0,2001
Coconut Creek,Broward,45517.0,2001
Cooper City,Broward,28134.0,2001
Coral Springs,Broward,120085.0,2001
Dania Beach,Broward,20169.0,2001
Davie,Broward,77798.0,2001
Deerfield Beach,Broward,64948.0,2001
Fort Lauderdale,Broward,155181.0,2001
Hallandale Beach,Broward,34286.0,2001
Hillsboro Beach,Broward,2170.0,2001
Hollywood,Broward,140413.0,2001
Lauderdale Lakes,Broward,31742.0,2001
Lauderdale-By-The-Sea,Broward,3284.0,2001
Lauderhill,Broward,57815.0,2001
Lazy Lake,Broward,34.0,2001
Lighthouse Point,Broward,10829.0,2001
Margate,Broward,54131.0,2001
Miramar,Broward,78813.0,2001
North Lauderdale,Broward,32972.0,2001
Oakland Park,Broward,31543.0,2001
Parkland,Broward,15105.0,2001
Pembroke Park,Broward,6629.0,2001
Pembroke Pines,Broward,141659.0,2001
Plantation,Broward,83445.0,2001
Pompano Beach,Broward,84199.0,2001
Sea Ranch Lakes,Broward,643.0,2001
Southwest Ranches,Broward,7192.0,2001
Sunrise,Broward,86664.0,2001
Tamarac,Broward,56047.0,2001
Weston,Broward,53159.0,2001
Wilton Manors,Broward,12714.0,2001
Altha,Calhoun,528.0,2001
Blountstown,Calhoun,2468.0,2001
Punta Gorda,Charlotte,15236.0,2001
Crystal River,Citrus,3449.0,2001
Inverness,Citrus,6837.0,2001
Green Cove Springs,Clay,5480.0,2001
Keystone Heights,Clay,1346.0,2001
Orange Park,Clay,9010.0,2001
Penney Farms,Clay,582.0,2001
Everglades,Collier,488.0,2001
Marco Island,Collier,15066.0,2001
Naples,Collier,21687.0,2001
Fort White,Columbia,397.0,2001
Lake City,Columbia,10041.0,2001
Arcadia,De Soto,6734.0,2001
Cross City,Dixie,1851.0,2001
Horseshoe Beach,Dixie,214.0,2001
Atlantic Beach,Duval,13418.0,2001
Baldwin,Duval,1631.0,2001
Jacksonville,Duval,750513.0,2001
Jacksonville Beach,Duval,21072.0,2001
Neptune Beach,Duval,7264.0,2001
Century,Escambia,1763.0,2001
Pensacola,Escambia,56275.0,2001
Beverly Beach,Flagler,543.0,2001
Bunnell,Flagler,2131.0,2001
Palm Coast,Flagler,35443.0,2001
Marineland,Flagler/St. Johns,7.0,2001
Flagler Beach,Flagler/Volusia,5097.0,2001
Apalachicola,Franklin,2323.0,2001
Carrabelle,Franklin,1305.0,2001
Chattahoochee,Gadsden,3605.0,2001
Greensboro,Gadsden,624.0,2001
Gretna,Gadsden,1731.0,2001
Havana,Gadsden,1727.0,2001
Midway,Gadsden,1456.0,2001
Quincy,Gadsden,7000.0,2001
Bell,Gilchrist,365.0,2001
Trenton,Gilchrist,1612.0,2001
Fanning Springs,Gilchrist/Levy,801.0,2001
Moore Haven,Glades,1660.0,2001
Port St. Joe,Gulf,3615.0,2001
Wewahitchka,Gulf,1742.0,2001
Jasper,Hamilton,1766.0,2001
Jennings,Hamilton,825.0,2001
White Springs,Hamilton,812.0,2001
Bowling Green,Hardee,2922.0,2001
Wauchula,Hardee,4377.0,2001
Zolfo Springs,Hardee,1607.0,2001
Clewiston,Hendry,6487.0,2001
LaBelle,Hendry,4273.0,2001
Brooksville,Hernando,7227.0,2001
Weeki Wachee,Hernando,12.0,2001
Avon Park,Highlands,8540.0,2001
Lake Placid,Highlands,1661.0,2001
Sebring,Highlands,9723.0,2001
Plant City,Hillsborough,31282.0,2001
Tampa,Hillsborough,308005.0,2001
Temple Terrace,Hillsborough,21083.0,2001
Bonifay,Holmes,2787.0,2001
Esto,Holmes,356.0,2001
Noma,Holmes,213.0,2001
Ponce de Leon,Holmes,465.0,2001
Westville,Holmes,213.0,2001
Fellsmere,Indian River,3901.0,2001
Indian River Shores,Indian River,3521.0,2001
Orchid,Indian River,161.0,2001
Sebastian,Indian River,16796.0,2001
Vero Beach,Indian River,17879.0,2001
Alford,Jackson,498.0,2001
Bascom,Jackson,114.0,2001
Campbellton,Jackson,218.0,2001
Cottondale,Jackson,869.0,2001
Graceville,Jackson,2408.0,2001
Grand Ridge,Jackson,844.0,2001
Greenwood,Jackson,735.0,2001
Jacob City,Jackson,293.0,2001
Malone,Jackson,1892.0,2001
Marianna,Jackson,6355.0,2001
Sneads,Jackson,1923.0,2001
Monticello,Jefferson,2526.0,2001
Mayo,Lafayette,1001.0,2001
Astatula,Lake,1305.0,2001
Clermont,Lake,10571.0,2001
Eustis,Lake,15283.0,2001
Fruitland Park,Lake,3193.0,2001
Groveland,Lake,2739.0,2001
Howey-in-the-Hills,Lake,951.0,2001
Lady Lake,Lake,12022.0,2001
Leesburg,Lake,16033.0,2001
Mascotte,Lake,2922.0,2001
Minneola,Lake,5985.0,2001
Montverde,Lake,922.0,2001
Mount Dora,Lake,9925.0,2001
Tavares,Lake,9957.0,2001
Umatilla,Lake,2262.0,2001
Bonita Springs,Lee,38003.0,2001
Cape Coral,Lee,106947.0,2001
Fort Myers,Lee,49909.0,2001
Fort Myers Beach,Lee,6700.0,2001
Sanibel,Lee,6072.0,2001
Tallahassee,Leon,153658.0,2001
Bronson,Levy,957.0,2001
Cedar Key,Levy,787.0,2001
Chiefland,Levy,1995.0,2001
Inglis,Levy,1500.0,2001
Otter Creek,Levy,121.0,2001
Williston,Levy,2289.0,2001
Yankeetown,Levy,648.0,2001
Bristol,Liberty,929.0,2001
Greenville,Madison,847.0,2001
Lee,Madison,368.0,2001
Madison,Madison,3087.0,2001
Anna Maria,Manatee,1822.0,2001
Bradenton,Manatee,49733.0,2001
Bradenton Beach,Manatee,1512.0,2001
Holmes Beach,Manatee,4993.0,2001
Palmetto,Manatee,12772.0,2001
Longboat Key,Manatee/Sarasota,7631.0,2001
Belleview,Marion,3482.0,2001
Dunnellon,Marion,1913.0,2001
McIntosh,Marion,455.0,2001
Ocala,Marion,46288.0,2001
Reddick,Marion,557.0,2001
Jupiter Island,Martin,619.0,2001
Ocean Breeze Park,Martin,461.0,2001
Sewall's Point,Martin,1971.0,2001
Stuart,Martin,14766.0,2001
Aventura,Miami-Dade,25903.0,2001
Bal Harbour,Miami-Dade,3317.0,2001
Bay Harbor Islands,Miami-Dade,5150.0,2001
Biscayne Park,Miami-Dade,3289.0,2001
Coral Gables,Miami-Dade,42746.0,2001
El Portal,Miami-Dade,2535.0,2001
Florida City,Miami-Dade,7986.0,2001
Golden Beach,Miami-Dade,915.0,2001
Hialeah,Miami-Dade,230059.0,2001
Hialeah Gardens,Miami-Dade,19655.0,2001
Homestead,Miami-Dade,32300.0,2001
Indian Creek,Miami-Dade,33.0,2001
Islandia,Miami-Dade,6.0,2001
Key Biscayne,Miami-Dade,10607.0,2001
Medley,Miami-Dade,1115.0,2001
Miami,Miami-Dade,364001.0,2001
Miami Beach,Miami-Dade,88158.0,2001
Miami Lakes,Miami-Dade,22676.0,2001
Miami Shores,Miami-Dade,10430.0,2001
Miami Springs,Miami-Dade,13684.0,2001
North Bay Village,Miami-Dade,6798.0,2001
North Miami,Miami-Dade,59688.0,2001
North Miami Beach,Miami-Dade,40929.0,2001
Opa-locka,Miami-Dade,14795.0,2001
Pinecrest,Miami-Dade,19064.0,2001
South Miami,Miami-Dade,10716.0,2001
Sunny Isles Beach,Miami-Dade,15534.0,2001
Surfside,Miami-Dade,5035.0,2001
Sweetwater,Miami-Dade,14260.0,2001
Virginia Gardens,Miami-Dade,2348.0,2001
West Miami,Miami-Dade,5927.0,2001
Islamorada,Monroe,6950.0,2001
Key Colony Beach,Monroe,799.0,2001
Key West,Monroe,25735.0,2001
Layton,Monroe,186.0,2001
Marathon,Monroe,10407.0,2001
Callahan,Nassau,1408.0,2001
Fernandina Beach,Nassau,10686.0,2001
Hilliard,Nassau,2738.0,2001
Cinco Bayou,Okaloosa,374.0,2001
Crestview,Okaloosa,15023.0,2001
Destin,Okaloosa,11413.0,2001
Fort Walton Beach,Okaloosa,20131.0,2001
Laurel Hill,Okaloosa,549.0,2001
Mary Esther,Okaloosa,4076.0,2001
Niceville,Okaloosa,11914.0,2001
Shalimar,Okaloosa,723.0,2001
Valparaiso,Okaloosa,6429.0,2001
Okeechobee,Okeechobee,5379.0,2001
Apopka,Orange,28485.0,2001
Bay Lake,Orange,23.0,2001
Belle Isle,Orange,5956.0,2001
Eatonville,Orange,2456.0,2001
Edgewood,Orange,1906.0,2001
Lake Buena Vista,Orange,16.0,2001
Maitland,Orange,13237.0,2001
Oakland,Orange,1006.0,2001
Ocoee,Orange,25993.0,2001
Orlando,Orange,188494.0,2001
Windermere,Orange,2256.0,2001
Winter Garden,Orange,16097.0,2001
Winter Park,Orange,24512.0,2001
Kissimmee,Osceola,49574.0,2001
St. Cloud,Osceola,20770.0,2001
Atlantis,Palm Beach,2079.0,2001
Belle Glade,Palm Beach,14885.0,2001
Boca Raton,Palm Beach,74935.0,2001
Boynton Beach,Palm Beach,61816.0,2001
Briny Breezes,Palm Beach,416.0,2001
Cloud Lake,Palm Beach,164.0,2001
Delray Beach,Palm Beach,60645.0,2001
Glen Ridge,Palm Beach,294.0,2001
Golf,Palm Beach,227.0,2001
Greenacres,Palm Beach,28013.0,2001
Gulf Stream,Palm Beach,707.0,2001
Haverhill,Palm Beach,1507.0,2001
Highland Beach,Palm Beach,3885.0,2001
Hypoluxo,Palm Beach,2050.0,2001
Juno Beach,Palm Beach,3363.0,2001
Jupiter,Palm Beach,40625.0,2001
Jupiter Inlet Colony,Palm Beach,374.0,2001
Lake Clarke Shores,Palm Beach,3457.0,2001
Lake Park,Palm Beach,8718.0,2001
Lake Worth Beach,Palm Beach,35387.0,2001
Lantana,Palm Beach,9496.0,2001
Manalapan,Palm Beach,315.0,2001
Mangonia Park,Palm Beach,1386.0,2001
North Palm Beach,Palm Beach,12198.0,2001
Ocean Ridge,Palm Beach,1635.0,2001
Pahokee,Palm Beach,6027.0,2001
Palm Beach,Palm Beach,10434.0,2001
Palm Beach Gardens,Palm Beach,35463.0,2001
Palm Beach Shores,Palm Beach,1270.0,2001
Palm Springs,Palm Beach,12526.0,2001
Riviera Beach,Palm Beach,31112.0,2001
Royal Palm Beach,Palm Beach,22671.0,2001
South Bay,Palm Beach,3827.0,2001
South Palm Beach,Palm Beach,696.0,2001
Tequesta,Palm Beach,5307.0,2001
Wellington,Palm Beach,40749.0,2001
West Palm Beach,Palm Beach,84371.0,2001
Dade City,Pasco,6258.0,2001
New Port Richey,Pasco,16190.0,2001
Port Richey,Pasco,3037.0,2001
St. Leo,Pasco,595.0,2001
San Antonio,Pasco,674.0,2001
Zephyrhills,Pasco,11033.0,2001
Belleair,Pinellas,4079.0,2001
Belleair Beach,Pinellas,1751.0,2001
Belleair Bluffs,Pinellas,2235.0,2001
Belleair Shore,Pinellas,59.0,2001
Clearwater,Pinellas,109231.0,2001
Dunedin,Pinellas,36574.0,2001
Gulfport,Pinellas,12525.0,2001
Indian Rocks Beach,Pinellas,5113.0,2001
Indian Shores,Pinellas,1706.0,2001
Kenneth City,Pinellas,4429.0,2001
Largo,Pinellas,70214.0,2001
Madeira Beach,Pinellas,4492.0,2001
North Redington Beach,Pinellas,1552.0,2001
Oldsmar,Pinellas,12297.0,2001
Pinellas Park,Pinellas,46139.0,2001
Redington Beach,Pinellas,1533.0,2001
Redington Shores,Pinellas,2335.0,2001
Safety Harbor,Pinellas,17383.0,2001
St. Petersburg,Pinellas,249703.0,2001
St. Pete Beach,Pinellas,9932.0,2001
Seminole,Pinellas,16299.0,2001
South Pasadena,Pinellas,5794.0,2001
Tarpon Springs,Pinellas,21495.0,2001
Treasure Island,Pinellas,7471.0,2001
Auburndale,Polk,11079.0,2001
Bartow,Polk,15411.0,2001
Davenport,Polk,1968.0,2001
Dundee,Polk,2916.0,2001
Eagle Lake,Polk,2501.0,2001
Fort Meade,Polk,5735.0,2001
Frostproof,Polk,2977.0,2001
Haines City,Polk,13434.0,2001
Highland Park,Polk,244.0,2001
Hillcrest Heights,Polk,266.0,2001
Lake Alfred,Polk,3920.0,2001
Lake Hamilton,Polk,1309.0,2001
Lake Wales,Polk,10593.0,2001
Lakeland,Polk,82706.0,2001
Mulberry,Polk,3231.0,2001
Polk City,Polk,1517.0,2001
Winter Haven,Polk,26561.0,2001
Crescent City,Putnam,1790.0,2001
Interlachen,Putnam,1475.0,2001
Palatka,Putnam,10037.0,2001
Pomona Park,Putnam,792.0,2001
Welaka,Putnam,581.0,2001
Hastings,St. Johns,523.0,2001
St. Augustine,St. Johns,12847.0,2001
St. Augustine Beach,St. Johns,4861.0,2001
Fort Pierce,St. Lucie,38013.0,2001
Port St. Lucie,St. Lucie,92493.0,2001
St. Lucie Village,St. Lucie,602.0,2001
Gulf Breeze,Santa Rosa,5736.0,2001
Jay,Santa Rosa,574.0,2001
Milton,Santa Rosa,7179.0,2001
North Port,Sarasota,25234.0,2001
Sarasota,Sarasota,53657.0,2001
Venice,Sarasota,18151.0,2001
Altamonte Springs,Seminole,42001.0,2001
Casselberry,Seminole,23851.0,2001
Lake Mary,Seminole,12359.0,2001
Longwood,Seminole,13764.0,2001
Oviedo,Seminole,27165.0,2001
Sanford,Seminole,40435.0,2001
Winter Springs,Seminole,31864.0,2001
Bushnell,Sumter,2061.0,2001
Center Hill,Sumter,907.0,2001
Coleman,Sumter,658.0,2001
Webster,Sumter,802.0,2001
Wildwood,Sumter,3929.0,2001
Branford,Suwannee,688.0,2001
Live Oak,Suwannee,6480.0,2001
Perry,Taylor,6847.0,2001
Lake Butler,Union,1907.0,2001
Raiford,Union,183.0,2001
Worthington Springs,Union,180.0,2001
Daytona Beach,Volusia,64842.0,2001
Daytona Beach Shores,Volusia,4359.0,2001
DeBary,Volusia,16082.0,2001
DeLand,Volusia,22078.0,2001
Deltona,Volusia,71599.0,2001
Edgewater,Volusia,19031.0,2001
Holly Hill,Volusia,12180.0,2001
Lake Helen,Volusia,2759.0,2001
New Smyrna Beach,Volusia,20167.0,2001
Oak Hill,Volusia,1426.0,2001
Orange City,Volusia,6646.0,2001
Ormond Beach,Volusia,36943.0,2001
Pierson,Volusia,2611.0,2001
Ponce Inlet,Volusia,2587.0,2001
Port Orange,Volusia,47443.0,2001
South Daytona,Volusia,13305.0,2001
St. Marks,Wakulla,270.0,2001
Sopchoppy,Wakulla,411.0,2001
DeFuniak Springs,Walton,5097.0,2001
Freeport,Walton,1188.0,2001
Paxton,Walton,659.0,2001
Caryville,Washington,312.0,2001
Chipley,Washington,3545.0,2001
Ebro,Washington,250.0,2001
Vernon,Washington,758.0,2001
Wausau,Washington,405.0,2001
Incorporated Population,,8102284.0,2001
Total Population,,16331739.0,2001
Incorporated Pop. as % of Total Pop.,,0.4961066301635117,2001
Alachua,Alachua,6305.0,1999
Archer,Alachua,1452.0,1999
Gainesville,Alachua,101405.0,1999
Hawthorne,Alachua,1394.0,1999
High Springs,Alachua,3944.0,1999
La Crosse,Alachua,150.0,1999
Micanopy,Alachua,644.0,1999
Newberry,Alachua,2601.0,1999
Waldo,Alachua,1049.0,1999
Glen St. Mary,Baker,467.0,1999
Macclenny,Baker,4417.0,1999
Callaway,Bay,14418.0,1999
Cedar Grove,Bay,3255.0,1999
Lynn Haven,Bay,12796.0,1999
Mexico Beach,Bay,1042.0,1999
Panama City,Bay,37777.0,1999
Panama City Beach,Bay,5174.0,1999
Parker,Bay,5084.0,1999
Springfield,Bay,9359.0,1999
Brooker,Bradford,344.0,1999
Hampton,Bradford,315.0,1999
Lawtey,Bradford,712.0,1999
Starke,Bradford,5185.0,1999
Cape Canaveral,Brevard,8900.0,1999
Cocoa,Brevard,18118.0,1999
Cocoa Beach,Brevard,12759.0,1999
Indialantic,Brevard,2969.0,1999
Indian Harbour Beach,Brevard,8024.0,1999
Malabar,Brevard,2544.0,1999
Melbourne,Brevard,70685.0,1999
Melbourne Beach,Brevard,3283.0,1999
Melbourne Village,Brevard,620.0,1999
Palm Bay,Brevard,79131.0,1999
Palm Shores,Brevard,569.0,1999
Rockledge,Brevard,19904.0,1999
Satellite Beach,Brevard,10275.0,1999
Titusville,Brevard,41885.0,1999
West Melbourne,Brevard,9810.0,1999
Coconut Creek,Broward,39554.0,1999
Cooper City,Broward,28730.0,1999
Coral Springs,Broward,111724.0,1999
Dania Beach,Broward,18480.0,1999
Davie,Broward,67529.0,1999
Deerfield Beach,Broward,51269.0,1999
Fort Lauderdale,Broward,148971.0,1999
Hallandale Beach,Broward,31504.0,1999
Hillsboro Beach,Broward,1756.0,1999
Hollywood,Broward,127660.0,1999
Lauderdale Lakes,Broward,27870.0,1999
Lauderdale-By-The-Sea,Broward,3798.0,1999
Lauderhill,Broward,50596.0,1999
Lazy Lake,Broward,35.0,1999
Lighthouse Point,Broward,10645.0,1999
Margate,Broward,50727.0,1999
Miramar,Broward,54583.0,1999
North Lauderdale,Broward,29903.0,1999
Oakland Park,Broward,28236.0,1999
Parkland,Broward,13219.0,1999
Pembroke Park,Broward,4784.0,1999
Pembroke Pines,Broward,120091.0,1999
Plantation,Broward,80434.0,1999
Pompano Beach,Broward,74403.0,1999
Sea Ranch Lakes,Broward,616.0,1999
Sunrise,Broward,78413.0,1999
Tamarac,Broward,52413.0,1999
Weston,Broward,42522.0,1999
Wilton Manors,Broward,11795.0,1999
Altha,Calhoun,633.0,1999
Blountstown,Calhoun,2492.0,1999
Punta Gorda,Charlotte,13646.0,1999
Crystal River,Citrus,4375.0,1999
Inverness,Citrus,6956.0,1999
Green Cove Springs,Clay,5350.0,1999
Keystone Heights,Clay,1359.0,1999
Orange Park,Clay,9802.0,1999
Penney Farms,Clay,673.0,1999
Everglades,Collier,584.0,1999
Marco Island,Collier,12408.0,1999
Naples,Collier,21087.0,1999
Fort White,Columbia,567.0,1999
Lake City,Columbia,10352.0,1999
Arcadia,De Soto,6498.0,1999
Cross City,Dixie,2069.0,1999
Horseshoe Beach,Dixie,220.0,1999
Atlantic Beach,Duval,13619.0,1999
Baldwin,Duval,1590.0,1999
Jacksonville,Duval,719072.0,1999
Jacksonville Beach,Duval,21050.0,1999
Neptune Beach,Duval,7515.0,1999
Century,Escambia,1909.0,1999
Pensacola,Escambia,60994.0,1999
Beverly Beach,Flagler,322.0,1999
Bunnell,Flagler,2075.0,1999
Marineland,Flagler/St. Johns,31.0,1999
Flagler Beach,Flagler/Volusia,4541.0,1999
Apalachicola,Franklin,2852.0,1999
Carrabelle,Franklin,1412.0,1999
Chattahoochee,Gadsden,3922.0,1999
Greensboro,Gadsden,626.0,1999
Gretna,Gadsden,2874.0,1999
Havana,Gadsden,1816.0,1999
Midway,Gadsden,1335.0,1999
Quincy,Gadsden,7951.0,1999
Bell,Gilchrist,269.0,1999
Trenton,Gilchrist,1374.0,1999
Fanning Springs,Gilchrist/Levy,702.0,1999
Moore Haven,Glades,1478.0,1999
Port St. Joe,Gulf,4098.0,1999
Wewahitchka,Gulf,1978.0,1999
Jasper,Hamilton,2120.0,1999
Jennings,Hamilton,817.0,1999
White Springs,Hamilton,829.0,1999
Bowling Green,Hardee,1800.0,1999
Wauchula,Hardee,3560.0,1999
Zolfo Springs,Hardee,1241.0,1999
Clewiston,Hendry,6364.0,1999
LaBelle,Hendry,3185.0,1999
Brooksville,Hernando,7839.0,1999
Weeki Wachee,Hernando,15.0,1999
Avon Park,Highlands,8162.0,1999
Lake Placid,Highlands,1412.0,1999
Sebring,Highlands,8856.0,1999
Plant City,Hillsborough,28371.0,1999
Tampa,Hillsborough,297505.0,1999
Temple Terrace,Hillsborough,20574.0,1999
Bonifay,Holmes,2831.0,1999
Esto,Holmes,365.0,1999
Noma,Holmes,249.0,1999
Ponce de Leon,Holmes,467.0,1999
Westville,Holmes,324.0,1999
Fellsmere,Indian River,2600.0,1999
Indian River Shores,Indian River,2790.0,1999
Orchid,Indian River,150.0,1999
Sebastian,Indian River,15707.0,1999
Vero Beach,Indian River,17907.0,1999
Alford,Jackson,589.0,1999
Bascom,Jackson,111.0,1999
Campbellton,Jackson,248.0,1999
Cottondale,Jackson,1165.0,1999
Graceville,Jackson,2695.0,1999
Grand Ridge,Jackson,729.0,1999
Greenwood,Jackson,667.0,1999
Jacob City,Jackson,334.0,1999
Malone,Jackson,2174.0,1999
Marianna,Jackson,6672.0,1999
Sneads,Jackson,2254.0,1999
Monticello,Jefferson,2920.0,1999
Mayo,Lafayette,958.0,1999
Astatula,Lake,1304.0,1999
Clermont,Lake,8861.0,1999
Eustis,Lake,15046.0,1999
Fruitland Park,Lake,3043.0,1999
Groveland,Lake,2555.0,1999
Howey-in-the-Hills,Lake,825.0,1999
Lady Lake,Lake,13067.0,1999
Leesburg,Lake,15624.0,1999
Mascotte,Lake,2614.0,1999
Minneola,Lake,3902.0,1999
Montverde,Lake,1199.0,1999
Mount Dora,Lake,9064.0,1999
Tavares,Lake,8646.0,1999
Umatilla,Lake,2513.0,1999
Cape Coral,Lee,96760.0,1999
Fort Myers,Lee,47068.0,1999
Fort Myers Beach,Lee,6107.0,1999
Sanibel,Lee,6012.0,1999
Tallahassee,Leon,145610.0,1999
Bronson,Levy,930.0,1999
Cedar Key,Levy,769.0,1999
Chiefland,Levy,2038.0,1999
Inglis,Levy,1363.0,1999
Otter Creek,Levy,136.0,1999
Williston,Levy,2374.0,1999
Yankeetown,Levy,623.0,1999
Bristol,Liberty,1165.0,1999
Greenville,Madison,992.0,1999
Lee,Madison,346.0,1999
Madison,Madison,3406.0,1999
Anna Maria,Manatee,1881.0,1999
Bradenton,Manatee,48782.0,1999
Bradenton Beach,Manatee,1698.0,1999
Holmes Beach,Manatee,5075.0,1999
Palmetto,Manatee,10773.0,1999
Longboat Key,Manatee/Sarasota,6695.0,1999
Belleview,Marion,3562.0,1999
Dunnellon,Marion,1848.0,1999
McIntosh,Marion,428.0,1999
Ocala,Marion,45585.0,1999
Reddick,Marion,552.0,1999
Jupiter Island,Martin,561.0,1999
Ocean Breeze Park,Martin,487.0,1999
Sewall's Point,Martin,1803.0,1999
Stuart,Martin,13846.0,1999
Aventura,Miami-Dade,22800.0,1999
Bal Harbour,Miami-Dade,3231.0,1999
Bay Harbor Islands,Miami-Dade,4613.0,1999
Biscayne Park,Miami-Dade,3035.0,1999
Coral Gables,Miami-Dade,42012.0,1999
El Portal,Miami-Dade,2485.0,1999
Florida City,Miami-Dade,6181.0,1999
Golden Beach,Miami-Dade,845.0,1999
Hialeah,Miami-Dade,211201.0,1999
Hialeah Gardens,Miami-Dade,17859.0,1999
Homestead,Miami-Dade,26650.0,1999
Indian Creek,Miami-Dade,53.0,1999
Islandia,Miami-Dade,13.0,1999
Key Biscayne,Miami-Dade,9689.0,1999
Medley,Miami-Dade,860.0,1999
Miami,Miami-Dade,365204.0,1999
Miami Beach,Miami-Dade,94012.0,1999
Miami Shores,Miami-Dade,10170.0,1999
Miami Springs,Miami-Dade,13295.0,1999
North Bay Village,Miami-Dade,6125.0,1999
North Miami,Miami-Dade,50308.0,1999
North Miami Beach,Miami-Dade,36982.0,1999
Opa-locka,Miami-Dade,15475.0,1999
Pinecrest,Miami-Dade,17894.0,1999
South Miami,Miami-Dade,10546.0,1999
Sunny Isles Beach,Miami-Dade,14329.0,1999
Surfside,Miami-Dade,4331.0,1999
Sweetwater,Miami-Dade,14310.0,1999
Virginia Gardens,Miami-Dade,2278.0,1999
West Miami,Miami-Dade,5863.0,1999
Islamorada,Monroe,7639.0,1999
Key Colony Beach,Monroe,1084.0,1999
Key West,Monroe,27698.0,1999
Layton,Monroe,204.0,1999
Callahan,Nassau,1056.0,1999
Fernandina Beach,Nassau,10890.0,1999
Hilliard,Nassau,2545.0,1999
Cinco Bayou,Okaloosa,417.0,1999
Crestview,Okaloosa,14252.0,1999
Destin,Okaloosa,11815.0,1999
Fort Walton Beach,Okaloosa,22226.0,1999
Laurel Hill,Okaloosa,600.0,1999
Mary Esther,Okaloosa,4427.0,1999
Niceville,Okaloosa,11954.0,1999
Shalimar,Okaloosa,660.0,1999
Valparaiso,Okaloosa,6716.0,1999
Okeechobee,Okeechobee,5102.0,1999
Apopka,Orange,22724.0,1999
Bay Lake,Orange,24.0,1999
Belle Isle,Orange,5704.0,1999
Eatonville,Orange,2487.0,1999
Edgewood,Orange,1442.0,1999
Lake Buena Vista,Orange,23.0,1999
Maitland,Orange,10056.0,1999
Oakland,Orange,846.0,1999
Ocoee,Orange,22746.0,1999
Orlando,Orange,184639.0,1999
Windermere,Orange,1802.0,1999
Winter Garden,Orange,13505.0,1999
Winter Park,Orange,24967.0,1999
Kissimmee,Osceola,41248.0,1999
St. Cloud,Osceola,18263.0,1999
Atlantis,Palm Beach,1707.0,1999
Belle Glade,Palm Beach,16937.0,1999
Boca Raton,Palm Beach,69994.0,1999
Boynton Beach,Palm Beach,55483.0,1999
Briny Breezes,Palm Beach,400.0,1999
Cloud Lake,Palm Beach,136.0,1999
Delray Beach,Palm Beach,53589.0,1999
Glen Ridge,Palm Beach,230.0,1999
Golf,Palm Beach,189.0,1999
Golfview,Palm Beach,0.0,1999
Greenacres,Palm Beach,25609.0,1999
Gulf Stream,Palm Beach,714.0,1999
Haverhill,Palm Beach,1229.0,1999
Highland Beach,Palm Beach,3477.0,1999
Hypoluxo,Palm Beach,1515.0,1999
Juno Beach,Palm Beach,2903.0,1999
Jupiter,Palm Beach,33925.0,1999
Jupiter Inlet Colony,Palm Beach,416.0,1999
Lake Clarke Shores,Palm Beach,3656.0,1999
Lake Park,Palm Beach,6853.0,1999
Lake Worth Beach,Palm Beach,31209.0,1999
Lantana,Palm Beach,8776.0,1999
Manalapan,Palm Beach,317.0,1999
Mangonia Park,Palm Beach,1373.0,1999
North Palm Beach,Palm Beach,12582.0,1999
Ocean Ridge,Palm Beach,1658.0,1999
Pahokee,Palm Beach,7075.0,1999
Palm Beach,Palm Beach,9710.0,1999
Palm Beach Gardens,Palm Beach,34577.0,1999
Palm Beach Shores,Palm Beach,1037.0,1999
Palm Springs,Palm Beach,10220.0,1999
Riviera Beach,Palm Beach,29020.0,1999
Royal Palm Beach,Palm Beach,19240.0,1999
South Bay,Palm Beach,3334.0,1999
South Palm Beach,Palm Beach,1490.0,1999
Tequesta,Palm Beach,5122.0,1999
Wellington,Palm Beach,31271.0,1999
West Palm Beach,Palm Beach,81132.0,1999
Dade City,Pasco,6165.0,1999
New Port Richey,Pasco,14674.0,1999
Port Richey,Pasco,2710.0,1999
St. Leo,Pasco,733.0,1999
San Antonio,Pasco,896.0,1999
Zephyrhills,Pasco,9080.0,1999
Belleair,Pinellas,4114.0,1999
Belleair Beach,Pinellas,2158.0,1999
Belleair Bluffs,Pinellas,2190.0,1999
Belleair Shore,Pinellas,62.0,1999
Clearwater,Pinellas,104281.0,1999
Dunedin,Pinellas,35781.0,1999
Gulfport,Pinellas,11967.0,1999
Indian Rocks Beach,Pinellas,4253.0,1999
Indian Shores,Pinellas,1457.0,1999
Kenneth City,Pinellas,4375.0,1999
Largo,Pinellas,68372.0,1999
Madeira Beach,Pinellas,4195.0,1999
North Redington Beach,Pinellas,1195.0,1999
Oldsmar,Pinellas,11658.0,1999
Pinellas Park,Pinellas,45059.0,1999
Redington Beach,Pinellas,1622.0,1999
Redington Shores,Pinellas,2360.0,1999
Safety Harbor,Pinellas,17232.0,1999
St. Petersburg,Pinellas,242690.0,1999
St. Pete Beach,Pinellas,9718.0,1999
Seminole,Pinellas,9723.0,1999
South Pasadena,Pinellas,5870.0,1999
Tarpon Springs,Pinellas,20588.0,1999
Treasure Island,Pinellas,7355.0,1999
Auburndale,Polk,9663.0,1999
Bartow,Polk,15187.0,1999
Davenport,Polk,2122.0,1999
Dundee,Polk,2640.0,1999
Eagle Lake,Polk,1895.0,1999
Fort Meade,Polk,5459.0,1999
Frostproof,Polk,2839.0,1999
Haines City,Polk,13834.0,1999
Highland Park,Polk,157.0,1999
Hillcrest Heights,Polk,233.0,1999
Lake Alfred,Polk,3840.0,1999
Lake Hamilton,Polk,1155.0,1999
Lake Wales,Polk,10132.0,1999
Lakeland,Polk,77487.0,1999
Mulberry,Polk,3334.0,1999
Polk City,Polk,1892.0,1999
Winter Haven,Polk,26022.0,1999
Crescent City,Putnam,1825.0,1999
Interlachen,Putnam,1453.0,1999
Palatka,Putnam,10874.0,1999
Pomona Park,Putnam,791.0,1999
Welaka,Putnam,593.0,1999
Hastings,St. Johns,653.0,1999
St. Augustine,St. Johns,12681.0,1999
St. Augustine Beach,St. Johns,4320.0,1999
Fort Pierce,St. Lucie,38401.0,1999
Port St. Lucie,St. Lucie,83254.0,1999
St. Lucie Village,St. Lucie,610.0,1999
Gulf Breeze,Santa Rosa,6189.0,1999
Jay,Santa Rosa,692.0,1999
Milton,Santa Rosa,7930.0,1999
North Port,Sarasota,18749.0,1999
Sarasota,Sarasota,51659.0,1999
Venice,Sarasota,19232.0,1999
Altamonte Springs,Seminole,40308.0,1999
Casselberry,Seminole,24727.0,1999
Lake Mary,Seminole,10222.0,1999
Longwood,Seminole,14052.0,1999
Oviedo,Seminole,22517.0,1999
Sanford,Seminole,37327.0,1999
Winter Springs,Seminole,29220.0,1999
Bushnell,Sumter,2547.0,1999
Center Hill,Sumter,775.0,1999
Coleman,Sumter,823.0,1999
Webster,Sumter,860.0,1999
Wildwood,Sumter,4109.0,1999
Branford,Suwannee,638.0,1999
Live Oak,Suwannee,6630.0,1999
Perry,Taylor,7228.0,1999
Lake Butler,Union,2043.0,1999
Raiford,Union,241.0,1999
Worthington Springs,Union,211.0,1999
Daytona Beach,Volusia,65102.0,1999
Daytona Beach Shores,Volusia,2955.0,1999
DeBary,Volusia,13368.0,1999
DeLand,Volusia,18639.0,1999
Deltona,Volusia,61191.0,1999
Edgewater,Volusia,18507.0,1999
Holly Hill,Volusia,11383.0,1999
Lake Helen,Volusia,2582.0,1999
New Smyrna Beach,Volusia,18603.0,1999
Oak Hill,Volusia,1432.0,1999
Orange City,Volusia,6400.0,1999
Ormond Beach,Volusia,35620.0,1999
Pierson,Volusia,1226.0,1999
Ponce Inlet,Volusia,2525.0,1999
Port Orange,Volusia,45282.0,1999
South Daytona,Volusia,13337.0,1999
St. Marks,Wakulla,300.0,1999
Sopchoppy,Wakulla,456.0,1999
DeFuniak Springs,Walton,5514.0,1999
Freeport,Walton,1242.0,1999
Paxton,Walton,610.0,1999
Caryville,Washington,327.0,1999
Chipley,Washington,4093.0,1999
Ebro,Washington,271.0,1999
Vernon,Washington,917.0,1999
Wausau,Washington,399.0,1999
Incorporated Population,,7528199.0,1999
Total Population,,15322040.0,1999
Incorporated Pop. as % of Total Pop.,,0.4913313762397174,1999
Alachua,Alachua,5948.0,1998
Archer,Alachua,1455.0,1998
Gainesville,Alachua,100315.0,1998
Hawthorne,Alachua,1392.0,1998
High Springs,Alachua,3789.0,1998
La Crosse,Alachua,144.0,1998
Micanopy,Alachua,653.0,1998
Newberry,Alachua,2495.0,1998
Waldo,Alachua,1029.0,1998
Glen St. Mary,Baker,455.0,1998
Macclenny,Baker,4353.0,1998
Callaway,Bay,14174.0,1998
Cedar Grove,Bay,2153.0,1998
Lynn Haven,Bay,12224.0,1998
Mexico Beach,Bay,1042.0,1998
Panama City,Bay,37869.0,1998
Panama City Beach,Bay,4866.0,1998
Parker,Bay,5045.0,1998
Springfield,Bay,9441.0,1998
Brooker,Bradford,334.0,1998
Hampton,Bradford,304.0,1998
Lawtey,Bradford,663.0,1998
Starke,Bradford,5151.0,1998
Cape Canaveral,Brevard,8731.0,1998
Cocoa,Brevard,17933.0,1998
Cocoa Beach,Brevard,12812.0,1998
Indialantic,Brevard,3111.0,1998
Indian Harbour Beach,Brevard,7853.0,1998
Malabar,Brevard,2451.0,1998
Melbourne,Brevard,69017.0,1998
Melbourne Beach,Brevard,3263.0,1998
Melbourne Village,Brevard,616.0,1998
Palm Bay,Brevard,77973.0,1998
Palm Shores,Brevard,572.0,1998
Rockledge,Brevard,19395.0,1998
Satellite Beach,Brevard,10227.0,1998
Titusville,Brevard,41706.0,1998
West Melbourne,Brevard,9647.0,1998
Coconut Creek,Broward,37865.0,1998
Cooper City,Broward,28158.0,1998
Coral Springs,Broward,107156.0,1998
Dania Beach,Broward,17705.0,1998
Davie,Broward,62738.0,1998
Deerfield Beach,Broward,50213.0,1998
Fort Lauderdale,Broward,149798.0,1998
Hallandale Beach,Broward,31413.0,1998
Hillsboro Beach,Broward,1763.0,1998
Hollywood,Broward,126917.0,1998
Lauderdale Lakes,Broward,27865.0,1998
Lauderdale-By-The-Sea,Broward,3796.0,1998
Lauderhill,Broward,50131.0,1998
Lazy Lake,Broward,35.0,1998
Lighthouse Point,Broward,10458.0,1998
Margate,Broward,50315.0,1998
Miramar,Broward,52882.0,1998
North Lauderdale,Broward,29057.0,1998
Oakland Park,Broward,28087.0,1998
Parkland,Broward,12072.0,1998
Pembroke Park,Broward,4789.0,1998
Pembroke Pines,Broward,112692.0,1998
Plantation,Broward,78952.0,1998
Pompano Beach,Broward,74248.0,1998
Sea Ranch Lakes,Broward,616.0,1998
Sunrise,Broward,77025.0,1998
Tamarac,Broward,51488.0,1998
Weston,Broward,38610.0,1998
Wilton Manors,Broward,11841.0,1998
Altha,Calhoun,641.0,1998
Blountstown,Calhoun,2501.0,1998
Punta Gorda,Charlotte,12768.0,1998
Crystal River,Citrus,4326.0,1998
Inverness,Citrus,6925.0,1998
Green Cove Springs,Clay,5048.0,1998
Keystone Heights,Clay,1358.0,1998
Orange Park,Clay,9645.0,1998
Penney Farms,Clay,682.0,1998
Everglades,Collier,557.0,1998
Marco Island,Collier,12155.0,1998
Naples,Collier,21233.0,1998
Fort White,Columbia,520.0,1998
Lake City,Columbia,10304.0,1998
Arcadia,De Soto,6453.0,1998
Cross City,Dixie,2066.0,1998
Horseshoe Beach,Dixie,209.0,1998
Atlantic Beach,Duval,13562.0,1998
Baldwin,Duval,1589.0,1998
Jacksonville,Duval,710595.0,1998
Jacksonville Beach,Duval,20600.0,1998
Neptune Beach,Duval,7477.0,1998
Century,Escambia,2007.0,1998
Pensacola,Escambia,61113.0,1998
Beverly Beach,Flagler,324.0,1998
Bunnell,Flagler,2082.0,1998
Marineland,Flagler/St. Johns,18.0,1998
Flagler Beach,Flagler/Volusia,4450.0,1998
Apalachicola,Franklin,2856.0,1998
Carrabelle,Franklin,1413.0,1998
Chattahoochee,Gadsden,3889.0,1998
Greensboro,Gadsden,619.0,1998
Gretna,Gadsden,2854.0,1998
Havana,Gadsden,1804.0,1998
Midway,Gadsden,1183.0,1998
Quincy,Gadsden,7796.0,1998
Bell,Gilchrist,282.0,1998
Trenton,Gilchrist,1357.0,1998
Fanning Springs,Gilchrist/Levy,550.0,1998
Moore Haven,Glades,1575.0,1998
Port St. Joe,Gulf,4096.0,1998
Wewahitchka,Gulf,1974.0,1998
Jasper,Hamilton,2128.0,1998
Jennings,Hamilton,806.0,1998
White Springs,Hamilton,832.0,1998
Bowling Green,Hardee,1780.0,1998
Wauchula,Hardee,3562.0,1998
Zolfo Springs,Hardee,1268.0,1998
Clewiston,Hendry,6348.0,1998
LaBelle,Hendry,3192.0,1998
Brooksville,Hernando,7863.0,1998
Weeki Wachee,Hernando,7.0,1998
Avon Park,Highlands,8226.0,1998
Lake Placid,Highlands,1408.0,1998
Sebring,Highlands,8872.0,1998
Plant City,Hillsborough,27855.0,1998
Tampa,Hillsborough,293390.0,1998
Temple Terrace,Hillsborough,20370.0,1998
Bonifay,Holmes,2821.0,1998
Esto,Holmes,350.0,1998
Noma,Holmes,229.0,1998
Ponce de Leon,Holmes,468.0,1998
Westville,Holmes,315.0,1998
Fellsmere,Indian River,2549.0,1998
Indian River Shores,Indian River,2739.0,1998
Orchid,Indian River,60.0,1998
Sebastian,Indian River,15115.0,1998
Vero Beach,Indian River,17745.0,1998
Alford,Jackson,583.0,1998
Bascom,Jackson,107.0,1998
Campbellton,Jackson,253.0,1998
Cottondale,Jackson,1143.0,1998
Graceville,Jackson,2654.0,1998
Grand Ridge,Jackson,729.0,1998
Greenwood,Jackson,635.0,1998
Jacob City,Jackson,339.0,1998
Malone,Jackson,2331.0,1998
Marianna,Jackson,6651.0,1998
Sneads,Jackson,2235.0,1998
Monticello,Jefferson,2917.0,1998
Mayo,Lafayette,980.0,1998
Astatula,Lake,1283.0,1998
Clermont,Lake,8202.0,1998
Eustis,Lake,14889.0,1998
Fruitland Park,Lake,3018.0,1998
Groveland,Lake,2553.0,1998
Howey-in-the-Hills,Lake,825.0,1998
Lady Lake,Lake,12621.0,1998
Leesburg,Lake,15658.0,1998
Mascotte,Lake,2492.0,1998
Minneola,Lake,3597.0,1998
Montverde,Lake,1167.0,1998
Mount Dora,Lake,8912.0,1998
Tavares,Lake,8438.0,1998
Umatilla,Lake,2489.0,1998
Cape Coral,Lee,93786.0,1998
Fort Myers,Lee,46506.0,1998
Fort Myers Beach,Lee,6010.0,1998
Sanibel,Lee,5975.0,1998
Tallahassee,Leon,143237.0,1998
Bronson,Levy,887.0,1998
Cedar Key,Levy,755.0,1998
Chiefland,Levy,2003.0,1998
Inglis,Levy,1344.0,1998
Otter Creek,Levy,117.0,1998
Williston,Levy,2288.0,1998
Yankeetown,Levy,610.0,1998
Bristol,Liberty,1222.0,1998
Greenville,Madison,992.0,1998
Lee,Madison,334.0,1998
Madison,Madison,3436.0,1998
Anna Maria,Manatee,1869.0,1998
Bradenton,Manatee,48029.0,1998
Bradenton Beach,Manatee,1700.0,1998
Holmes Beach,Manatee,5081.0,1998
Palmetto,Manatee,10353.0,1998
Longboat Key,Manatee/Sarasota,6730.0,1998
Belleview,Marion,3507.0,1998
Dunnellon,Marion,1806.0,1998
McIntosh,Marion,423.0,1998
Ocala,Marion,44718.0,1998
Reddick,Marion,547.0,1998
Jupiter Island,Martin,573.0,1998
Ocean Breeze Park,Martin,501.0,1998
Sewall's Point,Martin,1781.0,1998
Stuart,Martin,13795.0,1998
Aventura,Miami-Dade,20349.0,1998
Bal Harbour,Miami-Dade,3151.0,1998
Bay Harbor Islands,Miami-Dade,4618.0,1998
Biscayne Park,Miami-Dade,3032.0,1998
Coral Gables,Miami-Dade,41624.0,1998
El Portal,Miami-Dade,2528.0,1998
Florida City,Miami-Dade,6153.0,1998
Golden Beach,Miami-Dade,838.0,1998
Hialeah,Miami-Dade,209415.0,1998
Hialeah Gardens,Miami-Dade,17076.0,1998
Homestead,Miami-Dade,27084.0,1998
Indian Creek,Miami-Dade,52.0,1998
Islandia,Miami-Dade,13.0,1998
Key Biscayne,Miami-Dade,9471.0,1998
Medley,Miami-Dade,867.0,1998
Miami,Miami-Dade,364765.0,1998
Miami Beach,Miami-Dade,93464.0,1998
Miami Shores,Miami-Dade,10199.0,1998
Miami Springs,Miami-Dade,13304.0,1998
North Bay Village,Miami-Dade,6058.0,1998
North Miami,Miami-Dade,50422.0,1998
North Miami Beach,Miami-Dade,36727.0,1998
Opa-locka,Miami-Dade,15555.0,1998
Pinecrest,Miami-Dade,17986.0,1998
South Miami,Miami-Dade,10518.0,1998
Sunny Isles Beach,Miami-Dade,13871.0,1998
Surfside,Miami-Dade,4319.0,1998
Sweetwater,Miami-Dade,14015.0,1998
Virginia Gardens,Miami-Dade,2278.0,1998
West Miami,Miami-Dade,5890.0,1998
Islamorada,Monroe,7632.0,1998
Key Colony Beach,Monroe,1059.0,1998
Key West,Monroe,27522.0,1998
Layton,Monroe,218.0,1998
Callahan,Nassau,1007.0,1998
Fernandina Beach,Nassau,10684.0,1998
Hilliard,Nassau,2510.0,1998
Cinco Bayou,Okaloosa,420.0,1998
Crestview,Okaloosa,13546.0,1998
Destin,Okaloosa,11363.0,1998
Fort Walton Beach,Okaloosa,22052.0,1998
Laurel Hill,Okaloosa,606.0,1998
Mary Esther,Okaloosa,4414.0,1998
Niceville,Okaloosa,11942.0,1998
Shalimar,Okaloosa,662.0,1998
Valparaiso,Okaloosa,6700.0,1998
Okeechobee,Okeechobee,5060.0,1998
Apopka,Orange,21165.0,1998
Bay Lake,Orange,24.0,1998
Belle Isle,Orange,5655.0,1998
Eatonville,Orange,2496.0,1998
Edgewood,Orange,1469.0,1998
Lake Buena Vista,Orange,23.0,1998
Maitland,Orange,10022.0,1998
Oakland,Orange,812.0,1998
Ocoee,Orange,21653.0,1998
Orlando,Orange,180462.0,1998
Windermere,Orange,1782.0,1998
Winter Garden,Orange,12875.0,1998
Winter Park,Orange,24951.0,1998
Kissimmee,Osceola,39330.0,1998
St. Cloud,Osceola,17198.0,1998
Atlantis,Palm Beach,1700.0,1998
Belle Glade,Palm Beach,16717.0,1998
Boca Raton,Palm Beach,68850.0,1998
Boynton Beach,Palm Beach,53635.0,1998
Briny Breezes,Palm Beach,397.0,1998
Cloud Lake,Palm Beach,112.0,1998
Delray Beach,Palm Beach,53471.0,1998
Glen Ridge,Palm Beach,223.0,1998
Golf,Palm Beach,189.0,1998
Greenacres,Palm Beach,24813.0,1998
Gulf Stream,Palm Beach,710.0,1998
Haverhill,Palm Beach,1192.0,1998
Highland Beach,Palm Beach,3396.0,1998
Hypoluxo,Palm Beach,1420.0,1998
Juno Beach,Palm Beach,2867.0,1998
Jupiter,Palm Beach,31419.0,1998
Jupiter Inlet Colony,Palm Beach,412.0,1998
Lake Clarke Shores,Palm Beach,3641.0,1998
Lake Park,Palm Beach,6858.0,1998
Lake Worth Beach,Palm Beach,30424.0,1998
Lantana,Palm Beach,8873.0,1998
Manalapan,Palm Beach,333.0,1998
Mangonia Park,Palm Beach,1373.0,1998
North Palm Beach,Palm Beach,12277.0,1998
Ocean Ridge,Palm Beach,1653.0,1998
Pahokee,Palm Beach,7001.0,1998
Palm Beach,Palm Beach,9722.0,1998
Palm Beach Gardens,Palm Beach,33824.0,1998
Palm Beach Shores,Palm Beach,1021.0,1998
Palm Springs,Palm Beach,10297.0,1998
Riviera Beach,Palm Beach,28654.0,1998
Royal Palm Beach,Palm Beach,18537.0,1998
South Bay,Palm Beach,3334.0,1998
South Palm Beach,Palm Beach,1504.0,1998
Tequesta,Palm Beach,5036.0,1998
Wellington,Palm Beach,28585.0,1998
West Palm Beach,Palm Beach,80901.0,1998
Dade City,Pasco,6131.0,1998
New Port Richey,Pasco,14693.0,1998
Port Richey,Pasco,2667.0,1998
St. Leo,Pasco,706.0,1998
San Antonio,Pasco,912.0,1998
Zephyrhills,Pasco,9098.0,1998
Belleair,Pinellas,4117.0,1998
Belleair Beach,Pinellas,2152.0,1998
Belleair Bluffs,Pinellas,2220.0,1998
Belleair Shore,Pinellas,60.0,1998
Clearwater,Pinellas,102874.0,1998
Dunedin,Pinellas,35700.0,1998
Gulfport,Pinellas,11964.0,1998
Indian Rocks Beach,Pinellas,4242.0,1998
Indian Shores,Pinellas,1465.0,1998
Kenneth City,Pinellas,4388.0,1998
Largo,Pinellas,68244.0,1998
Madeira Beach,Pinellas,4162.0,1998
North Redington Beach,Pinellas,1134.0,1998
Oldsmar,Pinellas,10867.0,1998
Pinellas Park,Pinellas,44877.0,1998
Redington Beach,Pinellas,1621.0,1998
Redington Shores,Pinellas,2361.0,1998
Safety Harbor,Pinellas,17157.0,1998
St. Petersburg,Pinellas,241625.0,1998
St. Pete Beach,Pinellas,9654.0,1998
Seminole,Pinellas,9785.0,1998
South Pasadena,Pinellas,5906.0,1998
Tarpon Springs,Pinellas,20161.0,1998
Treasure Island,Pinellas,7347.0,1998
Auburndale,Polk,9460.0,1998
Bartow,Polk,15108.0,1998
Davenport,Polk,2127.0,1998
Dundee,Polk,2631.0,1998
Eagle Lake,Polk,1923.0,1998
Fort Meade,Polk,5457.0,1998
Frostproof,Polk,2879.0,1998
Haines City,Polk,13494.0,1998
Highland Park,Polk,155.0,1998
Hillcrest Heights,Polk,237.0,1998
Lake Alfred,Polk,3812.0,1998
Lake Hamilton,Polk,1144.0,1998
Lake Wales,Polk,10028.0,1998
Lakeland,Polk,77113.0,1998
Mulberry,Polk,3325.0,1998
Polk City,Polk,1818.0,1998
Winter Haven,Polk,25847.0,1998
Crescent City,Putnam,1845.0,1998
Interlachen,Putnam,1400.0,1998
Palatka,Putnam,10734.0,1998
Pomona Park,Putnam,753.0,1998
Welaka,Putnam,599.0,1998
Hastings,St. Johns,668.0,1998
St. Augustine,St. Johns,12481.0,1998
St. Augustine Beach,St. Johns,4115.0,1998
Fort Pierce,St. Lucie,38071.0,1998
Port St. Lucie,St. Lucie,80434.0,1998
St. Lucie Village,St. Lucie,608.0,1998
Gulf Breeze,Santa Rosa,6154.0,1998
Jay,Santa Rosa,672.0,1998
Milton,Santa Rosa,7722.0,1998
North Port,Sarasota,17672.0,1998
Sarasota,Sarasota,51650.0,1998
Venice,Sarasota,19069.0,1998
Altamonte Springs,Seminole,39623.0,1998
Casselberry,Seminole,24587.0,1998
Lake Mary,Seminole,9506.0,1998
Longwood,Seminole,13851.0,1998
Oviedo,Seminole,21674.0,1998
Sanford,Seminole,36274.0,1998
Winter Springs,Seminole,28404.0,1998
Bushnell,Sumter,2423.0,1998
Center Hill,Sumter,791.0,1998
Coleman,Sumter,824.0,1998
Webster,Sumter,831.0,1998
Wildwood,Sumter,4077.0,1998
Branford,Suwannee,644.0,1998
Live Oak,Suwannee,6589.0,1998
Perry,Taylor,7218.0,1998
Lake Butler,Union,2068.0,1998
Raiford,Union,244.0,1998
Worthington Springs,Union,200.0,1998
Daytona Beach,Volusia,65016.0,1998
Daytona Beach Shores,Volusia,2926.0,1998
DeBary,Volusia,12819.0,1998
DeLand,Volusia,18505.0,1998
Deltona,Volusia,59717.0,1998
Edgewater,Volusia,18255.0,1998
Holly Hill,Volusia,11323.0,1998
Lake Helen,Volusia,2536.0,1998
New Smyrna Beach,Volusia,18503.0,1998
Oak Hill,Volusia,1120.0,1998
Orange City,Volusia,6292.0,1998
Ormond Beach,Volusia,34791.0,1998
Pierson,Volusia,1240.0,1998
Ponce Inlet,Volusia,2430.0,1998
Port Orange,Volusia,44033.0,1998
South Daytona,Volusia,13110.0,1998
St. Marks,Wakulla,307.0,1998
Sopchoppy,Wakulla,456.0,1998
DeFuniak Springs,Walton,5598.0,1998
Freeport,Walton,1145.0,1998
Paxton,Walton,637.0,1998
Caryville,Washington,332.0,1998
Chipley,Washington,4096.0,1998
Ebro,Washington,271.0,1998
Vernon,Washington,934.0,1998
Wausau,Washington,382.0,1998
Incorporated Population,,7406080.0,1998
Total Population,,15000475.0,1998
Incorporated Pop. as % of Total Pop.,,0.4937230321039834,1998
Alachua,Alachua,5745.0,1997
Archer,Alachua,1427.0,1997
Gainesville,Alachua,99870.0,1997
Hawthorne,Alachua,1392.0,1997
High Springs,Alachua,3738.0,1997
La Crosse,Alachua,139.0,1997
Micanopy,Alachua,651.0,1997
Newberry,Alachua,2437.0,1997
Waldo,Alachua,1042.0,1997
Glen St. Mary,Baker,460.0,1997
Macclenny,Baker,4271.0,1997
Callaway,Bay,14091.0,1997
Cedar Grove,Bay,2135.0,1997
Lynn Haven,Bay,11893.0,1997
Mexico Beach,Bay,1023.0,1997
Panama City,Bay,37347.0,1997
Panama City Beach,Bay,4710.0,1997
Parker,Bay,5001.0,1997
Springfield,Bay,9459.0,1997
Brooker,Bradford,335.0,1997
Hampton,Bradford,302.0,1997
Lawtey,Bradford,661.0,1997
Starke,Bradford,5198.0,1997
Cape Canaveral,Brevard,8492.0,1997
Cocoa,Brevard,17744.0,1997
Cocoa Beach,Brevard,12818.0,1997
Indialantic,Brevard,3043.0,1997
Indian Harbour Beach,Brevard,7703.0,1997
Malabar,Brevard,2395.0,1997
Melbourne,Brevard,68056.0,1997
Melbourne Beach,Brevard,3215.0,1997
Melbourne Village,Brevard,616.0,1997
Palm Bay,Brevard,75987.0,1997
Palm Shores,Brevard,586.0,1997
Rockledge,Brevard,18948.0,1997
Satellite Beach,Brevard,10212.0,1997
Titusville,Brevard,41376.0,1997
West Melbourne,Brevard,9418.0,1997
Coconut Creek,Broward,35949.0,1997
Cooper City,Broward,27920.0,1997
Coral Springs,Broward,102916.0,1997
Dania Beach,Broward,17478.0,1997
Davie,Broward,61813.0,1997
Deerfield Beach,Broward,49384.0,1997
Fort Lauderdale,Broward,150175.0,1997
Hallandale Beach,Broward,31470.0,1997
Hillsboro Beach,Broward,1761.0,1997
Hollywood,Broward,126522.0,1997
Lauderdale Lakes,Broward,27854.0,1997
Lauderdale-By-The-Sea,Broward,2985.0,1997
Lauderhill,Broward,50198.0,1997
Lazy Lake,Broward,36.0,1997
Lighthouse Point,Broward,10469.0,1997
Margate,Broward,49908.0,1997
Miramar,Broward,50058.0,1997
North Lauderdale,Broward,27806.0,1997
Oakland Park,Broward,28200.0,1997
Parkland,Broward,11268.0,1997
Pembroke Park,Broward,4874.0,1997
Pembroke Pines,Broward,104143.0,1997
Plantation,Broward,77450.0,1997
Pompano Beach,Broward,74245.0,1997
Sea Ranch Lakes,Broward,619.0,1997
Sunrise,Broward,75310.0,1997
Tamarac,Broward,50792.0,1997
Weston,Broward,24910.0,1997
Wilton Manors,Broward,11837.0,1997
Altha,Calhoun,637.0,1997
Blountstown,Calhoun,2443.0,1997
Punta Gorda,Charlotte,12531.0,1997
Crystal River,Citrus,4114.0,1997
Inverness,Citrus,6801.0,1997
Green Cove Springs,Clay,5032.0,1997
Keystone Heights,Clay,1345.0,1997
Orange Park,Clay,9481.0,1997
Penney Farms,Clay,651.0,1997
Everglades,Collier,544.0,1997
Naples,Collier,21202.0,1997
Fort White,Columbia,526.0,1997
Lake City,Columbia,10052.0,1997
Arcadia,De Soto,6577.0,1997
Cross City,Dixie,2089.0,1997
Horseshoe Beach,Dixie,199.0,1997
Atlantic Beach,Duval,13316.0,1997
Baldwin,Duval,1565.0,1997
Jacksonville,Duval,698735.0,1997
Jacksonville Beach,Duval,20349.0,1997
Neptune Beach,Duval,7543.0,1997
Century,Escambia,1968.0,1997
Pensacola,Escambia,60591.0,1997
Beverly Beach,Flagler,326.0,1997
Bunnell,Flagler,2078.0,1997
Flagler Beach,Flagler,4246.0,1997
Marineland,Flagler/St. Johns,17.0,1997
Apalachicola,Franklin,2815.0,1997
Carrabelle,Franklin,1389.0,1997
Chattahoochee,Gadsden,3917.0,1997
Greensboro,Gadsden,597.0,1997
Gretna,Gadsden,2862.0,1997
Havana,Gadsden,1801.0,1997
Midway,Gadsden,1175.0,1997
Quincy,Gadsden,7374.0,1997
Bell,Gilchrist,284.0,1997
Trenton,Gilchrist,1351.0,1997
Fanning Springs,Gilchrist/Levy,534.0,1997
Moore Haven,Glades,1554.0,1997
Port St. Joe,Gulf,4117.0,1997
Wewahitchka,Gulf,1958.0,1997
Jasper,Hamilton,2096.0,1997
Jennings,Hamilton,798.0,1997
White Springs,Hamilton,841.0,1997
Bowling Green,Hardee,1814.0,1997
Wauchula,Hardee,3556.0,1997
Zolfo Springs,Hardee,1254.0,1997
Clewiston,Hendry,6354.0,1997
LaBelle,Hendry,3177.0,1997
Brooksville,Hernando,7798.0,1997
Weeki Wachee,Hernando,12.0,1997
Avon Park,Highlands,8183.0,1997
Lake Placid,Highlands,1409.0,1997
Sebring,Highlands,8845.0,1997
Plant City,Hillsborough,26645.0,1997
Tampa,Hillsborough,290886.0,1997
Temple Terrace,Hillsborough,20337.0,1997
Bonifay,Holmes,2784.0,1997
Esto,Holmes,331.0,1997
Noma,Holmes,229.0,1997
Ponce de Leon,Holmes,463.0,1997
Westville,Holmes,297.0,1997
Fellsmere,Indian River,2468.0,1997
Indian River Shores,Indian River,2689.0,1997
Orchid,Indian River,45.0,1997
Sebastian,Indian River,14470.0,1997
Vero Beach,Indian River,17787.0,1997
Alford,Jackson,574.0,1997
Bascom,Jackson,123.0,1997
Campbellton,Jackson,255.0,1997
Cottondale,Jackson,1157.0,1997
Graceville,Jackson,2654.0,1997
Grand Ridge,Jackson,722.0,1997
Greenwood,Jackson,643.0,1997
Jacob City,Jackson,324.0,1997
Malone,Jackson,2081.0,1997
Marianna,Jackson,6750.0,1997
Sneads,Jackson,2143.0,1997
Monticello,Jefferson,2907.0,1997
Mayo,Lafayette,967.0,1997
Astatula,Lake,1219.0,1997
Clermont,Lake,7582.0,1997
Eustis,Lake,14631.0,1997
Fruitland Park,Lake,2977.0,1997
Groveland,Lake,2523.0,1997
Howey-in-the-Hills,Lake,829.0,1997
Lady Lake,Lake,12383.0,1997
Leesburg,Lake,15409.0,1997
Mascotte,Lake,2428.0,1997
Minneola,Lake,2814.0,1997
Montverde,Lake,1138.0,1997
Mount Dora,Lake,8628.0,1997
Tavares,Lake,8331.0,1997
Umatilla,Lake,2434.0,1997
Cape Coral,Lee,90026.0,1997
Fort Myers,Lee,46522.0,1997
Fort Myers Beach,Lee,6034.0,1997
Sanibel,Lee,5884.0,1997
Tallahassee,Leon,140643.0,1997
Bronson,Levy,887.0,1997
Cedar Key,Levy,731.0,1997
Chiefland,Levy,1989.0,1997
Inglis,Levy,1318.0,1997
Otter Creek,Levy,117.0,1997
Williston,Levy,2270.0,1997
Yankeetown,Levy,612.0,1997
Bristol,Liberty,1241.0,1997
Greenville,Madison,1002.0,1997
Lee,Madison,338.0,1997
Madison,Madison,3428.0,1997
Anna Maria,Manatee,1862.0,1997
Bradenton,Manatee,48011.0,1997
Bradenton Beach,Manatee,1692.0,1997
Holmes Beach,Manatee,5082.0,1997
Palmetto,Manatee,10115.0,1997
Longboat Key,Manatee/Sarasota,6604.0,1997
Belleview,Marion,3463.0,1997
Dunnellon,Marion,1783.0,1997
McIntosh,Marion,428.0,1997
Ocala,Marion,43630.0,1997
Reddick,Marion,559.0,1997
Jupiter Island,Martin,584.0,1997
Ocean Breeze Park,Martin,514.0,1997
Sewall's Point,Martin,1758.0,1997
Stuart,Martin,13801.0,1997
Aventura,Miami-Dade,20383.0,1997
Bal Harbour,Miami-Dade,3131.0,1997
Bay Harbor Islands,Miami-Dade,4688.0,1997
Biscayne Park,Miami-Dade,3032.0,1997
Coral Gables,Miami-Dade,42238.0,1997
El Portal,Miami-Dade,2510.0,1997
Florida City,Miami-Dade,5978.0,1997
Golden Beach,Miami-Dade,840.0,1997
Hialeah,Miami-Dade,207053.0,1997
Hialeah Gardens,Miami-Dade,16630.0,1997
Homestead,Miami-Dade,25865.0,1997
Indian Creek,Miami-Dade,52.0,1997
Islandia,Miami-Dade,13.0,1997
Key Biscayne,Miami-Dade,8937.0,1997
Medley,Miami-Dade,877.0,1997
Miami,Miami-Dade,364719.0,1997
Miami Beach,Miami-Dade,92927.0,1997
Miami Shores,Miami-Dade,10214.0,1997
Miami Springs,Miami-Dade,13320.0,1997
North Bay Village,Miami-Dade,5934.0,1997
North Miami,Miami-Dade,50393.0,1997
North Miami Beach,Miami-Dade,37151.0,1997
Opa-locka,Miami-Dade,15771.0,1997
Pinecrest,Miami-Dade,18431.0,1997
South Miami,Miami-Dade,10521.0,1997
Surfside,Miami-Dade,4361.0,1997
Sweetwater,Miami-Dade,14011.0,1997
Virginia Gardens,Miami-Dade,2264.0,1997
West Miami,Miami-Dade,5819.0,1997
Key Colony Beach,Monroe,1048.0,1997
Key West,Monroe,27305.0,1997
Layton,Monroe,197.0,1997
Callahan,Nassau,1018.0,1997
Fernandina Beach,Nassau,10438.0,1997
Hilliard,Nassau,2552.0,1997
Cinco Bayou,Okaloosa,413.0,1997
Crestview,Okaloosa,13018.0,1997
Destin,Okaloosa,10690.0,1997
Fort Walton Beach,Okaloosa,22044.0,1997
Laurel Hill,Okaloosa,614.0,1997
Mary Esther,Okaloosa,4384.0,1997
Niceville,Okaloosa,11815.0,1997
Shalimar,Okaloosa,647.0,1997
Valparaiso,Okaloosa,6645.0,1997
Okeechobee,Okeechobee,5071.0,1997
Apopka,Orange,20373.0,1997
Bay Lake,Orange,24.0,1997
Belle Isle,Orange,5603.0,1997
Eatonville,Orange,2479.0,1997
Edgewood,Orange,1534.0,1997
Lake Buena Vista,Orange,23.0,1997
Maitland,Orange,9892.0,1997
Oakland,Orange,788.0,1997
Ocoee,Orange,20560.0,1997
Orlando,Orange,176373.0,1997
Windermere,Orange,1763.0,1997
Winter Garden,Orange,12738.0,1997
Winter Park,Orange,24855.0,1997
Kissimmee,Osceola,38787.0,1997
St. Cloud,Osceola,16969.0,1997
Atlantis,Palm Beach,1696.0,1997
Belle Glade,Palm Beach,16763.0,1997
Boca Raton,Palm Beach,68432.0,1997
Boynton Beach,Palm Beach,52311.0,1997
Briny Breezes,Palm Beach,399.0,1997
Cloud Lake,Palm Beach,116.0,1997
Delray Beach,Palm Beach,52920.0,1997
Glen Ridge,Palm Beach,219.0,1997
Golf,Palm Beach,191.0,1997
Golfview,Palm Beach,153.0,1997
Greenacres,Palm Beach,24065.0,1997
Gulf Stream,Palm Beach,709.0,1997
Haverhill,Palm Beach,1184.0,1997
Highland Beach,Palm Beach,3285.0,1997
Hypoluxo,Palm Beach,1380.0,1997
Juno Beach,Palm Beach,2845.0,1997
Jupiter,Palm Beach,30992.0,1997
Jupiter Inlet Colony,Palm Beach,414.0,1997
Lake Clarke Shores,Palm Beach,3648.0,1997
Lake Park,Palm Beach,6864.0,1997
Lake Worth Beach,Palm Beach,30295.0,1997
Lantana,Palm Beach,8595.0,1997
Manalapan,Palm Beach,335.0,1997
Mangonia Park,Palm Beach,1383.0,1997
North Palm Beach,Palm Beach,12141.0,1997
Ocean Ridge,Palm Beach,1646.0,1997
Pahokee,Palm Beach,6983.0,1997
Palm Beach,Palm Beach,9781.0,1997
Palm Beach Gardens,Palm Beach,33229.0,1997
Palm Beach Shores,Palm Beach,1026.0,1997
Palm Springs,Palm Beach,10146.0,1997
Riviera Beach,Palm Beach,28318.0,1997
Royal Palm Beach,Palm Beach,18221.0,1997
South Bay,Palm Beach,3362.0,1997
South Palm Beach,Palm Beach,1502.0,1997
Tequesta,Palm Beach,4686.0,1997
Wellington,Palm Beach,27039.0,1997
West Palm Beach,Palm Beach,79783.0,1997
Dade City,Pasco,6136.0,1997
New Port Richey,Pasco,14622.0,1997
Port Richey,Pasco,2670.0,1997
St. Leo,Pasco,714.0,1997
San Antonio,Pasco,889.0,1997
Zephyrhills,Pasco,8913.0,1997
Belleair,Pinellas,4104.0,1997
Belleair Beach,Pinellas,2154.0,1997
Belleair Bluffs,Pinellas,2217.0,1997
Belleair Shore,Pinellas,59.0,1997
Clearwater,Pinellas,104472.0,1997
Dunedin,Pinellas,35586.0,1997
Gulfport,Pinellas,11886.0,1997
Indian Rocks Beach,Pinellas,4214.0,1997
Indian Shores,Pinellas,1484.0,1997
Kenneth City,Pinellas,4347.0,1997
Largo,Pinellas,68038.0,1997
Madeira Beach,Pinellas,4160.0,1997
North Redington Beach,Pinellas,1149.0,1997
Oldsmar,Pinellas,9734.0,1997
Pinellas Park,Pinellas,44625.0,1997
Redington Beach,Pinellas,1615.0,1997
Redington Shores,Pinellas,2415.0,1997
Safety Harbor,Pinellas,16884.0,1997
St. Petersburg,Pinellas,241413.0,1997
St. Pete Beach,Pinellas,9597.0,1997
Seminole,Pinellas,9717.0,1997
South Pasadena,Pinellas,5897.0,1997
Tarpon Springs,Pinellas,19827.0,1997
Treasure Island,Pinellas,7353.0,1997
Auburndale,Polk,9378.0,1997
Bartow,Polk,14925.0,1997
Davenport,Polk,2123.0,1997
Dundee,Polk,2601.0,1997
Eagle Lake,Polk,1909.0,1997
Fort Meade,Polk,5465.0,1997
Frostproof,Polk,2890.0,1997
Haines City,Polk,13341.0,1997
Highland Park,Polk,157.0,1997
Hillcrest Heights,Polk,237.0,1997
Lake Alfred,Polk,3799.0,1997
Lake Hamilton,Polk,1146.0,1997
Lake Wales,Polk,10027.0,1997
Lakeland,Polk,75265.0,1997
Mulberry,Polk,3327.0,1997
Polk City,Polk,1822.0,1997
Winter Haven,Polk,25638.0,1997
Crescent City,Putnam,1843.0,1997
Interlachen,Putnam,1403.0,1997
Palatka,Putnam,10666.0,1997
Pomona Park,Putnam,756.0,1997
Welaka,Putnam,596.0,1997
Hastings,St. Johns,661.0,1997
St. Augustine,St. Johns,12342.0,1997
St. Augustine Beach,St. Johns,4108.0,1997
Fort Pierce,St. Lucie,37484.0,1997
Port St. Lucie,St. Lucie,77985.0,1997
St. Lucie Village,St. Lucie,606.0,1997
Gulf Breeze,Santa Rosa,5987.0,1997
Jay,Santa Rosa,672.0,1997
Milton,Santa Rosa,7665.0,1997
North Port,Sarasota,16708.0,1997
Sarasota,Sarasota,51315.0,1997
Venice,Sarasota,18886.0,1997
Altamonte Springs,Seminole,39153.0,1997
Casselberry,Seminole,24552.0,1997
Lake Mary,Seminole,8289.0,1997
Longwood,Seminole,13674.0,1997
Oviedo,Seminole,20497.0,1997
Sanford,Seminole,35529.0,1997
Winter Springs,Seminole,27466.0,1997
Bushnell,Sumter,2384.0,1997
Center Hill,Sumter,783.0,1997
Coleman,Sumter,849.0,1997
Webster,Sumter,818.0,1997
Wildwood,Sumter,4015.0,1997
Branford,Suwannee,646.0,1997
Live Oak,Suwannee,6578.0,1997
Perry,Taylor,7210.0,1997
Lake Butler,Union,2073.0,1997
Raiford,Union,236.0,1997
Worthington Springs,Union,189.0,1997
Daytona Beach,Volusia,64138.0,1997
Daytona Beach Shores,Volusia,2901.0,1997
DeBary,Volusia,12321.0,1997
DeLand,Volusia,18371.0,1997
Deltona,Volusia,58434.0,1997
Edgewater,Volusia,18077.0,1997
Holly Hill,Volusia,11269.0,1997
Lake Helen,Volusia,2515.0,1997
New Smyrna Beach,Volusia,18425.0,1997
Oak Hill,Volusia,1104.0,1997
Orange City,Volusia,6248.0,1997
Ormond Beach,Volusia,34038.0,1997
Pierson,Volusia,1249.0,1997
Ponce Inlet,Volusia,2408.0,1997
Port Orange,Volusia,41561.0,1997
South Daytona,Volusia,12945.0,1997
St. Marks,Wakulla,308.0,1997
Sopchoppy,Wakulla,423.0,1997
DeFuniak Springs,Walton,5466.0,1997
Freeport,Walton,1103.0,1997
Paxton,Walton,630.0,1997
Caryville,Washington,333.0,1997
Chipley,Washington,4091.0,1997
Ebro,Washington,269.0,1997
Vernon,Washington,909.0,1997
Wausau,Washington,343.0,1997
Incorporated Population,,7253318.0,1997
Total Population,,14712922.0,1997
Incorporated Pop. as % of Total Pop.,,0.492989631835199,1997
Alachua,Alachua,5882.0,1996
Archer,Alachua,1407.0,1996
Gainesville,Alachua,97693.0,1996
Hawthorne,Alachua,1381.0,1996
High Springs,Alachua,3571.0,1996
La Crosse,Alachua,139.0,1996
Micanopy,Alachua,645.0,1996
Newberry,Alachua,2289.0,1996
Waldo,Alachua,1042.0,1996
Glen St. Mary,Baker,460.0,1996
Macclenny,Baker,4253.0,1996
Callaway,Bay,14044.0,1996
Cedar Grove,Bay,2102.0,1996
Lynn Haven,Bay,11353.0,1996
Mexico Beach,Bay,973.0,1996
Panama City,Bay,37236.0,1996
Panama City Beach,Bay,4554.0,1996
Parker,Bay,4976.0,1996
Springfield,Bay,9482.0,1996
Brooker,Bradford,331.0,1996
Hampton,Bradford,312.0,1996
Lawtey,Bradford,668.0,1996
Starke,Bradford,5163.0,1996
Cape Canaveral,Brevard,8375.0,1996
Cocoa,Brevard,17874.0,1996
Cocoa Beach,Brevard,12794.0,1996
Indialantic,Brevard,2938.0,1996
Indian Harbour Beach,Brevard,7579.0,1996
Malabar,Brevard,2364.0,1996
Melbourne,Brevard,66970.0,1996
Melbourne Beach,Brevard,3198.0,1996
Melbourne Village,Brevard,612.0,1996
Palm Bay,Brevard,74395.0,1996
Palm Shores,Brevard,578.0,1996
Rockledge,Brevard,18434.0,1996
Satellite Beach,Brevard,10106.0,1996
Titusville,Brevard,41321.0,1996
West Melbourne,Brevard,9171.0,1996
Coconut Creek,Broward,34528.0,1996
Cooper City,Broward,27686.0,1996
Coral Springs,Broward,98553.0,1996
Dania Beach,Broward,17320.0,1996
Davie,Broward,59393.0,1996
Deerfield Beach,Broward,48974.0,1996
Fort Lauderdale,Broward,150150.0,1996
Hallandale Beach,Broward,31458.0,1996
Hillsboro Beach,Broward,1753.0,1996
Hollywood,Broward,125689.0,1996
Lauderdale Lakes,Broward,27859.0,1996
Lauderdale-By-The-Sea,Broward,3000.0,1996
Lauderhill,Broward,50020.0,1996
Lazy Lake,Broward,40.0,1996
Lighthouse Point,Broward,10470.0,1996
Margate,Broward,48168.0,1996
Miramar,Broward,46490.0,1996
North Lauderdale,Broward,27354.0,1996
Oakland Park,Broward,28144.0,1996
Parkland,Broward,10378.0,1996
Pembroke Park,Broward,4949.0,1996
Pembroke Pines,Broward,94354.0,1996
Plantation,Broward,76223.0,1996
Pompano Beach,Broward,74271.0,1996
Sea Ranch Lakes,Broward,619.0,1996
Sunrise,Broward,74766.0,1996
Tamarac,Broward,50051.0,1996
Wilton Manors,Broward,11886.0,1996
Altha,Calhoun,604.0,1996
Blountstown,Calhoun,2484.0,1996
Punta Gorda,Charlotte,12308.0,1996
Crystal River,Citrus,4072.0,1996
Inverness,Citrus,6741.0,1996
Green Cove Springs,Clay,4988.0,1996
Keystone Heights,Clay,1340.0,1996
Orange Park,Clay,9508.0,1996
Penney Farms,Clay,636.0,1996
Everglades,Collier,541.0,1996
Naples,Collier,21127.0,1996
Fort White,Columbia,517.0,1996
Lake City,Columbia,10049.0,1996
Arcadia,De Soto,6600.0,1996
Cross City,Dixie,2070.0,1996
Horseshoe Beach,Dixie,194.0,1996
Atlantic Beach,Duval,13116.0,1996
Baldwin,Duval,1560.0,1996
Jacksonville,Duval,686172.0,1996
Jacksonville Beach,Duval,20086.0,1996
Neptune Beach,Duval,7503.0,1996
Century,Escambia,2040.0,1996
Pensacola,Escambia,60658.0,1996
Beverly Beach,Flagler,324.0,1996
Bunnell,Flagler,2048.0,1996
Flagler Beach,Flagler,4225.0,1996
Marineland,Flagler/St. Johns,12.0,1996
Apalachicola,Franklin,2798.0,1996
Carrabelle,Franklin,1361.0,1996
Chattahoochee,Gadsden,4104.0,1996
Greensboro,Gadsden,592.0,1996
Gretna,Gadsden,2841.0,1996
Havana,Gadsden,1864.0,1996
Midway,Gadsden,1172.0,1996
Quincy,Gadsden,7336.0,1996
Bell,Gilchrist,286.0,1996
Trenton,Gilchrist,1346.0,1996
Fanning Springs,Gilchrist/Levy,534.0,1996
Moore Haven,Glades,1548.0,1996
Port St. Joe,Gulf,4128.0,1996
Wewahitchka,Gulf,1830.0,1996
Jasper,Hamilton,2075.0,1996
Jennings,Hamilton,783.0,1996
White Springs,Hamilton,817.0,1996
Bowling Green,Hardee,1876.0,1996
Wauchula,Hardee,3573.0,1996
Zolfo Springs,Hardee,1247.0,1996
Clewiston,Hendry,6349.0,1996
LaBelle,Hendry,3125.0,1996
Brooksville,Hernando,7794.0,1996
Weeki Wachee,Hernando,11.0,1996
Avon Park,Highlands,8110.0,1996
Lake Placid,Highlands,1427.0,1996
Sebring,Highlands,8955.0,1996
Plant City,Hillsborough,26081.0,1996
Tampa,Hillsborough,289337.0,1996
Temple Terrace,Hillsborough,19138.0,1996
Bonifay,Holmes,2759.0,1996
Esto,Holmes,321.0,1996
Noma,Holmes,219.0,1996
Ponce de Leon,Holmes,466.0,1996
Westville,Holmes,292.0,1996
Fellsmere,Indian River,2412.0,1996
Indian River Shores,Indian River,2640.0,1996
Orchid,Indian River,29.0,1996
Sebastian,Indian River,13967.0,1996
Vero Beach,Indian River,17697.0,1996
Alford,Jackson,536.0,1996
Bascom,Jackson,117.0,1996
Campbellton,Jackson,251.0,1996
Cottondale,Jackson,1079.0,1996
Graceville,Jackson,2688.0,1996
Grand Ridge,Jackson,703.0,1996
Greenwood,Jackson,627.0,1996
Jacob City,Jackson,320.0,1996
Malone,Jackson,2205.0,1996
Marianna,Jackson,6546.0,1996
Sneads,Jackson,2096.0,1996
Monticello,Jefferson,2884.0,1996
Mayo,Lafayette,930.0,1996
Astatula,Lake,1175.0,1996
Clermont,Lake,7291.0,1996
Eustis,Lake,14286.0,1996
Fruitland Park,Lake,2981.0,1996
Groveland,Lake,2487.0,1996
Howey-in-the-Hills,Lake,796.0,1996
Lady Lake,Lake,12287.0,1996
Leesburg,Lake,15352.0,1996
Mascotte,Lake,2376.0,1996
Minneola,Lake,2463.0,1996
Montverde,Lake,1111.0,1996
Mount Dora,Lake,8483.0,1996
Tavares,Lake,8233.0,1996
Umatilla,Lake,2432.0,1996
Cape Coral,Lee,87632.0,1996
Fort Myers,Lee,46328.0,1996
Fort Myers Beach,Lee,6039.0,1996
Sanibel,Lee,5838.0,1996
Tallahassee,Leon,138863.0,1996
Bronson,Levy,854.0,1996
Cedar Key,Levy,742.0,1996
Chiefland,Levy,1989.0,1996
Inglis,Levy,1295.0,1996
Otter Creek,Levy,126.0,1996
Williston,Levy,2269.0,1996
Yankeetown,Levy,612.0,1996
Bristol,Liberty,1130.0,1996
Greenville,Madison,1010.0,1996
Lee,Madison,314.0,1996
Madison,Madison,3463.0,1996
Anna Maria,Manatee,1843.0,1996
Bradenton,Manatee,48031.0,1996
Bradenton Beach,Manatee,1682.0,1996
Holmes Beach,Manatee,5043.0,1996
Palmetto,Manatee,9860.0,1996
Longboat Key,Manatee/Sarasota,6556.0,1996
Belleview,Marion,3307.0,1996
Dunnellon,Marion,1785.0,1996
McIntosh,Marion,422.0,1996
Ocala,Marion,43332.0,1996
Reddick,Marion,570.0,1996
Jupiter Island,Martin,581.0,1996
Ocean Breeze Park,Martin,510.0,1996
Sewall's Point,Martin,1736.0,1996
Stuart,Martin,13773.0,1996
Aventura,Miami-Dade,16996.0,1996
Bal Harbour,Miami-Dade,3117.0,1996
Bay Harbor Islands,Miami-Dade,4663.0,1996
Biscayne Park,Miami-Dade,3030.0,1996
Coral Gables,Miami-Dade,41205.0,1996
El Portal,Miami-Dade,2485.0,1996
Florida City,Miami-Dade,5590.0,1996
Golden Beach,Miami-Dade,835.0,1996
Hialeah,Miami-Dade,206500.0,1996
Hialeah Gardens,Miami-Dade,12208.0,1996
Homestead,Miami-Dade,25385.0,1996
Indian Creek,Miami-Dade,50.0,1996
Islandia,Miami-Dade,13.0,1996
Key Biscayne,Miami-Dade,8886.0,1996
Medley,Miami-Dade,884.0,1996
Miami,Miami-Dade,365127.0,1996
Miami Beach,Miami-Dade,91848.0,1996
Miami Shores,Miami-Dade,10162.0,1996
Miami Springs,Miami-Dade,13358.0,1996
North Bay Village,Miami-Dade,5894.0,1996
North Miami,Miami-Dade,50757.0,1996
North Miami Beach,Miami-Dade,38057.0,1996
Opa-locka,Miami-Dade,15790.0,1996
Pinecrest,Miami-Dade,18988.0,1996
South Miami,Miami-Dade,10537.0,1996
Surfside,Miami-Dade,4361.0,1996
Sweetwater,Miami-Dade,14060.0,1996
Virginia Gardens,Miami-Dade,2267.0,1996
West Miami,Miami-Dade,5832.0,1996
Key Colony Beach,Monroe,1048.0,1996
Key West,Monroe,27009.0,1996
Layton,Monroe,200.0,1996
Callahan,Nassau,1018.0,1996
Fernandina Beach,Nassau,9988.0,1996
Hilliard,Nassau,2509.0,1996
Cinco Bayou,Okaloosa,410.0,1996
Crestview,Okaloosa,12429.0,1996
Destin,Okaloosa,9802.0,1996
Fort Walton Beach,Okaloosa,22037.0,1996
Laurel Hill,Okaloosa,600.0,1996
Mary Esther,Okaloosa,4406.0,1996
Niceville,Okaloosa,11705.0,1996
Shalimar,Okaloosa,630.0,1996
Valparaiso,Okaloosa,6635.0,1996
Okeechobee,Okeechobee,5069.0,1996
Apopka,Orange,19255.0,1996
Bay Lake,Orange,24.0,1996
Belle Isle,Orange,5596.0,1996
Eatonville,Orange,2506.0,1996
Edgewood,Orange,1479.0,1996
Lake Buena Vista,Orange,23.0,1996
Maitland,Orange,9871.0,1996
Oakland,Orange,748.0,1996
Ocoee,Orange,19261.0,1996
Orlando,Orange,173122.0,1996
Windermere,Orange,1776.0,1996
Winter Garden,Orange,12413.0,1996
Winter Park,Orange,24750.0,1996
Kissimmee,Osceola,38175.0,1996
St. Cloud,Osceola,16601.0,1996
Atlantis,Palm Beach,1694.0,1996
Belle Glade,Palm Beach,16858.0,1996
Boca Raton,Palm Beach,67754.0,1996
Boynton Beach,Palm Beach,50940.0,1996
Briny Breezes,Palm Beach,398.0,1996
Cloud Lake,Palm Beach,121.0,1996
Delray Beach,Palm Beach,52039.0,1996
Glen Ridge,Palm Beach,219.0,1996
Golf,Palm Beach,195.0,1996
Golfview,Palm Beach,153.0,1996
Greenacres,Palm Beach,23733.0,1996
Gulf Stream,Palm Beach,707.0,1996
Haverhill,Palm Beach,1187.0,1996
Highland Beach,Palm Beach,3264.0,1996
Hypoluxo,Palm Beach,1371.0,1996
Juno Beach,Palm Beach,2659.0,1996
Jupiter,Palm Beach,30599.0,1996
Jupiter Inlet Colony,Palm Beach,421.0,1996
Lake Clarke Shores,Palm Beach,3640.0,1996
Lake Park,Palm Beach,6887.0,1996
Lake Worth Beach,Palm Beach,29844.0,1996
Lantana,Palm Beach,8477.0,1996
Manalapan,Palm Beach,330.0,1996
Mangonia Park,Palm Beach,1392.0,1996
North Palm Beach,Palm Beach,11855.0,1996
Ocean Ridge,Palm Beach,1635.0,1996
Pahokee,Palm Beach,6935.0,1996
Palm Beach,Palm Beach,9790.0,1996
Palm Beach Gardens,Palm Beach,31909.0,1996
Palm Beach Shores,Palm Beach,1028.0,1996
Palm Springs,Palm Beach,9950.0,1996
Riviera Beach,Palm Beach,27782.0,1996
Royal Palm Beach,Palm Beach,17668.0,1996
South Bay,Palm Beach,3329.0,1996
South Palm Beach,Palm Beach,1498.0,1996
Tequesta,Palm Beach,4673.0,1996
Wellington,Palm Beach,26148.0,1996
West Palm Beach,Palm Beach,78370.0,1996
Dade City,Pasco,5963.0,1996
New Port Richey,Pasco,14555.0,1996
Port Richey,Pasco,2629.0,1996
St. Leo,Pasco,690.0,1996
San Antonio,Pasco,831.0,1996
Zephyrhills,Pasco,8867.0,1996
Belleair,Pinellas,4080.0,1996
Belleair Beach,Pinellas,2138.0,1996
Belleair Bluffs,Pinellas,2221.0,1996
Belleair Shore,Pinellas,60.0,1996
Clearwater,Pinellas,101867.0,1996
Dunedin,Pinellas,35104.0,1996
Gulfport,Pinellas,11871.0,1996
Indian Rocks Beach,Pinellas,4169.0,1996
Indian Shores,Pinellas,1473.0,1996
Kenneth City,Pinellas,4334.0,1996
Largo,Pinellas,67798.0,1996
Madeira Beach,Pinellas,4225.0,1996
North Redington Beach,Pinellas,1147.0,1996
Oldsmar,Pinellas,9224.0,1996
Pinellas Park,Pinellas,44472.0,1996
Redington Beach,Pinellas,1605.0,1996
Redington Shores,Pinellas,2411.0,1996
Safety Harbor,Pinellas,16750.0,1996
St. Petersburg,Pinellas,241276.0,1996
St. Pete Beach,Pinellas,9589.0,1996
Seminole,Pinellas,9658.0,1996
South Pasadena,Pinellas,5867.0,1996
Tarpon Springs,Pinellas,19507.0,1996
Treasure Island,Pinellas,7347.0,1996
Auburndale,Polk,9323.0,1996
Bartow,Polk,15025.0,1996
Davenport,Polk,1981.0,1996
Dundee,Polk,2572.0,1996
Eagle Lake,Polk,1903.0,1996
Fort Meade,Polk,5455.0,1996
Frostproof,Polk,2904.0,1996
Haines City,Polk,12911.0,1996
Highland Park,Polk,155.0,1996
Hillcrest Heights,Polk,235.0,1996
Lake Alfred,Polk,3771.0,1996
Lake Hamilton,Polk,1137.0,1996
Lake Wales,Polk,9928.0,1996
Lakeland,Polk,75422.0,1996
Mulberry,Polk,3314.0,1996
Polk City,Polk,1644.0,1996
Winter Haven,Polk,25485.0,1996
Crescent City,Putnam,1847.0,1996
Interlachen,Putnam,1390.0,1996
Palatka,Putnam,10685.0,1996
Pomona Park,Putnam,755.0,1996
Welaka,Putnam,601.0,1996
Hastings,St. Johns,648.0,1996
St. Augustine,St. Johns,12149.0,1996
St. Augustine Beach,St. Johns,4116.0,1996
Fort Pierce,St. Lucie,37273.0,1996
Port St. Lucie,St. Lucie,74894.0,1996
St. Lucie Village,St. Lucie,633.0,1996
Gulf Breeze,Santa Rosa,5959.0,1996
Jay,Santa Rosa,683.0,1996
Milton,Santa Rosa,7534.0,1996
North Port,Sarasota,15905.0,1996
Sarasota,Sarasota,51311.0,1996
Venice,Sarasota,18619.0,1996
Altamonte Springs,Seminole,38200.0,1996
Casselberry,Seminole,24393.0,1996
Lake Mary,Seminole,7470.0,1996
Longwood,Seminole,13598.0,1996
Oviedo,Seminole,19247.0,1996
Sanford,Seminole,35279.0,1996
Winter Springs,Seminole,26474.0,1996
Bushnell,Sumter,2358.0,1996
Center Hill,Sumter,762.0,1996
Coleman,Sumter,847.0,1996
Webster,Sumter,854.0,1996
Wildwood,Sumter,3989.0,1996
Branford,Suwannee,659.0,1996
Live Oak,Suwannee,6465.0,1996
Perry,Taylor,7216.0,1996
Lake Butler,Union,2084.0,1996
Raiford,Union,257.0,1996
Worthington Springs,Union,178.0,1996
Daytona Beach,Volusia,63796.0,1996
Daytona Beach Shores,Volusia,2870.0,1996
DeBary,Volusia,11568.0,1996
DeLand,Volusia,18000.0,1996
Deltona,Volusia,56148.0,1996
Edgewater,Volusia,17761.0,1996
Holly Hill,Volusia,11370.0,1996
Lake Helen,Volusia,2435.0,1996
New Smyrna Beach,Volusia,18239.0,1996
Oak Hill,Volusia,1083.0,1996
Orange City,Volusia,6137.0,1996
Ormond Beach,Volusia,32426.0,1996
Pierson,Volusia,1240.0,1996
Ponce Inlet,Volusia,2232.0,1996
Port Orange,Volusia,40543.0,1996
South Daytona,Volusia,12910.0,1996
St. Marks,Wakulla,297.0,1996
Sopchoppy,Wakulla,385.0,1996
DeFuniak Springs,Walton,5511.0,1996
Freeport,Walton,1080.0,1996
Paxton,Walton,625.0,1996
Caryville,Washington,579.0,1996
Chipley,Washington,4110.0,1996
Ebro,Washington,269.0,1996
Vernon,Washington,849.0,1996
Wausau,Washington,332.0,1996
Incorporated Population,,7116696.0,1996
Total Population,,14411563.0,1996
Incorporated Pop. as % of Total Pop.,,0.49381847062667666,1996
Alachua,Alachua,5612.0,1995
Archer,Alachua,1427.0,1995
Gainesville,Alachua,96051.0,1995
Hawthorne,Alachua,1381.0,1995
High Springs,Alachua,3477.0,1995
La Crosse,Alachua,113.0,1995
Micanopy,Alachua,647.0,1995
Newberry,Alachua,2135.0,1995
Waldo,Alachua,1047.0,1995
Glen St. Mary,Baker,467.0,1995
Macclenny,Baker,4201.0,1995
Callaway,Bay,13879.0,1995
Cedar Grove,Bay,1648.0,1995
Lynn Haven,Bay,10590.0,1995
Mexico Beach,Bay,1009.0,1995
Panama City,Bay,36706.0,1995
Panama City Beach,Bay,4583.0,1995
Parker,Bay,4926.0,1995
Springfield,Bay,9389.0,1995
Brooker,Bradford,312.0,1995
Hampton,Bradford,311.0,1995
Lawtey,Bradford,686.0,1995
Starke,Bradford,5142.0,1995
Cape Canaveral,Brevard,8399.0,1995
Cocoa,Brevard,17942.0,1995
Cocoa Beach,Brevard,12713.0,1995
Indialantic,Brevard,2940.0,1995
Indian Harbour Beach,Brevard,7498.0,1995
Malabar,Brevard,2313.0,1995
Melbourne,Brevard,66350.0,1995
Melbourne Beach,Brevard,3190.0,1995
Melbourne Village,Brevard,608.0,1995
Palm Bay,Brevard,73137.0,1995
Palm Shores,Brevard,484.0,1995
Rockledge,Brevard,18125.0,1995
Satellite Beach,Brevard,10105.0,1995
Titusville,Brevard,41495.0,1995
West Melbourne,Brevard,9023.0,1995
Coconut Creek,Broward,33388.0,1995
Cooper City,Broward,27398.0,1995
Coral Springs,Broward,93439.0,1995
Dania Beach,Broward,17201.0,1995
Davie,Broward,54611.0,1995
Deerfield Beach,Broward,48393.0,1995
Fort Lauderdale,Broward,149491.0,1995
Hallandale Beach,Broward,31489.0,1995
Hillsboro Beach,Broward,1758.0,1995
Hollywood,Broward,125342.0,1995
Lauderdale Lakes,Broward,27845.0,1995
Lauderdale-By-The-Sea,Broward,3003.0,1995
Lauderhill,Broward,50022.0,1995
Lazy Lake,Broward,40.0,1995
Lighthouse Point,Broward,10421.0,1995
Margate,Broward,47279.0,1995
Miramar,Broward,44412.0,1995
North Lauderdale,Broward,27237.0,1995
Oakland Park,Broward,28095.0,1995
Parkland,Broward,8491.0,1995
Pembroke Park,Broward,4911.0,1995
Pembroke Pines,Broward,87948.0,1995
Plantation,Broward,75184.0,1995
Pompano Beach,Broward,73950.0,1995
Sea Ranch Lakes,Broward,614.0,1995
Sunrise,Broward,73456.0,1995
Tamarac,Broward,48758.0,1995
Wilton Manors,Broward,11868.0,1995
Altha,Calhoun,558.0,1995
Blountstown,Calhoun,2465.0,1995
Punta Gorda,Charlotte,11978.0,1995
Crystal River,Citrus,4123.0,1995
Inverness,Citrus,6644.0,1995
Green Cove Springs,Clay,4847.0,1995
Keystone Heights,Clay,1333.0,1995
Orange Park,Clay,9514.0,1995
Penney Farms,Clay,638.0,1995
Everglades,Collier,543.0,1995
Naples,Collier,20605.0,1995
Fort White,Columbia,560.0,1995
Lake City,Columbia,10055.0,1995
Arcadia,De Soto,6617.0,1995
Cross City,Dixie,2033.0,1995
Horseshoe Beach,Dixie,186.0,1995
Atlantic Beach,Duval,12802.0,1995
Baldwin,Duval,1546.0,1995
Jacksonville,Duval,676718.0,1995
Jacksonville Beach,Duval,19866.0,1995
Neptune Beach,Duval,7423.0,1995
Century,Escambia,2046.0,1995
Pensacola,Escambia,60373.0,1995
Beverly Beach,Flagler,322.0,1995
Bunnell,Flagler,2087.0,1995
Flagler Beach,Flagler,4175.0,1995
Marineland,Flagler/St. Johns,12.0,1995
Apalachicola,Franklin,2796.0,1995
Carrabelle,Franklin,1358.0,1995
Chattahoochee,Gadsden,4259.0,1995
Greensboro,Gadsden,580.0,1995
Gretna,Gadsden,2298.0,1995
Havana,Gadsden,1858.0,1995
Midway,Gadsden,1110.0,1995
Quincy,Gadsden,7351.0,1995
Bell,Gilchrist,286.0,1995
Trenton,Gilchrist,1354.0,1995
Fanning Springs,Gilchrist/Levy,522.0,1995
Moore Haven,Glades,1558.0,1995
Port St. Joe,Gulf,4134.0,1995
Wewahitchka,Gulf,1821.0,1995
Jasper,Hamilton,2075.0,1995
Jennings,Hamilton,801.0,1995
White Springs,Hamilton,823.0,1995
Bowling Green,Hardee,1962.0,1995
Wauchula,Hardee,3632.0,1995
Zolfo Springs,Hardee,1264.0,1995
Clewiston,Hendry,6357.0,1995
LaBelle,Hendry,3095.0,1995
Brooksville,Hernando,7814.0,1995
Weeki Wachee,Hernando,7.0,1995
Avon Park,Highlands,8144.0,1995
Lake Placid,Highlands,1345.0,1995
Sebring,Highlands,8949.0,1995
Plant City,Hillsborough,25465.0,1995
Tampa,Hillsborough,285153.0,1995
Temple Terrace,Hillsborough,18724.0,1995
Bonifay,Holmes,2751.0,1995
Esto,Holmes,314.0,1995
Noma,Holmes,222.0,1995
Ponce de Leon,Holmes,450.0,1995
Westville,Holmes,283.0,1995
Fellsmere,Indian River,2354.0,1995
Indian River Shores,Indian River,2599.0,1995
Orchid,Indian River,25.0,1995
Sebastian,Indian River,13488.0,1995
Vero Beach,Indian River,17681.0,1995
Alford,Jackson,522.0,1995
Bascom,Jackson,96.0,1995
Campbellton,Jackson,244.0,1995
Cottondale,Jackson,995.0,1995
Graceville,Jackson,2696.0,1995
Grand Ridge,Jackson,608.0,1995
Greenwood,Jackson,502.0,1995
Jacob City,Jackson,308.0,1995
Malone,Jackson,2136.0,1995
Marianna,Jackson,6226.0,1995
Sneads,Jackson,2044.0,1995
Monticello,Jefferson,2896.0,1995
Mayo,Lafayette,936.0,1995
Astatula,Lake,1162.0,1995
Clermont,Lake,7233.0,1995
Eustis,Lake,13971.0,1995
Fruitland Park,Lake,2935.0,1995
Groveland,Lake,2391.0,1995
Howey-in-the-Hills,Lake,787.0,1995
Lady Lake,Lake,12045.0,1995
Leesburg,Lake,15014.0,1995
Mascotte,Lake,2297.0,1995
Minneola,Lake,2182.0,1995
Montverde,Lake,1097.0,1995
Mount Dora,Lake,8251.0,1995
Tavares,Lake,8078.0,1995
Umatilla,Lake,2406.0,1995
Cape Coral,Lee,85807.0,1995
Fort Myers,Lee,46474.0,1995
Sanibel,Lee,5753.0,1995
Tallahassee,Leon,137057.0,1995
Bronson,Levy,857.0,1995
Cedar Key,Levy,704.0,1995
Chiefland,Levy,1929.0,1995
Inglis,Levy,1282.0,1995
Otter Creek,Levy,124.0,1995
Williston,Levy,2258.0,1995
Yankeetown,Levy,617.0,1995
Bristol,Liberty,1027.0,1995
Greenville,Madison,1023.0,1995
Lee,Madison,314.0,1995
Madison,Madison,3420.0,1995
Anna Maria,Manatee,1840.0,1995
Bradenton,Manatee,47679.0,1995
Bradenton Beach,Manatee,1673.0,1995
Holmes Beach,Manatee,5025.0,1995
Palmetto,Manatee,9747.0,1995
Longboat Key,Manatee/Sarasota,6453.0,1995
Belleview,Marion,3287.0,1995
Dunnellon,Marion,1795.0,1995
McIntosh,Marion,423.0,1995
Ocala,Marion,43207.0,1995
Reddick,Marion,570.0,1995
Jupiter Island,Martin,581.0,1995
Ocean Breeze Park,Martin,515.0,1995
Sewall's Point,Martin,1707.0,1995
Stuart,Martin,13435.0,1995
Bal Harbour,Miami-Dade,3087.0,1995
Bay Harbor Islands,Miami-Dade,4717.0,1995
Biscayne Park,Miami-Dade,3068.0,1995
Coral Gables,Miami-Dade,40950.0,1995
El Portal,Miami-Dade,2500.0,1995
Florida City,Miami-Dade,4898.0,1995
Golden Beach,Miami-Dade,831.0,1995
Hialeah,Miami-Dade,203911.0,1995
Hialeah Gardens,Miami-Dade,11305.0,1995
Homestead,Miami-Dade,23190.0,1995
Indian Creek,Miami-Dade,52.0,1995
Islandia,Miami-Dade,13.0,1995
Key Biscayne,Miami-Dade,8892.0,1995
Medley,Miami-Dade,868.0,1995
Miami,Miami-Dade,365498.0,1995
Miami Beach,Miami-Dade,91775.0,1995
Miami Shores,Miami-Dade,10149.0,1995
Miami Springs,Miami-Dade,13353.0,1995
North Bay Village,Miami-Dade,5861.0,1995
North Miami,Miami-Dade,50758.0,1995
North Miami Beach,Miami-Dade,36171.0,1995
Opa-locka,Miami-Dade,16160.0,1995
South Miami,Miami-Dade,10527.0,1995
Surfside,Miami-Dade,4270.0,1995
Sweetwater,Miami-Dade,14060.0,1995
Virginia Gardens,Miami-Dade,2272.0,1995
West Miami,Miami-Dade,5837.0,1995
Key Colony Beach,Monroe,1049.0,1995
Key West,Monroe,26842.0,1995
Layton,Monroe,200.0,1995
Callahan,Nassau,985.0,1995
Fernandina Beach,Nassau,9673.0,1995
Hilliard,Nassau,2492.0,1995
Cinco Bayou,Okaloosa,390.0,1995
Crestview,Okaloosa,12155.0,1995
Destin,Okaloosa,9381.0,1995
Fort Walton Beach,Okaloosa,22003.0,1995
Laurel Hill,Okaloosa,584.0,1995
Mary Esther,Okaloosa,4347.0,1995
Niceville,Okaloosa,11575.0,1995
Shalimar,Okaloosa,612.0,1995
Valparaiso,Okaloosa,6534.0,1995
Okeechobee,Okeechobee,5069.0,1995
Apopka,Orange,18449.0,1995
Bay Lake,Orange,24.0,1995
Belle Isle,Orange,5591.0,1995
Eatonville,Orange,2489.0,1995
Edgewood,Orange,1137.0,1995
Lake Buena Vista,Orange,23.0,1995
Maitland,Orange,9525.0,1995
Oakland,Orange,755.0,1995
Ocoee,Orange,18578.0,1995
Orlando,Orange,170307.0,1995
Windermere,Orange,1692.0,1995
Winter Garden,Orange,12098.0,1995
Winter Park,Orange,24570.0,1995
Kissimmee,Osceola,37177.0,1995
St. Cloud,Osceola,15829.0,1995
Atlantis,Palm Beach,1691.0,1995
Belle Glade,Palm Beach,17006.0,1995
Boca Raton,Palm Beach,66760.0,1995
Boynton Beach,Palm Beach,49085.0,1995
Briny Breezes,Palm Beach,395.0,1995
Cloud Lake,Palm Beach,119.0,1995
Delray Beach,Palm Beach,50195.0,1995
Glen Ridge,Palm Beach,217.0,1995
Golf,Palm Beach,195.0,1995
Golfview,Palm Beach,151.0,1995
Greenacres,Palm Beach,23296.0,1995
Gulf Stream,Palm Beach,712.0,1995
Haverhill,Palm Beach,1192.0,1995
Highland Beach,Palm Beach,3251.0,1995
Hypoluxo,Palm Beach,1129.0,1995
Juno Beach,Palm Beach,2539.0,1995
Jupiter,Palm Beach,29046.0,1995
Jupiter Inlet Colony,Palm Beach,405.0,1995
Lake Clarke Shores,Palm Beach,3646.0,1995
Lake Park,Palm Beach,6919.0,1995
Lake Worth Beach,Palm Beach,29167.0,1995
Lantana,Palm Beach,8429.0,1995
Manalapan,Palm Beach,328.0,1995
Mangonia Park,Palm Beach,1382.0,1995
North Palm Beach,Palm Beach,11844.0,1995
Ocean Ridge,Palm Beach,1605.0,1995
Pahokee,Palm Beach,6944.0,1995
Palm Beach,Palm Beach,9856.0,1995
Palm Beach Gardens,Palm Beach,31011.0,1995
Palm Beach Shores,Palm Beach,1036.0,1995
Palm Springs,Palm Beach,9825.0,1995
Riviera Beach,Palm Beach,27634.0,1995
Royal Palm Beach,Palm Beach,17196.0,1995
South Bay,Palm Beach,4042.0,1995
South Palm Beach,Palm Beach,1495.0,1995
Tequesta,Palm Beach,4592.0,1995
West Palm Beach,Palm Beach,76418.0,1995
Dade City,Pasco,5932.0,1995
New Port Richey,Pasco,14390.0,1995
Port Richey,Pasco,2658.0,1995
St. Leo,Pasco,714.0,1995
San Antonio,Pasco,838.0,1995
Zephyrhills,Pasco,8694.0,1995
Belleair,Pinellas,4043.0,1995
Belleair Beach,Pinellas,2104.0,1995
Belleair Bluffs,Pinellas,2221.0,1995
Belleair Shore,Pinellas,60.0,1995
Clearwater,Pinellas,101162.0,1995
Dunedin,Pinellas,34988.0,1995
Gulfport,Pinellas,11876.0,1995
Indian Rocks Beach,Pinellas,4178.0,1995
Indian Shores,Pinellas,1473.0,1995
Kenneth City,Pinellas,4345.0,1995
Largo,Pinellas,67465.0,1995
Madeira Beach,Pinellas,4250.0,1995
North Redington Beach,Pinellas,1154.0,1995
Oldsmar,Pinellas,8925.0,1995
Pinellas Park,Pinellas,44176.0,1995
Redington Beach,Pinellas,1607.0,1995
Redington Shores,Pinellas,2420.0,1995
Safety Harbor,Pinellas,16135.0,1995
St. Petersburg,Pinellas,241563.0,1995
St. Pete Beach,Pinellas,9459.0,1995
Seminole,Pinellas,9709.0,1995
South Pasadena,Pinellas,5860.0,1995
Tarpon Springs,Pinellas,19146.0,1995
Treasure Island,Pinellas,7357.0,1995
Auburndale,Polk,9267.0,1995
Bartow,Polk,14927.0,1995
Davenport,Polk,1769.0,1995
Dundee,Polk,2525.0,1995
Eagle Lake,Polk,1889.0,1995
Fort Meade,Polk,5517.0,1995
Frostproof,Polk,2905.0,1995
Haines City,Polk,12601.0,1995
Highland Park,Polk,157.0,1995
Hillcrest Heights,Polk,235.0,1995
Lake Alfred,Polk,3716.0,1995
Lake Hamilton,Polk,1121.0,1995
Lake Wales,Polk,9894.0,1995
Lakeland,Polk,74626.0,1995
Mulberry,Polk,3327.0,1995
Polk City,Polk,1615.0,1995
Winter Haven,Polk,25409.0,1995
Crescent City,Putnam,1843.0,1995
Interlachen,Putnam,1376.0,1995
Palatka,Putnam,10705.0,1995
Pomona Park,Putnam,758.0,1995
Welaka,Putnam,575.0,1995
Hastings,St. Johns,655.0,1995
St. Augustine,St. Johns,12090.0,1995
St. Augustine Beach,St. Johns,4024.0,1995
Fort Pierce,St. Lucie,37029.0,1995
Port St. Lucie,St. Lucie,71776.0,1995
St. Lucie Village,St. Lucie,601.0,1995
Gulf Breeze,Santa Rosa,5922.0,1995
Jay,Santa Rosa,689.0,1995
Milton,Santa Rosa,7511.0,1995
North Port,Sarasota,15161.0,1995
Sarasota,Sarasota,51143.0,1995
Venice,Sarasota,18450.0,1995
Altamonte Springs,Seminole,37917.0,1995
Casselberry,Seminole,24144.0,1995
Lake Mary,Seminole,7251.0,1995
Longwood,Seminole,13602.0,1995
Oviedo,Seminole,17910.0,1995
Sanford,Seminole,35311.0,1995
Winter Springs,Seminole,25673.0,1995
Bushnell,Sumter,2273.0,1995
Center Hill,Sumter,758.0,1995
Coleman,Sumter,854.0,1995
Webster,Sumter,832.0,1995
Wildwood,Sumter,3950.0,1995
Branford,Suwannee,670.0,1995
Live Oak,Suwannee,6481.0,1995
Perry,Taylor,7259.0,1995
Lake Butler,Union,2121.0,1995
Raiford,Union,262.0,1995
Worthington Springs,Union,178.0,1995
Daytona Beach,Volusia,63306.0,1995
Daytona Beach Shores,Volusia,2680.0,1995
DeBary,Volusia,11336.0,1995
DeLand,Volusia,17973.0,1995
Edgewater,Volusia,17484.0,1995
Holly Hill,Volusia,11539.0,1995
Lake Helen,Volusia,2438.0,1995
New Smyrna Beach,Volusia,18393.0,1995
Oak Hill,Volusia,1070.0,1995
Orange City,Volusia,6117.0,1995
Ormond Beach,Volusia,31539.0,1995
Pierson,Volusia,1230.0,1995
Ponce Inlet,Volusia,2120.0,1995
Port Orange,Volusia,39750.0,1995
South Daytona,Volusia,12889.0,1995
St. Marks,Wakulla,297.0,1995
Sopchoppy,Wakulla,389.0,1995
DeFuniak Springs,Walton,5384.0,1995
Freeport,Walton,952.0,1995
Paxton,Walton,605.0,1995
Caryville,Washington,579.0,1995
Chipley,Washington,4111.0,1995
Ebro,Washington,257.0,1995
Vernon,Washington,860.0,1995
Wausau,Washington,322.0,1995
Incorporated Population,,6889514.0,1995
Total Population,,14149317.0,1995
Incorporated Pop. as % of Total Pop.,,0.48691495144253255,1995
Alachua,Alachua,5256.0,1994
Archer,Alachua,1433.0,1994
Gainesville,Alachua,93969.0,1994
Hawthorne,Alachua,1388.0,1994
High Springs,Alachua,3443.0,1994
La Crosse,Alachua,117.0,1994
Micanopy,Alachua,626.0,1994
Newberry,Alachua,1960.0,1994
Waldo,Alachua,1037.0,1994
Glen St. Mary,Baker,470.0,1994
Macclenny,Baker,4106.0,1994
Callaway,Bay,13848.0,1994
Cedar Grove,Bay,1587.0,1994
Lynn Haven,Bay,10276.0,1994
Mexico Beach,Bay,1013.0,1994
Panama City,Bay,36315.0,1994
Panama City Beach,Bay,4424.0,1994
Parker,Bay,4887.0,1994
Springfield,Bay,8827.0,1994
Brooker,Bradford,319.0,1994
Hampton,Bradford,313.0,1994
Lawtey,Bradford,689.0,1994
Starke,Bradford,5111.0,1994
Cape Canaveral,Brevard,8305.0,1994
Cocoa,Brevard,18028.0,1994
Cocoa Beach,Brevard,12596.0,1994
Indialantic,Brevard,2892.0,1994
Indian Harbour Beach,Brevard,7429.0,1994
Malabar,Brevard,2255.0,1994
Melbourne,Brevard,65144.0,1994
Melbourne Beach,Brevard,3162.0,1994
Melbourne Village,Brevard,616.0,1994
Palm Bay,Brevard,71492.0,1994
Palm Shores,Brevard,464.0,1994
Rockledge,Brevard,17656.0,1994
Satellite Beach,Brevard,10048.0,1994
Titusville,Brevard,40865.0,1994
West Melbourne,Brevard,8824.0,1994
Coconut Creek,Broward,32812.0,1994
Cooper City,Broward,26723.0,1994
Coral Springs,Broward,90586.0,1994
Dania Beach,Broward,17056.0,1994
Davie,Broward,53400.0,1994
Deerfield Beach,Broward,47771.0,1994
Fort Lauderdale,Broward,149232.0,1994
Hallandale Beach,Broward,31302.0,1994
Hillsboro Beach,Broward,1760.0,1994
Hollywood,Broward,124316.0,1994
Lauderdale Lakes,Broward,27761.0,1994
Lauderdale-By-The-Sea,Broward,2991.0,1994
Lauderhill,Broward,49626.0,1994
Lazy Lake,Broward,40.0,1994
Lighthouse Point,Broward,10423.0,1994
Margate,Broward,46463.0,1994
Miramar,Broward,43576.0,1994
North Lauderdale,Broward,26934.0,1994
Oakland Park,Broward,28083.0,1994
Parkland,Broward,7951.0,1994
Pembroke Park,Broward,4954.0,1994
Pembroke Pines,Broward,81374.0,1994
Plantation,Broward,73441.0,1994
Pompano Beach,Broward,73722.0,1994
Sea Ranch Lakes,Broward,616.0,1994
Sunrise,Broward,73017.0,1994
Tamarac,Broward,47646.0,1994
Wilton Manors,Broward,11841.0,1994
Altha,Calhoun,539.0,1994
Blountstown,Calhoun,2383.0,1994
Punta Gorda,Charlotte,11873.0,1994
Crystal River,Citrus,4066.0,1994
Inverness,Citrus,6553.0,1994
Green Cove Springs,Clay,4730.0,1994
Keystone Heights,Clay,1329.0,1994
Orange Park,Clay,9505.0,1994
Penney Farms,Clay,639.0,1994
Everglades,Collier,533.0,1994
Naples,Collier,20425.0,1994
Fort White,Columbia,502.0,1994
Lake City,Columbia,9873.0,1994
Arcadia,De Soto,6575.0,1994
Cross City,Dixie,2069.0,1994
Horseshoe Beach,Dixie,185.0,1994
Atlantic Beach,Duval,12561.0,1994
Baldwin,Duval,1550.0,1994
Jacksonville,Duval,669695.0,1994
Jacksonville Beach,Duval,19483.0,1994
Neptune Beach,Duval,7303.0,1994
Century,Escambia,2013.0,1994
Pensacola,Escambia,60160.0,1994
Beverly Beach,Flagler,321.0,1994
Bunnell,Flagler,1998.0,1994
Flagler Beach,Flagler,4103.0,1994
Marineland,Flagler/St. Johns,12.0,1994
Apalachicola,Franklin,2759.0,1994
Carrabelle,Franklin,1302.0,1994
Chattahoochee,Gadsden,4319.0,1994
Greensboro,Gadsden,575.0,1994
Gretna,Gadsden,2079.0,1994
Havana,Gadsden,1805.0,1994
Midway,Gadsden,1064.0,1994
Quincy,Gadsden,7336.0,1994
Bell,Gilchrist,279.0,1994
Trenton,Gilchrist,1331.0,1994
Fanning Springs,Gilchrist/Levy,521.0,1994
Moore Haven,Glades,1552.0,1994
Port St. Joe,Gulf,4120.0,1994
Wewahitchka,Gulf,1835.0,1994
Jasper,Hamilton,2096.0,1994
Jennings,Hamilton,743.0,1994
White Springs,Hamilton,749.0,1994
Bowling Green,Hardee,1921.0,1994
Wauchula,Hardee,3549.0,1994
Zolfo Springs,Hardee,1254.0,1994
Clewiston,Hendry,6207.0,1994
LaBelle,Hendry,2922.0,1994
Brooksville,Hernando,7716.0,1994
Weeki Wachee,Hernando,14.0,1994
Avon Park,Highlands,8147.0,1994
Lake Placid,Highlands,1296.0,1994
Sebring,Highlands,8924.0,1994
Plant City,Hillsborough,24944.0,1994
Tampa,Hillsborough,283802.0,1994
Temple Terrace,Hillsborough,17516.0,1994
Bonifay,Holmes,2722.0,1994
Esto,Holmes,309.0,1994
Noma,Holmes,222.0,1994
Ponce de Leon,Holmes,437.0,1994
Westville,Holmes,276.0,1994
Fellsmere,Indian River,2311.0,1994
Indian River Shores,Indian River,2685.0,1994
Orchid,Indian River,21.0,1994
Sebastian,Indian River,12800.0,1994
Vero Beach,Indian River,17442.0,1994
Alford,Jackson,494.0,1994
Bascom,Jackson,93.0,1994
Campbellton,Jackson,237.0,1994
Cottondale,Jackson,931.0,1994
Graceville,Jackson,2675.0,1994
Grand Ridge,Jackson,597.0,1994
Greenwood,Jackson,504.0,1994
Jacob City,Jackson,304.0,1994
Malone,Jackson,1716.0,1994
Marianna,Jackson,6337.0,1994
Sneads,Jackson,2018.0,1994
Monticello,Jefferson,2746.0,1994
Mayo,Lafayette,920.0,1994
Astatula,Lake,1126.0,1994
Clermont,Lake,7174.0,1994
Eustis,Lake,13781.0,1994
Fruitland Park,Lake,2815.0,1994
Groveland,Lake,2405.0,1994
Howey-in-the-Hills,Lake,766.0,1994
Lady Lake,Lake,11557.0,1994
Leesburg,Lake,15005.0,1994
Mascotte,Lake,2148.0,1994
Minneola,Lake,1919.0,1994
Montverde,Lake,1075.0,1994
Mount Dora,Lake,7916.0,1994
Tavares,Lake,7910.0,1994
Umatilla,Lake,2416.0,1994
Cape Coral,Lee,83909.0,1994
Fort Myers,Lee,46016.0,1994
Sanibel,Lee,5672.0,1994
Tallahassee,Leon,133731.0,1994
Bronson,Levy,850.0,1994
Cedar Key,Levy,710.0,1994
Chiefland,Levy,1944.0,1994
Inglis,Levy,1295.0,1994
Otter Creek,Levy,121.0,1994
Williston,Levy,2232.0,1994
Yankeetown,Levy,614.0,1994
Bristol,Liberty,968.0,1994
Greenville,Madison,986.0,1994
Lee,Madison,319.0,1994
Madison,Madison,3407.0,1994
Anna Maria,Manatee,1826.0,1994
Bradenton,Manatee,47129.0,1994
Bradenton Beach,Manatee,1664.0,1994
Holmes Beach,Manatee,4972.0,1994
Palmetto,Manatee,9572.0,1994
Longboat Key,Manatee/Sarasota,6397.0,1994
Belleview,Marion,3217.0,1994
Dunnellon,Marion,1790.0,1994
McIntosh,Marion,412.0,1994
Ocala,Marion,42920.0,1994
Reddick,Marion,572.0,1994
Jupiter Island,Martin,568.0,1994
Ocean Breeze Park,Martin,519.0,1994
Sewall's Point,Martin,1682.0,1994
Stuart,Martin,13040.0,1994
Bal Harbour,Miami-Dade,3033.0,1994
Bay Harbor Islands,Miami-Dade,4724.0,1994
Biscayne Park,Miami-Dade,3075.0,1994
Coral Gables,Miami-Dade,40813.0,1994
El Portal,Miami-Dade,2488.0,1994
Florida City,Miami-Dade,4552.0,1994
Golden Beach,Miami-Dade,820.0,1994
Hialeah,Miami-Dade,202904.0,1994
Hialeah Gardens,Miami-Dade,10772.0,1994
Homestead,Miami-Dade,22067.0,1994
Indian Creek,Miami-Dade,52.0,1994
Islandia,Miami-Dade,13.0,1994
Key Biscayne,Miami-Dade,8847.0,1994
Medley,Miami-Dade,866.0,1994
Miami,Miami-Dade,365557.0,1994
Miami Beach,Miami-Dade,93681.0,1994
Miami Shores,Miami-Dade,10123.0,1994
Miami Springs,Miami-Dade,13343.0,1994
North Bay Village,Miami-Dade,5613.0,1994
North Miami,Miami-Dade,50405.0,1994
North Miami Beach,Miami-Dade,35596.0,1994
Opa-locka,Miami-Dade,16339.0,1994
South Miami,Miami-Dade,10518.0,1994
Surfside,Miami-Dade,4208.0,1994
Sweetwater,Miami-Dade,14067.0,1994
Virginia Gardens,Miami-Dade,2260.0,1994
West Miami,Miami-Dade,5742.0,1994
Key Colony Beach,Monroe,1030.0,1994
Key West,Monroe,26417.0,1994
Layton,Monroe,192.0,1994
Callahan,Nassau,961.0,1994
Fernandina Beach,Nassau,9482.0,1994
Hilliard,Nassau,2452.0,1994
Cinco Bayou,Okaloosa,390.0,1994
Crestview,Okaloosa,11903.0,1994
Destin,Okaloosa,8985.0,1994
Fort Walton Beach,Okaloosa,21980.0,1994
Laurel Hill,Okaloosa,560.0,1994
Mary Esther,Okaloosa,4228.0,1994
Niceville,Okaloosa,11480.0,1994
Shalimar,Okaloosa,612.0,1994
Valparaiso,Okaloosa,6507.0,1994
Okeechobee,Okeechobee,4997.0,1994
Apopka,Orange,17424.0,1994
Bay Lake,Orange,20.0,1994
Belle Isle,Orange,5576.0,1994
Eatonville,Orange,2491.0,1994
Edgewood,Orange,1117.0,1994
Lake Buena Vista,Orange,16.0,1994
Maitland,Orange,9164.0,1994
Oakland,Orange,755.0,1994
Ocoee,Orange,17489.0,1994
Orlando,Orange,170780.0,1994
Windermere,Orange,1711.0,1994
Winter Garden,Orange,11851.0,1994
Winter Park,Orange,24363.0,1994
Kissimmee,Osceola,35314.0,1994
St. Cloud,Osceola,15333.0,1994
Atlantis,Palm Beach,1685.0,1994
Belle Glade,Palm Beach,17139.0,1994
Boca Raton,Palm Beach,65901.0,1994
Boynton Beach,Palm Beach,48848.0,1994
Briny Breezes,Palm Beach,398.0,1994
Cloud Lake,Palm Beach,121.0,1994
Delray Beach,Palm Beach,49298.0,1994
Glen Ridge,Palm Beach,215.0,1994
Golf,Palm Beach,193.0,1994
Golfview,Palm Beach,151.0,1994
Greenacres,Palm Beach,22742.0,1994
Gulf Stream,Palm Beach,708.0,1994
Haverhill,Palm Beach,1193.0,1994
Highland Beach,Palm Beach,3256.0,1994
Hypoluxo,Palm Beach,1127.0,1994
Juno Beach,Palm Beach,2258.0,1994
Jupiter,Palm Beach,27809.0,1994
Jupiter Inlet Colony,Palm Beach,410.0,1994
Lake Clarke Shores,Palm Beach,3646.0,1994
Lake Park,Palm Beach,6805.0,1994
Lake Worth Beach,Palm Beach,29125.0,1994
Lantana,Palm Beach,8379.0,1994
Manalapan,Palm Beach,324.0,1994
Mangonia Park,Palm Beach,1419.0,1994
North Palm Beach,Palm Beach,11836.0,1994
Ocean Ridge,Palm Beach,1615.0,1994
Pahokee,Palm Beach,6937.0,1994
Palm Beach,Palm Beach,9855.0,1994
Palm Beach Gardens,Palm Beach,30046.0,1994
Palm Beach Shores,Palm Beach,1039.0,1994
Palm Springs,Palm Beach,9798.0,1994
Riviera Beach,Palm Beach,27259.0,1994
Royal Palm Beach,Palm Beach,16720.0,1994
South Bay,Palm Beach,4027.0,1994
South Palm Beach,Palm Beach,1483.0,1994
Tequesta,Palm Beach,4567.0,1994
West Palm Beach,Palm Beach,68703.0,1994
Dade City,Pasco,5836.0,1994
New Port Richey,Pasco,14355.0,1994
Port Richey,Pasco,2593.0,1994
St. Leo,Pasco,902.0,1994
San Antonio,Pasco,821.0,1994
Zephyrhills,Pasco,8526.0,1994
Belleair,Pinellas,4032.0,1994
Belleair Beach,Pinellas,2106.0,1994
Belleair Bluffs,Pinellas,2213.0,1994
Belleair Shore,Pinellas,60.0,1994
Clearwater,Pinellas,100604.0,1994
Dunedin,Pinellas,34857.0,1994
Gulfport,Pinellas,11819.0,1994
Indian Rocks Beach,Pinellas,4089.0,1994
Indian Shores,Pinellas,1459.0,1994
Kenneth City,Pinellas,4353.0,1994
Largo,Pinellas,66869.0,1994
Madeira Beach,Pinellas,4243.0,1994
North Redington Beach,Pinellas,1140.0,1994
Oldsmar,Pinellas,8710.0,1994
Pinellas Park,Pinellas,44111.0,1994
Redington Beach,Pinellas,1625.0,1994
Redington Shores,Pinellas,2411.0,1994
Safety Harbor,Pinellas,15855.0,1994
St. Petersburg,Pinellas,240902.0,1994
St. Pete Beach,Pinellas,9392.0,1994
Seminole,Pinellas,9437.0,1994
South Pasadena,Pinellas,5854.0,1994
Tarpon Springs,Pinellas,18839.0,1994
Treasure Island,Pinellas,7348.0,1994
Auburndale,Polk,9132.0,1994
Bartow,Polk,14901.0,1994
Davenport,Polk,1735.0,1994
Dundee,Polk,2480.0,1994
Eagle Lake,Polk,1923.0,1994
Fort Meade,Polk,5389.0,1994
Frostproof,Polk,2889.0,1994
Haines City,Polk,12280.0,1994
Highland Park,Polk,152.0,1994
Hillcrest Heights,Polk,230.0,1994
Lake Alfred,Polk,3692.0,1994
Lake Hamilton,Polk,1111.0,1994
Lake Wales,Polk,9798.0,1994
Lakeland,Polk,73794.0,1994
Mulberry,Polk,3213.0,1994
Polk City,Polk,1617.0,1994
Winter Haven,Polk,25126.0,1994
Crescent City,Putnam,1862.0,1994
Interlachen,Putnam,1310.0,1994
Palatka,Putnam,10700.0,1994
Pomona Park,Putnam,760.0,1994
Welaka,Putnam,557.0,1994
Hastings,St. Johns,648.0,1994
St. Augustine,St. Johns,11933.0,1994
St. Augustine Beach,St. Johns,3882.0,1994
Fort Pierce,St. Lucie,36945.0,1994
Port St. Lucie,St. Lucie,68223.0,1994
St. Lucie Village,St. Lucie,627.0,1994
Gulf Breeze,Santa Rosa,5860.0,1994
Jay,Santa Rosa,683.0,1994
Milton,Santa Rosa,7568.0,1994
North Port,Sarasota,14282.0,1994
Sarasota,Sarasota,51031.0,1994
Venice,Sarasota,18093.0,1994
Altamonte Springs,Seminole,37105.0,1994
Casselberry,Seminole,23750.0,1994
Lake Mary,Seminole,6976.0,1994
Longwood,Seminole,13476.0,1994
Oviedo,Seminole,16788.0,1994
Sanford,Seminole,34542.0,1994
Winter Springs,Seminole,24772.0,1994
Bushnell,Sumter,2263.0,1994
Center Hill,Sumter,759.0,1994
Coleman,Sumter,854.0,1994
Webster,Sumter,830.0,1994
Wildwood,Sumter,3853.0,1994
Branford,Suwannee,683.0,1994
Live Oak,Suwannee,6570.0,1994
Perry,Taylor,7213.0,1994
Lake Butler,Union,2103.0,1994
Raiford,Union,247.0,1994
Worthington Springs,Union,178.0,1994
Daytona Beach,Volusia,62855.0,1994
Daytona Beach Shores,Volusia,2648.0,1994
DeBary,Volusia,9421.0,1994
DeLand,Volusia,17652.0,1994
Edgewater,Volusia,17096.0,1994
Holly Hill,Volusia,11455.0,1994
Lake Helen,Volusia,2398.0,1994
New Smyrna Beach,Volusia,17853.0,1994
Oak Hill,Volusia,1037.0,1994
Orange City,Volusia,5992.0,1994
Ormond Beach,Volusia,31122.0,1994
Pierson,Volusia,1240.0,1994
Ponce Inlet,Volusia,2077.0,1994
Port Orange,Volusia,39072.0,1994
South Daytona,Volusia,12796.0,1994
St. Marks,Wakulla,289.0,1994
Sopchoppy,Wakulla,387.0,1994
DeFuniak Springs,Walton,5307.0,1994
Freeport,Walton,937.0,1994
Paxton,Walton,583.0,1994
Caryville,Washington,618.0,1994
Chipley,Washington,4022.0,1994
Ebro,Washington,269.0,1994
Vernon,Washington,833.0,1994
Wausau,Washington,318.0,1994
Incorporated Population,,6792245.0,1994
Total Population,,13878905.0,1994
Incorporated Pop. as % of Total Pop.,,0.48939343557723036,1994
Alachua,Alachua,5030.0,1993
Archer,Alachua,1406.0,1993
Gainesville,Alachua,93091.0,1993
Hawthorne,Alachua,1387.0,1993
High Springs,Alachua,3398.0,1993
La Crosse,Alachua,117.0,1993
Micanopy,Alachua,634.0,1993
Newberry,Alachua,1920.0,1993
Waldo,Alachua,1021.0,1993
Glen St. Mary,Baker,479.0,1993
Macclenny,Baker,4050.0,1993
Callaway,Bay,13504.0,1993
Cedar Grove,Bay,1501.0,1993
Lynn Haven,Bay,10050.0,1993
Mexico Beach,Bay,1013.0,1993
Panama City,Bay,35914.0,1993
Panama City Beach,Bay,4341.0,1993
Parker,Bay,4834.0,1993
Springfield,Bay,9051.0,1993
Brooker,Bradford,312.0,1993
Hampton,Bradford,303.0,1993
Lawtey,Bradford,679.0,1993
Starke,Bradford,5097.0,1993
Cape Canaveral,Brevard,8177.0,1993
Cocoa,Brevard,17795.0,1993
Cocoa Beach,Brevard,12533.0,1993
Indialantic,Brevard,2863.0,1993
Indian Harbour Beach,Brevard,7325.0,1993
Malabar,Brevard,2187.0,1993
Melbourne,Brevard,64191.0,1993
Melbourne Beach,Brevard,3105.0,1993
Melbourne Village,Brevard,600.0,1993
Palm Bay,Brevard,69197.0,1993
Palm Shores,Brevard,504.0,1993
Rockledge,Brevard,17182.0,1993
Satellite Beach,Brevard,9954.0,1993
Titusville,Brevard,40679.0,1993
West Melbourne,Brevard,8635.0,1993
Coconut Creek,Broward,31626.0,1993
Cooper City,Broward,25539.0,1993
Coral Springs,Broward,88944.0,1993
Dania Beach,Broward,16905.0,1993
Davie,Broward,52332.0,1993
Deerfield Beach,Broward,47639.0,1993
Fort Lauderdale,Broward,148743.0,1993
Hallandale Beach,Broward,31217.0,1993
Hillsboro Beach,Broward,1747.0,1993
Hollywood,Broward,123956.0,1993
Lauderdale Lakes,Broward,27691.0,1993
Lauderdale-By-The-Sea,Broward,2983.0,1993
Lauderhill,Broward,49436.0,1993
Lazy Lake,Broward,40.0,1993
Lighthouse Point,Broward,10386.0,1993
Margate,Broward,45274.0,1993
Miramar,Broward,42282.0,1993
North Lauderdale,Broward,26664.0,1993
Oakland Park,Broward,27969.0,1993
Parkland,Broward,7383.0,1993
Pembroke Park,Broward,4967.0,1993
Pembroke Pines,Broward,75014.0,1993
Plantation,Broward,72655.0,1993
Pompano Beach,Broward,73219.0,1993
Sea Ranch Lakes,Broward,616.0,1993
Sunrise,Broward,71542.0,1993
Tamarac,Broward,46711.0,1993
Wilton Manors,Broward,11757.0,1993
Altha,Calhoun,536.0,1993
Blountstown,Calhoun,2388.0,1993
Punta Gorda,Charlotte,11769.0,1993
Crystal River,Citrus,4076.0,1993
Inverness,Citrus,6462.0,1993
Green Cove Springs,Clay,4688.0,1993
Keystone Heights,Clay,1320.0,1993
Orange Park,Clay,9456.0,1993
Penney Farms,Clay,651.0,1993
Everglades,Collier,342.0,1993
Naples,Collier,19881.0,1993
Fort White,Columbia,502.0,1993
Lake City,Columbia,9764.0,1993
Arcadia,De Soto,6543.0,1993
Cross City,Dixie,2037.0,1993
Horseshoe Beach,Dixie,245.0,1993
Atlantic Beach,Duval,12383.0,1993
Baldwin,Duval,1513.0,1993
Jacksonville,Duval,661243.0,1993
Jacksonville Beach,Duval,19234.0,1993
Neptune Beach,Duval,7235.0,1993
Century,Escambia,1994.0,1993
Pensacola,Escambia,59858.0,1993
Beverly Beach,Flagler,322.0,1993
Bunnell,Flagler,1977.0,1993
Flagler Beach,Flagler,4031.0,1993
Marineland,Flagler/St. Johns,12.0,1993
Apalachicola,Franklin,2701.0,1993
Carrabelle,Franklin,1258.0,1993
Chattahoochee,Gadsden,4380.0,1993
Greensboro,Gadsden,599.0,1993
Gretna,Gadsden,2064.0,1993
Havana,Gadsden,1784.0,1993
Midway,Gadsden,1112.0,1993
Quincy,Gadsden,7551.0,1993
Bell,Gilchrist,282.0,1993
Trenton,Gilchrist,1310.0,1993
Fanning Springs,Gilchrist/Levy,537.0,1993
Moore Haven,Glades,1538.0,1993
Port St. Joe,Gulf,4071.0,1993
Wewahitchka,Gulf,1806.0,1993
Jasper,Hamilton,2084.0,1993
Jennings,Hamilton,721.0,1993
White Springs,Hamilton,726.0,1993
Bowling Green,Hardee,1861.0,1993
Wauchula,Hardee,3496.0,1993
Zolfo Springs,Hardee,1249.0,1993
Clewiston,Hendry,6144.0,1993
LaBelle,Hendry,2897.0,1993
Brooksville,Hernando,7659.0,1993
Weeki Wachee,Hernando,11.0,1993
Avon Park,Highlands,8169.0,1993
Lake Placid,Highlands,1282.0,1993
Sebring,Highlands,8959.0,1993
Plant City,Hillsborough,24283.0,1993
Tampa,Hillsborough,282848.0,1993
Temple Terrace,Hillsborough,17167.0,1993
Bonifay,Holmes,2677.0,1993
Esto,Holmes,294.0,1993
Noma,Holmes,211.0,1993
Ponce de Leon,Holmes,433.0,1993
Westville,Holmes,263.0,1993
Fellsmere,Indian River,2260.0,1993
Indian River Shores,Indian River,2468.0,1993
Orchid,Indian River,21.0,1993
Sebastian,Indian River,12154.0,1993
Vero Beach,Indian River,17404.0,1993
Alford,Jackson,489.0,1993
Bascom,Jackson,90.0,1993
Campbellton,Jackson,232.0,1993
Cottondale,Jackson,927.0,1993
Graceville,Jackson,2675.0,1993
Grand Ridge,Jackson,591.0,1993
Greenwood,Jackson,507.0,1993
Jacob City,Jackson,293.0,1993
Malone,Jackson,1583.0,1993
Marianna,Jackson,6249.0,1993
Sneads,Jackson,1854.0,1993
Monticello,Jefferson,2733.0,1993
Mayo,Lafayette,925.0,1993
Astatula,Lake,1056.0,1993
Clermont,Lake,7013.0,1993
Eustis,Lake,13711.0,1993
Fruitland Park,Lake,2810.0,1993
Groveland,Lake,2373.0,1993
Howey-in-the-Hills,Lake,735.0,1993
Lady Lake,Lake,11117.0,1993
Leesburg,Lake,14963.0,1993
Mascotte,Lake,1997.0,1993
Minneola,Lake,1783.0,1993
Montverde,Lake,1051.0,1993
Mount Dora,Lake,7606.0,1993
Tavares,Lake,7766.0,1993
Umatilla,Lake,2376.0,1993
Cape Coral,Lee,81339.0,1993
Fort Myers,Lee,45069.0,1993
Sanibel,Lee,5616.0,1993
Tallahassee,Leon,131683.0,1993
Bronson,Levy,852.0,1993
Cedar Key,Levy,694.0,1993
Chiefland,Levy,1997.0,1993
Inglis,Levy,1290.0,1993
Otter Creek,Levy,119.0,1993
Williston,Levy,2227.0,1993
Yankeetown,Levy,631.0,1993
Bristol,Liberty,959.0,1993
Greenville,Madison,948.0,1993
Lee,Madison,315.0,1993
Madison,Madison,3417.0,1993
Anna Maria,Manatee,1808.0,1993
Bradenton,Manatee,46626.0,1993
Bradenton Beach,Manatee,1650.0,1993
Holmes Beach,Manatee,4925.0,1993
Palmetto,Manatee,9385.0,1993
Longboat Key,Manatee/Sarasota,6337.0,1993
Belleview,Marion,3106.0,1993
Dunnellon,Marion,1705.0,1993
McIntosh,Marion,410.0,1993
Ocala,Marion,42400.0,1993
Reddick,Marion,570.0,1993
Jupiter Island,Martin,562.0,1993
Ocean Breeze Park,Martin,519.0,1993
Sewall's Point,Martin,1651.0,1993
Stuart,Martin,12479.0,1993
Bal Harbour,Miami-Dade,3053.0,1993
Bay Harbor Islands,Miami-Dade,4738.0,1993
Biscayne Park,Miami-Dade,3062.0,1993
Coral Gables,Miami-Dade,41055.0,1993
El Portal,Miami-Dade,2453.0,1993
Florida City,Miami-Dade,4089.0,1993
Golden Beach,Miami-Dade,806.0,1993
Hialeah,Miami-Dade,199923.0,1993
Hialeah Gardens,Miami-Dade,9828.0,1993
Homestead,Miami-Dade,18732.0,1993
Indian Creek,Miami-Dade,44.0,1993
Islandia,Miami-Dade,13.0,1993
Key Biscayne,Miami-Dade,8881.0,1993
Medley,Miami-Dade,862.0,1993
Miami,Miami-Dade,364679.0,1993
Miami Beach,Miami-Dade,95160.0,1993
Miami Shores,Miami-Dade,10125.0,1993
Miami Springs,Miami-Dade,13299.0,1993
North Bay Village,Miami-Dade,5650.0,1993
North Miami,Miami-Dade,50243.0,1993
North Miami Beach,Miami-Dade,35689.0,1993
Opa-locka,Miami-Dade,15216.0,1993
South Miami,Miami-Dade,10407.0,1993
Surfside,Miami-Dade,4263.0,1993
Sweetwater,Miami-Dade,14081.0,1993
Virginia Gardens,Miami-Dade,2206.0,1993
West Miami,Miami-Dade,5743.0,1993
Key Colony Beach,Monroe,1017.0,1993
Key West,Monroe,26122.0,1993
Layton,Monroe,189.0,1993
Callahan,Nassau,950.0,1993
Fernandina Beach,Nassau,9177.0,1993
Hilliard,Nassau,1911.0,1993
Cinco Bayou,Okaloosa,388.0,1993
Crestview,Okaloosa,11567.0,1993
Destin,Okaloosa,8644.0,1993
Fort Walton Beach,Okaloosa,21921.0,1993
Laurel Hill,Okaloosa,587.0,1993
Mary Esther,Okaloosa,4194.0,1993
Niceville,Okaloosa,11150.0,1993
Shalimar,Okaloosa,350.0,1993
Valparaiso,Okaloosa,6413.0,1993
Okeechobee,Okeechobee,4979.0,1993
Apopka,Orange,16307.0,1993
Bay Lake,Orange,24.0,1993
Belle Isle,Orange,5575.0,1993
Eatonville,Orange,2470.0,1993
Edgewood,Orange,1111.0,1993
Lake Buena Vista,Orange,23.0,1993
Maitland,Orange,9096.0,1993
Oakland,Orange,746.0,1993
Ocoee,Orange,16418.0,1993
Orlando,Orange,172019.0,1993
Windermere,Orange,1667.0,1993
Winter Garden,Orange,11685.0,1993
Winter Park,Orange,24197.0,1993
Kissimmee,Osceola,32759.0,1993
St. Cloud,Osceola,14779.0,1993
Atlantis,Palm Beach,1674.0,1993
Belle Glade,Palm Beach,17249.0,1993
Boca Raton,Palm Beach,64818.0,1993
Boynton Beach,Palm Beach,48428.0,1993
Briny Breezes,Palm Beach,394.0,1993
Cloud Lake,Palm Beach,121.0,1993
Delray Beach,Palm Beach,48644.0,1993
Glen Ridge,Palm Beach,215.0,1993
Golf,Palm Beach,192.0,1993
Golfview,Palm Beach,150.0,1993
Greenacres,Palm Beach,22385.0,1993
Gulf Stream,Palm Beach,705.0,1993
Haverhill,Palm Beach,1170.0,1993
Highland Beach,Palm Beach,3245.0,1993
Hypoluxo,Palm Beach,1106.0,1993
Juno Beach,Palm Beach,2173.0,1993
Jupiter,Palm Beach,27291.0,1993
Jupiter Inlet Colony,Palm Beach,404.0,1993
Lake Clarke Shores,Palm Beach,3607.0,1993
Lake Park,Palm Beach,6695.0,1993
Lake Worth Beach,Palm Beach,28327.0,1993
Lantana,Palm Beach,8316.0,1993
Manalapan,Palm Beach,318.0,1993
Mangonia Park,Palm Beach,1407.0,1993
North Palm Beach,Palm Beach,11782.0,1993
Ocean Ridge,Palm Beach,1600.0,1993
Pahokee,Palm Beach,6856.0,1993
Palm Beach,Palm Beach,9814.0,1993
Palm Beach Gardens,Palm Beach,28635.0,1993
Palm Beach Shores,Palm Beach,1034.0,1993
Palm Springs,Palm Beach,9729.0,1993
Riviera Beach,Palm Beach,27308.0,1993
Royal Palm Beach,Palm Beach,16546.0,1993
South Bay,Palm Beach,4064.0,1993
South Palm Beach,Palm Beach,1482.0,1993
Tequesta,Palm Beach,4543.0,1993
West Palm Beach,Palm Beach,68006.0,1993
Dade City,Pasco,5688.0,1993
New Port Richey,Pasco,14352.0,1993
Port Richey,Pasco,2601.0,1993
St. Leo,Pasco,912.0,1993
San Antonio,Pasco,786.0,1993
Zephyrhills,Pasco,8467.0,1993
Belleair,Pinellas,3976.0,1993
Belleair Beach,Pinellas,2090.0,1993
Belleair Bluffs,Pinellas,2213.0,1993
Belleair Shore,Pinellas,60.0,1993
Clearwater,Pinellas,100768.0,1993
Dunedin,Pinellas,34765.0,1993
Gulfport,Pinellas,11812.0,1993
Indian Rocks Beach,Pinellas,4019.0,1993
Indian Shores,Pinellas,1449.0,1993
Kenneth City,Pinellas,4360.0,1993
Largo,Pinellas,66369.0,1993
Madeira Beach,Pinellas,4222.0,1993
North Redington Beach,Pinellas,1141.0,1993
Oldsmar,Pinellas,8498.0,1993
Pinellas Park,Pinellas,43762.0,1993
Redington Beach,Pinellas,1630.0,1993
Redington Shores,Pinellas,2404.0,1993
Safety Harbor,Pinellas,15708.0,1993
St. Petersburg,Pinellas,239701.0,1993
St. Pete Beach,Pinellas,9487.0,1993
Seminole,Pinellas,9430.0,1993
South Pasadena,Pinellas,5837.0,1993
Tarpon Springs,Pinellas,18488.0,1993
Treasure Island,Pinellas,7327.0,1993
Auburndale,Polk,9063.0,1993
Bartow,Polk,14902.0,1993
Davenport,Polk,1688.0,1993
Dundee,Polk,2447.0,1993
Eagle Lake,Polk,1934.0,1993
Fort Meade,Polk,5247.0,1993
Frostproof,Polk,2907.0,1993
Haines City,Polk,12103.0,1993
Highland Park,Polk,153.0,1993
Hillcrest Heights,Polk,220.0,1993
Lake Alfred,Polk,3622.0,1993
Lake Hamilton,Polk,1113.0,1993
Lake Wales,Polk,9759.0,1993
Lakeland,Polk,73121.0,1993
Mulberry,Polk,3095.0,1993
Polk City,Polk,1613.0,1993
Winter Haven,Polk,25006.0,1993
Crescent City,Putnam,1846.0,1993
Interlachen,Putnam,1254.0,1993
Palatka,Putnam,10447.0,1993
Pomona Park,Putnam,749.0,1993
Welaka,Putnam,555.0,1993
Hastings,St. Johns,632.0,1993
St. Augustine,St. Johns,11747.0,1993
St. Augustine Beach,St. Johns,3814.0,1993
Fort Pierce,St. Lucie,36909.0,1993
Port St. Lucie,St. Lucie,65722.0,1993
St. Lucie Village,St. Lucie,627.0,1993
Gulf Breeze,Santa Rosa,5802.0,1993
Jay,Santa Rosa,669.0,1993
Milton,Santa Rosa,7451.0,1993
North Port,Sarasota,13591.0,1993
Sarasota,Sarasota,50820.0,1993
Venice,Sarasota,17768.0,1993
Altamonte Springs,Seminole,36770.0,1993
Casselberry,Seminole,22816.0,1993
Lake Mary,Seminole,6673.0,1993
Longwood,Seminole,13418.0,1993
Oviedo,Seminole,15722.0,1993
Sanford,Seminole,34096.0,1993
Winter Springs,Seminole,24008.0,1993
Bushnell,Sumter,2212.0,1993
Center Hill,Sumter,762.0,1993
Coleman,Sumter,854.0,1993
Webster,Sumter,807.0,1993
Wildwood,Sumter,3767.0,1993
Branford,Suwannee,682.0,1993
Live Oak,Suwannee,6479.0,1993
Perry,Taylor,7198.0,1993
Lake Butler,Union,2126.0,1993
Raiford,Union,232.0,1993
Worthington Springs,Union,228.0,1993
Daytona Beach,Volusia,62453.0,1993
Daytona Beach Shores,Volusia,2532.0,1993
DeLand,Volusia,17377.0,1993
Edgewater,Volusia,16745.0,1993
Holly Hill,Volusia,11258.0,1993
Lake Helen,Volusia,2381.0,1993
New Smyrna Beach,Volusia,17481.0,1993
Oak Hill,Volusia,1015.0,1993
Orange City,Volusia,5813.0,1993
Ormond Beach,Volusia,30963.0,1993
Pierson,Volusia,1222.0,1993
Ponce Inlet,Volusia,1994.0,1993
Port Orange,Volusia,38144.0,1993
South Daytona,Volusia,12689.0,1993
St. Marks,Wakulla,303.0,1993
Sopchoppy,Wakulla,398.0,1993
DeFuniak Springs,Walton,5259.0,1993
Freeport,Walton,867.0,1993
Paxton,Walton,582.0,1993
Caryville,Washington,615.0,1993
Chipley,Washington,3936.0,1993
Ebro,Washington,264.0,1993
Vernon,Washington,831.0,1993
Wausau,Washington,310.0,1993
Incorporated Population,,6693454.0,1993
Total Population,,13608627.0,1993
Incorporated Pop. as % of Total Pop.,,0.491853733664682,1993
Alachua,Alachua,4853.0,1992
Archer,Alachua,1406.0,1992
Gainesville,Alachua,85587.0,1992
Hawthorne,Alachua,1366.0,1992
High Springs,Alachua,3256.0,1992
La Crosse,Alachua,124.0,1992
Micanopy,Alachua,620.0,1992
Newberry,Alachua,1885.0,1992
Waldo,Alachua,1016.0,1992
Glen St. Mary,Baker,471.0,1992
Macclenny,Baker,4026.0,1992
Callaway,Bay,13016.0,1992
Cedar Grove,Bay,1476.0,1992
Lynn Haven,Bay,9757.0,1992
Mexico Beach,Bay,1003.0,1992
Panama City,Bay,35427.0,1992
Panama City Beach,Bay,4227.0,1992
Parker,Bay,4710.0,1992
Springfield,Bay,9027.0,1992
Brooker,Bradford,320.0,1992
Hampton,Bradford,299.0,1992
Lawtey,Bradford,674.0,1992
Starke,Bradford,5011.0,1992
Cape Canaveral,Brevard,8100.0,1992
Cocoa,Brevard,17946.0,1992
Cocoa Beach,Brevard,12387.0,1992
Indialantic,Brevard,2839.0,1992
Indian Harbour Beach,Brevard,7119.0,1992
Malabar,Brevard,2147.0,1992
Melbourne,Brevard,62426.0,1992
Melbourne Beach,Brevard,3090.0,1992
Melbourne Village,Brevard,591.0,1992
Palm Bay,Brevard,66963.0,1992
Palm Shores,Brevard,418.0,1992
Rockledge,Brevard,16753.0,1992
Satellite Beach,Brevard,9871.0,1992
Titusville,Brevard,40405.0,1992
West Melbourne,Brevard,8409.0,1992
Coconut Creek,Broward,30009.0,1992
Cooper City,Broward,23955.0,1992
Coral Springs,Broward,86327.0,1992
Dania Beach,Broward,16898.0,1992
Davie,Broward,50259.0,1992
Deerfield Beach,Broward,47320.0,1992
Fort Lauderdale,Broward,147678.0,1992
Hallandale Beach,Broward,30933.0,1992
Hillsboro Beach,Broward,1746.0,1992
Hollywood,Broward,123296.0,1992
Lauderdale Lakes,Broward,27577.0,1992
Lauderdale-By-The-Sea,Broward,2974.0,1992
Lauderhill,Broward,50034.0,1992
Lazy Lake,Broward,36.0,1992
Lighthouse Point,Broward,10391.0,1992
Margate,Broward,44346.0,1992
Miramar,Broward,41872.0,1992
North Lauderdale,Broward,26554.0,1992
Oakland Park,Broward,27596.0,1992
Parkland,Broward,6385.0,1992
Pembroke Park,Broward,4880.0,1992
Pembroke Pines,Broward,70909.0,1992
Plantation,Broward,70544.0,1992
Pompano Beach,Broward,72671.0,1992
Sea Ranch Lakes,Broward,619.0,1992
Sunrise,Broward,69187.0,1992
Tamarac,Broward,46375.0,1992
Wilton Manors,Broward,11662.0,1992
Altha,Calhoun,524.0,1992
Blountstown,Calhoun,2508.0,1992
Punta Gorda,Charlotte,11587.0,1992
Crystal River,Citrus,4046.0,1992
Inverness,Citrus,6140.0,1992
Green Cove Springs,Clay,4671.0,1992
Keystone Heights,Clay,1311.0,1992
Orange Park,Clay,9448.0,1992
Penney Farms,Clay,638.0,1992
Everglades,Collier,340.0,1992
Naples,Collier,19868.0,1992
Fort White,Columbia,502.0,1992
Lake City,Columbia,10087.0,1992
Arcadia,De Soto,6482.0,1992
Cross City,Dixie,2028.0,1992
Horseshoe Beach,Dixie,235.0,1992
Atlantic Beach,Duval,12495.0,1992
Baldwin,Duval,1511.0,1992
Jacksonville,Duval,653206.0,1992
Jacksonville Beach,Duval,19199.0,1992
Neptune Beach,Duval,7135.0,1992
Century,Escambia,1967.0,1992
Pensacola,Escambia,59833.0,1992
Beverly Beach,Flagler,315.0,1992
Bunnell,Flagler,1967.0,1992
Flagler Beach,Flagler,3986.0,1992
Marineland,Flagler/St. Johns,12.0,1992
Apalachicola,Franklin,2680.0,1992
Carrabelle,Franklin,1219.0,1992
Chattahoochee,Gadsden,4334.0,1992
Greensboro,Gadsden,597.0,1992
Gretna,Gadsden,2015.0,1992
Havana,Gadsden,1777.0,1992
Midway,Gadsden,1118.0,1992
Quincy,Gadsden,7472.0,1992
Bell,Gilchrist,279.0,1992
Trenton,Gilchrist,1292.0,1992
Fanning Springs,Gilchrist/Levy,522.0,1992
Moore Haven,Glades,1537.0,1992
Port St. Joe,Gulf,4057.0,1992
Wewahitchka,Gulf,1786.0,1992
Jasper,Hamilton,2101.0,1992
Jennings,Hamilton,717.0,1992
White Springs,Hamilton,753.0,1992
Bowling Green,Hardee,1867.0,1992
Wauchula,Hardee,3469.0,1992
Zolfo Springs,Hardee,1231.0,1992
Clewiston,Hendry,6154.0,1992
LaBelle,Hendry,2903.0,1992
Brooksville,Hernando,7485.0,1992
Weeki Wachee,Hernando,11.0,1992
Avon Park,Highlands,8101.0,1992
Lake Placid,Highlands,1210.0,1992
Sebring,Highlands,8880.0,1992
Plant City,Hillsborough,24033.0,1992
Tampa,Hillsborough,281837.0,1992
Temple Terrace,Hillsborough,16976.0,1992
Bonifay,Holmes,2672.0,1992
Esto,Holmes,296.0,1992
Noma,Holmes,217.0,1992
Ponce de Leon,Holmes,419.0,1992
Westville,Holmes,267.0,1992
Fellsmere,Indian River,2279.0,1992
Indian River Shores,Indian River,2366.0,1992
Orchid,Indian River,17.0,1992
Sebastian,Indian River,11569.0,1992
Vero Beach,Indian River,17443.0,1992
Alford,Jackson,486.0,1992
Bascom,Jackson,90.0,1992
Campbellton,Jackson,232.0,1992
Cottondale,Jackson,916.0,1992
Graceville,Jackson,2637.0,1992
Grand Ridge,Jackson,550.0,1992
Greenwood,Jackson,511.0,1992
Jacob City,Jackson,275.0,1992
Malone,Jackson,1442.0,1992
Marianna,Jackson,6187.0,1992
Sneads,Jackson,1785.0,1992
Monticello,Jefferson,2673.0,1992
Mayo,Lafayette,910.0,1992
Astatula,Lake,995.0,1992
Clermont,Lake,6904.0,1992
Eustis,Lake,13654.0,1992
Fruitland Park,Lake,2830.0,1992
Groveland,Lake,2362.0,1992
Howey-in-the-Hills,Lake,737.0,1992
Lady Lake,Lake,10109.0,1992
Leesburg,Lake,15063.0,1992
Mascotte,Lake,1870.0,1992
Minneola,Lake,1710.0,1992
Montverde,Lake,933.0,1992
Mount Dora,Lake,7535.0,1992
Tavares,Lake,7679.0,1992
Umatilla,Lake,2376.0,1992
Cape Coral,Lee,79278.0,1992
Fort Myers,Lee,45043.0,1992
Sanibel,Lee,5534.0,1992
Tallahassee,Leon,129258.0,1992
Bronson,Levy,868.0,1992
Cedar Key,Levy,679.0,1992
Chiefland,Levy,1997.0,1992
Inglis,Levy,1298.0,1992
Otter Creek,Levy,115.0,1992
Williston,Levy,2198.0,1992
Yankeetown,Levy,631.0,1992
Bristol,Liberty,929.0,1992
Greenville,Madison,936.0,1992
Lee,Madison,301.0,1992
Madison,Madison,3446.0,1992
Anna Maria,Manatee,1789.0,1992
Bradenton,Manatee,46342.0,1992
Bradenton Beach,Manatee,1653.0,1992
Holmes Beach,Manatee,4892.0,1992
Palmetto,Manatee,9408.0,1992
Longboat Key,Manatee/Sarasota,6260.0,1992
Belleview,Marion,3051.0,1992
Dunnellon,Marion,1694.0,1992
McIntosh,Marion,408.0,1992
Ocala,Marion,41863.0,1992
Reddick,Marion,561.0,1992
Jupiter Island,Martin,557.0,1992
Ocean Breeze Park,Martin,519.0,1992
Sewall's Point,Martin,1634.0,1992
Stuart,Martin,12195.0,1992
Bal Harbour,Miami-Dade,3033.0,1992
Bay Harbor Islands,Miami-Dade,4721.0,1992
Biscayne Park,Miami-Dade,3081.0,1992
Coral Gables,Miami-Dade,40700.0,1992
El Portal,Miami-Dade,2461.0,1992
Florida City,Miami-Dade,6067.0,1992
Golden Beach,Miami-Dade,805.0,1992
Hialeah,Miami-Dade,195579.0,1992
Hialeah Gardens,Miami-Dade,9259.0,1992
Homestead,Miami-Dade,27087.0,1992
Indian Creek,Miami-Dade,44.0,1992
Islandia,Miami-Dade,13.0,1992
Key Biscayne,Miami-Dade,8897.0,1992
Medley,Miami-Dade,821.0,1992
Miami,Miami-Dade,359973.0,1992
Miami Beach,Miami-Dade,93461.0,1992
Miami Shores,Miami-Dade,10097.0,1992
Miami Springs,Miami-Dade,13230.0,1992
North Bay Village,Miami-Dade,5550.0,1992
North Miami,Miami-Dade,50090.0,1992
North Miami Beach,Miami-Dade,35268.0,1992
Opa-locka,Miami-Dade,15255.0,1992
South Miami,Miami-Dade,10459.0,1992
Surfside,Miami-Dade,4204.0,1992
Sweetwater,Miami-Dade,14096.0,1992
Virginia Gardens,Miami-Dade,2199.0,1992
West Miami,Miami-Dade,5712.0,1992
Key Colony Beach,Monroe,1011.0,1992
Key West,Monroe,25860.0,1992
Layton,Monroe,188.0,1992
Callahan,Nassau,931.0,1992
Fernandina Beach,Nassau,9089.0,1992
Hilliard,Nassau,1865.0,1992
Cinco Bayou,Okaloosa,376.0,1992
Crestview,Okaloosa,10942.0,1992
Destin,Okaloosa,8260.0,1992
Fort Walton Beach,Okaloosa,21745.0,1992
Laurel Hill,Okaloosa,516.0,1992
Mary Esther,Okaloosa,4161.0,1992
Niceville,Okaloosa,10915.0,1992
Shalimar,Okaloosa,354.0,1992
Valparaiso,Okaloosa,6380.0,1992
Okeechobee,Okeechobee,4910.0,1992
Apopka,Orange,15037.0,1992
Bay Lake,Orange,21.0,1992
Belle Isle,Orange,5543.0,1992
Eatonville,Orange,2513.0,1992
Edgewood,Orange,1102.0,1992
Lake Buena Vista,Orange,24.0,1992
Maitland,Orange,8981.0,1992
Oakland,Orange,730.0,1992
Ocoee,Orange,15107.0,1992
Orlando,Orange,169675.0,1992
Windermere,Orange,1645.0,1992
Winter Garden,Orange,11038.0,1992
Winter Park,Orange,22479.0,1992
Kissimmee,Osceola,30984.0,1992
St. Cloud,Osceola,14297.0,1992
Atlantis,Palm Beach,1673.0,1992
Belle Glade,Palm Beach,16105.0,1992
Boca Raton,Palm Beach,63224.0,1992
Boynton Beach,Palm Beach,48144.0,1992
Briny Breezes,Palm Beach,395.0,1992
Cloud Lake,Palm Beach,121.0,1992
Delray Beach,Palm Beach,48346.0,1992
Glen Ridge,Palm Beach,211.0,1992
Golf,Palm Beach,190.0,1992
Golfview,Palm Beach,153.0,1992
Greenacres,Palm Beach,19442.0,1992
Gulf Stream,Palm Beach,703.0,1992
Haverhill,Palm Beach,1154.0,1992
Highland Beach,Palm Beach,3234.0,1992
Hypoluxo,Palm Beach,1117.0,1992
Juno Beach,Palm Beach,2185.0,1992
Jupiter,Palm Beach,25898.0,1992
Jupiter Inlet Colony,Palm Beach,406.0,1992
Lake Clarke Shores,Palm Beach,3613.0,1992
Lake Park,Palm Beach,6639.0,1992
Lake Worth Beach,Palm Beach,28387.0,1992
Lantana,Palm Beach,8396.0,1992
Manalapan,Palm Beach,321.0,1992
Mangonia Park,Palm Beach,1411.0,1992
North Palm Beach,Palm Beach,11747.0,1992
Ocean Ridge,Palm Beach,1593.0,1992
Pahokee,Palm Beach,6871.0,1992
Palm Beach,Palm Beach,9819.0,1992
Palm Beach Gardens,Palm Beach,27553.0,1992
Palm Beach Shores,Palm Beach,1031.0,1992
Palm Springs,Palm Beach,9706.0,1992
Riviera Beach,Palm Beach,27128.0,1992
Royal Palm Beach,Palm Beach,16462.0,1992
South Bay,Palm Beach,3448.0,1992
South Palm Beach,Palm Beach,1483.0,1992
Tequesta,Palm Beach,4503.0,1992
West Palm Beach,Palm Beach,68270.0,1992
Dade City,Pasco,5652.0,1992
New Port Richey,Pasco,14332.0,1992
Port Richey,Pasco,2630.0,1992
St. Leo,Pasco,1012.0,1992
San Antonio,Pasco,778.0,1992
Zephyrhills,Pasco,8349.0,1992
Belleair,Pinellas,3981.0,1992
Belleair Beach,Pinellas,2090.0,1992
Belleair Bluffs,Pinellas,2221.0,1992
Belleair Shore,Pinellas,60.0,1992
Clearwater,Pinellas,99856.0,1992
Dunedin,Pinellas,34771.0,1992
Gulfport,Pinellas,11761.0,1992
Indian Rocks Beach,Pinellas,3970.0,1992
Indian Shores,Pinellas,1442.0,1992
Kenneth City,Pinellas,4299.0,1992
Largo,Pinellas,66513.0,1992
Madeira Beach,Pinellas,4251.0,1992
North Redington Beach,Pinellas,1136.0,1992
Oldsmar,Pinellas,8485.0,1992
Pinellas Park,Pinellas,43652.0,1992
Redington Beach,Pinellas,1622.0,1992
Redington Shores,Pinellas,2400.0,1992
Safety Harbor,Pinellas,15427.0,1992
St. Petersburg,Pinellas,239132.0,1992
St. Pete Beach,Pinellas,9351.0,1992
Seminole,Pinellas,9423.0,1992
South Pasadena,Pinellas,5798.0,1992
Tarpon Springs,Pinellas,18345.0,1992
Treasure Island,Pinellas,7311.0,1992
Auburndale,Polk,9039.0,1992
Bartow,Polk,15002.0,1992
Davenport,Polk,1673.0,1992
Dundee,Polk,2397.0,1992
Eagle Lake,Polk,1909.0,1992
Fort Meade,Polk,5241.0,1992
Frostproof,Polk,2895.0,1992
Haines City,Polk,12037.0,1992
Highland Park,Polk,155.0,1992
Hillcrest Heights,Polk,221.0,1992
Lake Alfred,Polk,3596.0,1992
Lake Hamilton,Polk,1118.0,1992
Lake Wales,Polk,9759.0,1992
Lakeland,Polk,71896.0,1992
Mulberry,Polk,3039.0,1992
Polk City,Polk,1587.0,1992
Winter Haven,Polk,24852.0,1992
Crescent City,Putnam,1843.0,1992
Interlachen,Putnam,1221.0,1992
Palatka,Putnam,10415.0,1992
Pomona Park,Putnam,728.0,1992
Welaka,Putnam,547.0,1992
Hastings,St. Johns,639.0,1992
St. Augustine,St. Johns,11679.0,1992
St. Augustine Beach,St. Johns,3801.0,1992
Fort Pierce,St. Lucie,36722.0,1992
Port St. Lucie,St. Lucie,62813.0,1992
St. Lucie Village,St. Lucie,634.0,1992
Gulf Breeze,Santa Rosa,5740.0,1992
Jay,Santa Rosa,692.0,1992
Milton,Santa Rosa,7466.0,1992
North Port,Sarasota,13038.0,1992
Sarasota,Sarasota,51058.0,1992
Venice,Sarasota,17491.0,1992
Altamonte Springs,Seminole,36380.0,1992
Casselberry,Seminole,22227.0,1992
Lake Mary,Seminole,6426.0,1992
Longwood,Seminole,13312.0,1992
Oviedo,Seminole,14538.0,1992
Sanford,Seminole,34156.0,1992
Winter Springs,Seminole,23352.0,1992
Bushnell,Sumter,2107.0,1992
Center Hill,Sumter,746.0,1992
Coleman,Sumter,863.0,1992
Webster,Sumter,779.0,1992
Wildwood,Sumter,3685.0,1992
Branford,Suwannee,675.0,1992
Live Oak,Suwannee,6334.0,1992
Perry,Taylor,7215.0,1992
Lake Butler,Union,2131.0,1992
Raiford,Union,232.0,1992
Worthington Springs,Union,174.0,1992
Daytona Beach,Volusia,62391.0,1992
Daytona Beach Shores,Volusia,2536.0,1992
DeLand,Volusia,17048.0,1992
Edgewater,Volusia,16394.0,1992
Holly Hill,Volusia,11198.0,1992
Lake Helen,Volusia,2374.0,1992
New Smyrna Beach,Volusia,17231.0,1992
Oak Hill,Volusia,1006.0,1992
Orange City,Volusia,5734.0,1992
Ormond Beach,Volusia,30570.0,1992
Pierson,Volusia,1179.0,1992
Ponce Inlet,Volusia,1904.0,1992
Port Orange,Volusia,37311.0,1992
South Daytona,Volusia,12632.0,1992
St. Marks,Wakulla,306.0,1992
Sopchoppy,Wakulla,389.0,1992
DeFuniak Springs,Walton,5082.0,1992
Freeport,Walton,839.0,1992
Paxton,Walton,578.0,1992
Caryville,Washington,618.0,1992
Chipley,Washington,3898.0,1992
Ebro,Washington,258.0,1992
Vernon,Washington,832.0,1992
Wausau,Washington,320.0,1992
Incorporated Population,,6599717.0,1992
Total Population,,13424416.0,1992
Incorporated Pop. as % of Total Pop.,,0.4916204176032686,1992
Alachua,Alachua,4643.0,1991
Archer,Alachua,1424.0,1991
Gainesville,Alachua,84544.0,1991
Hawthorne,Alachua,1307.0,1991
High Springs,Alachua,3181.0,1991
La Crosse,Alachua,124.0,1991
Micanopy,Alachua,606.0,1991
Newberry,Alachua,1662.0,1991
Waldo,Alachua,1012.0,1991
Glen St. Mary,Baker,470.0,1991
Macclenny,Baker,4007.0,1991
Callaway,Bay,12559.0,1991
Cedar Grove,Bay,1459.0,1991
Lynn Haven,Bay,9493.0,1991
Mexico Beach,Bay,993.0,1991
Panama City,Bay,34723.0,1991
Panama City Beach,Bay,4115.0,1991
Parker,Bay,4632.0,1991
Springfield,Bay,8707.0,1991
Brooker,Bradford,308.0,1991
Hampton,Bradford,297.0,1991
Lawtey,Bradford,674.0,1991
Starke,Bradford,5038.0,1991
Cape Canaveral,Brevard,8085.0,1991
Cocoa,Brevard,17724.0,1991
Cocoa Beach,Brevard,12306.0,1991
Indialantic,Brevard,2834.0,1991
Indian Harbour Beach,Brevard,7017.0,1991
Malabar,Brevard,2106.0,1991
Melbourne,Brevard,61295.0,1991
Melbourne Beach,Brevard,3024.0,1991
Melbourne Village,Brevard,584.0,1991
Palm Bay,Brevard,65015.0,1991
Palm Shores,Brevard,298.0,1991
Rockledge,Brevard,16475.0,1991
Satellite Beach,Brevard,9852.0,1991
Titusville,Brevard,39783.0,1991
West Melbourne,Brevard,8329.0,1991
Coconut Creek,Broward,29423.0,1991
Cooper City,Broward,22108.0,1991
Coral Springs,Broward,83235.0,1991
Dania Beach,Broward,16678.0,1991
Davie,Broward,49033.0,1991
Deerfield Beach,Broward,46640.0,1991
Fort Lauderdale,Broward,148800.0,1991
Hallandale Beach,Broward,30889.0,1991
Hillsboro Beach,Broward,1752.0,1991
Hollywood,Broward,122669.0,1991
Lauderdale Lakes,Broward,27196.0,1991
Lauderdale-By-The-Sea,Broward,2974.0,1991
Lauderhill,Broward,50051.0,1991
Lazy Lake,Broward,36.0,1991
Lighthouse Point,Broward,10388.0,1991
Margate,Broward,43562.0,1991
Miramar,Broward,41719.0,1991
North Lauderdale,Broward,26522.0,1991
Oakland Park,Broward,26590.0,1991
Parkland,Broward,5429.0,1991
Pembroke Park,Broward,4949.0,1991
Pembroke Pines,Broward,68305.0,1991
Plantation,Broward,69258.0,1991
Pompano Beach,Broward,72458.0,1991
Sea Ranch Lakes,Broward,617.0,1991
Sunrise,Broward,66824.0,1991
Tamarac,Broward,46140.0,1991
Wilton Manors,Broward,11774.0,1991
Altha,Calhoun,496.0,1991
Blountstown,Calhoun,2365.0,1991
Punta Gorda,Charlotte,11207.0,1991
Crystal River,Citrus,4045.0,1991
Inverness,Citrus,5973.0,1991
Green Cove Springs,Clay,4593.0,1991
Keystone Heights,Clay,1329.0,1991
Orange Park,Clay,9445.0,1991
Penney Farms,Clay,619.0,1991
Everglades,Collier,339.0,1991
Naples,Collier,19781.0,1991
Fort White,Columbia,282.0,1991
Lake City,Columbia,10015.0,1991
Arcadia,De Soto,6498.0,1991
Cross City,Dixie,1995.0,1991
Horseshoe Beach,Dixie,244.0,1991
Atlantic Beach,Duval,12180.0,1991
Baldwin,Duval,1481.0,1991
Jacksonville,Duval,642426.0,1991
Jacksonville Beach,Duval,18588.0,1991
Neptune Beach,Duval,6956.0,1991
Century,Escambia,1979.0,1991
Pensacola,Escambia,58164.0,1991
Beverly Beach,Flagler,314.0,1991
Bunnell,Flagler,1873.0,1991
Flagler Beach,Flagler,3912.0,1991
Marineland,Flagler/St. Johns,12.0,1991
Apalachicola,Franklin,2640.0,1991
Carrabelle,Franklin,1204.0,1991
Chattahoochee,Gadsden,4538.0,1991
Greensboro,Gadsden,586.0,1991
Gretna,Gadsden,2041.0,1991
Havana,Gadsden,1675.0,1991
Midway,Gadsden,1118.0,1991
Quincy,Gadsden,7407.0,1991
Bell,Gilchrist,256.0,1991
Trenton,Gilchrist,1310.0,1991
Fanning Springs,Gilchrist/Levy,515.0,1991
Moore Haven,Glades,1453.0,1991
Port St. Joe,Gulf,4056.0,1991
Wewahitchka,Gulf,1772.0,1991
Jasper,Hamilton,2099.0,1991
Jennings,Hamilton,707.0,1991
White Springs,Hamilton,699.0,1991
Bowling Green,Hardee,1836.0,1991
Wauchula,Hardee,3385.0,1991
Zolfo Springs,Hardee,1227.0,1991
Clewiston,Hendry,6243.0,1991
LaBelle,Hendry,2806.0,1991
Brooksville,Hernando,7418.0,1991
Weeki Wachee,Hernando,5.0,1991
Avon Park,Highlands,8194.0,1991
Lake Placid,Highlands,1194.0,1991
Sebring,Highlands,8913.0,1991
Plant City,Hillsborough,23574.0,1991
Tampa,Hillsborough,280120.0,1991
Temple Terrace,Hillsborough,16537.0,1991
Bonifay,Holmes,2639.0,1991
Esto,Holmes,257.0,1991
Noma,Holmes,211.0,1991
Ponce de Leon,Holmes,406.0,1991
Westville,Holmes,263.0,1991
Fellsmere,Indian River,2193.0,1991
Indian River Shores,Indian River,2323.0,1991
Orchid,Indian River,11.0,1991
Sebastian,Indian River,11019.0,1991
Vero Beach,Indian River,17434.0,1991
Alford,Jackson,465.0,1991
Bascom,Jackson,87.0,1991
Campbellton,Jackson,191.0,1991
Cottondale,Jackson,895.0,1991
Graceville,Jackson,2659.0,1991
Grand Ridge,Jackson,546.0,1991
Greenwood,Jackson,477.0,1991
Jacob City,Jackson,265.0,1991
Malone,Jackson,732.0,1991
Marianna,Jackson,6200.0,1991
Sneads,Jackson,1777.0,1991
Monticello,Jefferson,2661.0,1991
Mayo,Lafayette,917.0,1991
Astatula,Lake,989.0,1991
Clermont,Lake,6930.0,1991
Eustis,Lake,13098.0,1991
Fruitland Park,Lake,2805.0,1991
Groveland,Lake,2316.0,1991
Howey-in-the-Hills,Lake,724.0,1991
Lady Lake,Lake,9074.0,1991
Leesburg,Lake,15174.0,1991
Mascotte,Lake,1811.0,1991
Minneola,Lake,1588.0,1991
Montverde,Lake,930.0,1991
Mount Dora,Lake,7504.0,1991
Tavares,Lake,7498.0,1991
Umatilla,Lake,2342.0,1991
Cape Coral,Lee,77082.0,1991
Fort Myers,Lee,45541.0,1991
Sanibel,Lee,5560.0,1991
Tallahassee,Leon,126959.0,1991
Bronson,Levy,857.0,1991
Cedar Key,Levy,664.0,1991
Chiefland,Levy,1995.0,1991
Inglis,Levy,1297.0,1991
Otter Creek,Levy,128.0,1991
Williston,Levy,2197.0,1991
Yankeetown,Levy,631.0,1991
Bristol,Liberty,946.0,1991
Greenville,Madison,947.0,1991
Lee,Madison,315.0,1991
Madison,Madison,3358.0,1991
Anna Maria,Manatee,1764.0,1991
Bradenton,Manatee,44554.0,1991
Bradenton Beach,Manatee,1653.0,1991
Holmes Beach,Manatee,4868.0,1991
Palmetto,Manatee,9274.0,1991
Longboat Key,Manatee/Sarasota,6134.0,1991
Belleview,Marion,2683.0,1991
Dunnellon,Marion,1655.0,1991
McIntosh,Marion,404.0,1991
Ocala,Marion,41918.0,1991
Reddick,Marion,549.0,1991
Jupiter Island,Martin,553.0,1991
Ocean Breeze Park,Martin,519.0,1991
Sewall's Point,Martin,1626.0,1991
Stuart,Martin,12066.0,1991
Bal Harbour,Miami-Dade,3026.0,1991
Bay Harbor Islands,Miami-Dade,4676.0,1991
Biscayne Park,Miami-Dade,3041.0,1991
Coral Gables,Miami-Dade,40404.0,1991
El Portal,Miami-Dade,2447.0,1991
Florida City,Miami-Dade,5887.0,1991
Golden Beach,Miami-Dade,783.0,1991
Hialeah,Miami-Dade,192002.0,1991
Hialeah Gardens,Miami-Dade,8479.0,1991
Homestead,Miami-Dade,27221.0,1991
Indian Creek,Miami-Dade,44.0,1991
Islandia,Miami-Dade,13.0,1991
Medley,Miami-Dade,707.0,1991
Miami,Miami-Dade,359076.0,1991
Miami Beach,Miami-Dade,92939.0,1991
Miami Shores,Miami-Dade,10095.0,1991
Miami Springs,Miami-Dade,13183.0,1991
North Bay Village,Miami-Dade,5490.0,1991
North Miami,Miami-Dade,49541.0,1991
North Miami Beach,Miami-Dade,35270.0,1991
Opa-locka,Miami-Dade,15187.0,1991
South Miami,Miami-Dade,10449.0,1991
Surfside,Miami-Dade,4129.0,1991
Sweetwater,Miami-Dade,14036.0,1991
Virginia Gardens,Miami-Dade,2202.0,1991
West Miami,Miami-Dade,5724.0,1991
Key Colony Beach,Monroe,989.0,1991
Key West,Monroe,25520.0,1991
Layton,Monroe,185.0,1991
Callahan,Nassau,936.0,1991
Fernandina Beach,Nassau,8906.0,1991
Hilliard,Nassau,1792.0,1991
Cinco Bayou,Okaloosa,317.0,1991
Crestview,Okaloosa,10134.0,1991
Destin,Okaloosa,8129.0,1991
Fort Walton Beach,Okaloosa,21510.0,1991
Laurel Hill,Okaloosa,530.0,1991
Mary Esther,Okaloosa,4116.0,1991
Niceville,Okaloosa,10571.0,1991
Shalimar,Okaloosa,349.0,1991
Valparaiso,Okaloosa,4688.0,1991
Okeechobee,Okeechobee,4904.0,1991
Apopka,Orange,14283.0,1991
Bay Lake,Orange,21.0,1991
Belle Isle,Orange,5543.0,1991
Eatonville,Orange,2208.0,1991
Edgewood,Orange,1055.0,1991
Lake Buena Vista,Orange,24.0,1991
Maitland,Orange,9104.0,1991
Oakland,Orange,707.0,1991
Ocoee,Orange,14220.0,1991
Orlando,Orange,168456.0,1991
Windermere,Orange,1631.0,1991
Winter Garden,Orange,10392.0,1991
Winter Park,Orange,22265.0,1991
Kissimmee,Osceola,30299.0,1991
St. Cloud,Osceola,12604.0,1991
Atlantis,Palm Beach,1666.0,1991
Belle Glade,Palm Beach,16132.0,1991
Boca Raton,Palm Beach,62157.0,1991
Boynton Beach,Palm Beach,47022.0,1991
Briny Breezes,Palm Beach,395.0,1991
Cloud Lake,Palm Beach,114.0,1991
Delray Beach,Palm Beach,48206.0,1991
Glen Ridge,Palm Beach,206.0,1991
Golf,Palm Beach,238.0,1991
Golfview,Palm Beach,153.0,1991
Greenacres,Palm Beach,19163.0,1991
Gulf Stream,Palm Beach,695.0,1991
Haverhill,Palm Beach,1163.0,1991
Highland Beach,Palm Beach,3209.0,1991
Hypoluxo,Palm Beach,1096.0,1991
Juno Beach,Palm Beach,2124.0,1991
Jupiter,Palm Beach,25710.0,1991
Jupiter Inlet Colony,Palm Beach,406.0,1991
Lake Clarke Shores,Palm Beach,3622.0,1991
Lake Park,Palm Beach,6709.0,1991
Lake Worth Beach,Palm Beach,28436.0,1991
Lantana,Palm Beach,8371.0,1991
Manalapan,Palm Beach,318.0,1991
Mangonia Park,Palm Beach,1398.0,1991
North Palm Beach,Palm Beach,11530.0,1991
Ocean Ridge,Palm Beach,1575.0,1991
Pahokee,Palm Beach,6764.0,1991
Palm Beach,Palm Beach,9808.0,1991
Palm Beach Gardens,Palm Beach,24447.0,1991
Palm Beach Shores,Palm Beach,1038.0,1991
Palm Springs,Palm Beach,9759.0,1991
Riviera Beach,Palm Beach,27579.0,1991
Royal Palm Beach,Palm Beach,15123.0,1991
South Bay,Palm Beach,3584.0,1991
South Palm Beach,Palm Beach,1479.0,1991
Tequesta,Palm Beach,4500.0,1991
West Palm Beach,Palm Beach,67923.0,1991
Dade City,Pasco,5766.0,1991
New Port Richey,Pasco,14205.0,1991
Port Richey,Pasco,2593.0,1991
St. Leo,Pasco,1012.0,1991
San Antonio,Pasco,783.0,1991
Zephyrhills,Pasco,8354.0,1991
Belleair,Pinellas,3979.0,1991
Belleair Beach,Pinellas,2080.0,1991
Belleair Bluffs,Pinellas,2119.0,1991
Belleair Shore,Pinellas,60.0,1991
Clearwater,Pinellas,99612.0,1991
Dunedin,Pinellas,34359.0,1991
Gulfport,Pinellas,11773.0,1991
Indian Rocks Beach,Pinellas,3964.0,1991
Indian Shores,Pinellas,1431.0,1991
Kenneth City,Pinellas,4441.0,1991
Largo,Pinellas,65974.0,1991
Madeira Beach,Pinellas,4221.0,1991
North Redington Beach,Pinellas,1136.0,1991
Oldsmar,Pinellas,8386.0,1991
Pinellas Park,Pinellas,43468.0,1991
Redington Beach,Pinellas,1629.0,1991
Redington Shores,Pinellas,2390.0,1991
Safety Harbor,Pinellas,15212.0,1991
St. Petersburg,Pinellas,237739.0,1991
St. Pete Beach,Pinellas,9302.0,1991
Seminole,Pinellas,9396.0,1991
South Pasadena,Pinellas,5676.0,1991
Tarpon Springs,Pinellas,18139.0,1991
Treasure Island,Pinellas,7313.0,1991
Auburndale,Polk,8878.0,1991
Bartow,Polk,14969.0,1991
Davenport,Polk,1575.0,1991
Dundee,Polk,2358.0,1991
Eagle Lake,Polk,1740.0,1991
Fort Meade,Polk,4947.0,1991
Frostproof,Polk,2797.0,1991
Haines City,Polk,11767.0,1991
Highland Park,Polk,153.0,1991
Hillcrest Heights,Polk,219.0,1991
Lake Alfred,Polk,3572.0,1991
Lake Hamilton,Polk,1128.0,1991
Lake Wales,Polk,9639.0,1991
Lakeland,Polk,71652.0,1991
Mulberry,Polk,3013.0,1991
Polk City,Polk,1488.0,1991
Winter Haven,Polk,24757.0,1991
Crescent City,Putnam,1857.0,1991
Interlachen,Putnam,1202.0,1991
Palatka,Putnam,10224.0,1991
Pomona Park,Putnam,657.0,1991
Welaka,Putnam,533.0,1991
Hastings,St. Johns,642.0,1991
St. Augustine,St. Johns,11697.0,1991
St. Augustine Beach,St. Johns,3701.0,1991
Fort Pierce,St. Lucie,36884.0,1991
Port St. Lucie,St. Lucie,59702.0,1991
St. Lucie Village,St. Lucie,627.0,1991
Gulf Breeze,Santa Rosa,5649.0,1991
Jay,Santa Rosa,668.0,1991
Milton,Santa Rosa,7309.0,1991
North Port,Sarasota,12558.0,1991
Sarasota,Sarasota,50740.0,1991
Venice,Sarasota,17216.0,1991
Altamonte Springs,Seminole,35348.0,1991
Casselberry,Seminole,21092.0,1991
Lake Mary,Seminole,6223.0,1991
Longwood,Seminole,13321.0,1991
Oviedo,Seminole,13049.0,1991
Sanford,Seminole,33263.0,1991
Winter Springs,Seminole,22790.0,1991
Bushnell,Sumter,1995.0,1991
Center Hill,Sumter,751.0,1991
Coleman,Sumter,860.0,1991
Webster,Sumter,787.0,1991
Wildwood,Sumter,3457.0,1991
Branford,Suwannee,671.0,1991
Live Oak,Suwannee,6370.0,1991
Perry,Taylor,7231.0,1991
Lake Butler,Union,2140.0,1991
Raiford,Union,228.0,1991
Worthington Springs,Union,164.0,1991
Daytona Beach,Volusia,62352.0,1991
Daytona Beach Shores,Volusia,2379.0,1991
DeLand,Volusia,16566.0,1991
Edgewater,Volusia,15975.0,1991
Holly Hill,Volusia,11146.0,1991
Lake Helen,Volusia,2363.0,1991
New Smyrna Beach,Volusia,17084.0,1991
Oak Hill,Volusia,963.0,1991
Orange City,Volusia,5510.0,1991
Ormond Beach,Volusia,30141.0,1991
Pierson,Volusia,1148.0,1991
Ponce Inlet,Volusia,1819.0,1991
Port Orange,Volusia,36477.0,1991
South Daytona,Volusia,12594.0,1991
St. Marks,Wakulla,302.0,1991
Sopchoppy,Wakulla,383.0,1991
DeFuniak Springs,Walton,5098.0,1991
Freeport,Walton,825.0,1991
Paxton,Walton,592.0,1991
Caryville,Washington,621.0,1991
Chipley,Washington,3879.0,1991
Ebro,Washington,258.0,1991
Vernon,Washington,811.0,1991
Wausau,Washington,316.0,1991
Incorporated Population,,6494100.0,1991
Total Population,,13195952.0,1991
Incorporated Pop. as % of Total Pop.,,0.49212819203949815,1991
Alachua,Alachua,4926.0,1989
Archer,Alachua,1411.0,1989
Gainesville,Alachua,85663.0,1989
Hawthorne,Alachua,1363.0,1989
High Springs,Alachua,2888.0,1989
La Crosse,Alachua,154.0,1989
Micanopy,Alachua,786.0,1989
Newberry,Alachua,2139.0,1989
Waldo,Alachua,1080.0,1989
Glen St. Mary,Baker,579.0,1989
Macclenny,Baker,4134.0,1989
Callaway,Bay,12750.0,1989
Cedar Grove,Bay,1618.0,1989
Lynn Haven,Bay,10089.0,1989
Mexico Beach,Bay,1227.0,1989
Panama City,Bay,36354.0,1989
Panama City Beach,Bay,5470.0,1989
Parker,Bay,4776.0,1989
Springfield,Bay,8949.0,1989
Brooker,Bradford,429.0,1989
Hampton,Bradford,449.0,1989
Lawtey,Bradford,707.0,1989
Starke,Bradford,5747.0,1989
Cape Canaveral,Brevard,8477.0,1989
Cocoa,Brevard,18274.0,1989
Cocoa Beach,Brevard,13126.0,1989
Indialantic,Brevard,3046.0,1989
Indian Harbour Beach,Brevard,7787.0,1989
Malabar,Brevard,1825.0,1989
Melbourne,Brevard,61277.0,1989
Melbourne Beach,Brevard,3157.0,1989
Melbourne Village,Brevard,1050.0,1989
Palm Bay,Brevard,56671.0,1989
Palm Shores,Brevard,97.0,1989
Rockledge,Brevard,15655.0,1989
Satellite Beach,Brevard,10282.0,1989
Titusville,Brevard,42963.0,1989
West Melbourne,Brevard,8800.0,1989
Coconut Creek,Broward,27019.0,1989
Cooper City,Broward,17479.0,1989
Coral Springs,Broward,73814.0,1989
Dania Beach,Broward,13678.0,1989
Davie,Broward,42077.0,1989
Deerfield Beach,Broward,50002.0,1989
Fort Lauderdale,Broward,150631.0,1989
Hallandale Beach,Broward,38358.0,1989
Hillsboro Beach,Broward,1590.0,1989
Hollywood,Broward,126380.0,1989
Lauderdale Lakes,Broward,27889.0,1989
Lauderdale-By-The-Sea,Broward,2633.0,1989
Lauderhill,Broward,45046.0,1989
Lazy Lake,Broward,32.0,1989
Lighthouse Point,Broward,11374.0,1989
Margate,Broward,42659.0,1989
Miramar,Broward,39322.0,1989
North Lauderdale,Broward,26860.0,1989
Oakland Park,Broward,25874.0,1989
Parkland,Broward,2556.0,1989
Pembroke Park,Broward,6345.0,1989
Pembroke Pines,Broward,60838.0,1989
Plantation,Broward,66071.0,1989
Pompano Beach,Broward,71181.0,1989
Sea Ranch Lakes,Broward,560.0,1989
Sunrise,Broward,59192.0,1989
Tamarac,Broward,43001.0,1989
Wilton Manors,Broward,12305.0,1989
Altha,Calhoun,491.0,1989
Blountstown,Calhoun,2726.0,1989
Punta Gorda,Charlotte,11151.0,1989
Crystal River,Citrus,3869.0,1989
Inverness,Citrus,6200.0,1989
Green Cove Springs,Clay,4535.0,1989
Keystone Heights,Clay,1199.0,1989
Orange Park,Clay,9619.0,1989
Penney Farms,Clay,683.0,1989
Everglades,Collier,526.0,1989
Naples,Collier,20992.0,1989
Fort White,Columbia,362.0,1989
Lake City,Columbia,9363.0,1989
Arcadia,De Soto,6123.0,1989
Cross City,Dixie,2307.0,1989
Horseshoe Beach,Dixie,328.0,1989
Atlantic Beach,Duval,11428.0,1989
Baldwin,Duval,1772.0,1989
Jacksonville,Duval,647440.0,1989
Jacksonville Beach,Duval,19200.0,1989
Neptune Beach,Duval,6497.0,1989
Century,Escambia,2630.0,1989
Pensacola,Escambia,64274.0,1989
Beverly Beach,Flagler,445.0,1989
Bunnell,Flagler,2153.0,1989
Flagler Beach,Flagler,3565.0,1989
Marineland,Flagler/St. Johns,12.0,1989
Apalachicola,Franklin,2609.0,1989
Carrabelle,Franklin,1335.0,1989
Chattahoochee,Gadsden,4489.0,1989
Greensboro,Gadsden,691.0,1989
Gretna,Gadsden,1594.0,1989
Havana,Gadsden,2794.0,1989
Midway,Gadsden,1611.0,1989
Quincy,Gadsden,8604.0,1989
Bell,Gilchrist,217.0,1989
Trenton,Gilchrist,1500.0,1989
Fanning Springs,Gilchrist/Levy,494.0,1989
Moore Haven,Glades,1258.0,1989
Port St. Joe,Gulf,4186.0,1989
Wewahitchka,Gulf,1903.0,1989
Jasper,Hamilton,2125.0,1989
Jennings,Hamilton,865.0,1989
White Springs,Hamilton,775.0,1989
Bowling Green,Hardee,2513.0,1989
Wauchula,Hardee,3425.0,1989
Zolfo Springs,Hardee,1652.0,1989
Clewiston,Hendry,5806.0,1989
LaBelle,Hendry,3276.0,1989
Brooksville,Hernando,7500.0,1989
Weeki Wachee,Hernando,5.0,1989
Avon Park,Highlands,8374.0,1989
Lake Placid,Highlands,1172.0,1989
Sebring,Highlands,10113.0,1989
Plant City,Hillsborough,21650.0,1989
Tampa,Hillsborough,287917.0,1989
Temple Terrace,Hillsborough,17250.0,1989
Bonifay,Holmes,2751.0,1989
Esto,Holmes,388.0,1989
Noma,Holmes,311.0,1989
Ponce de Leon,Holmes,494.0,1989
Westville,Holmes,294.0,1989
Fellsmere,Indian River,1857.0,1989
Indian River Shores,Indian River,2058.0,1989
Orchid,Indian River,4.0,1989
Sebastian,Indian River,8445.0,1989
Vero Beach,Indian River,17709.0,1989
Alford,Jackson,554.0,1989
Bascom,Jackson,120.0,1989
Campbellton,Jackson,335.0,1989
Cottondale,Jackson,1083.0,1989
Graceville,Jackson,2869.0,1989
Grand Ridge,Jackson,645.0,1989
Greenwood,Jackson,591.0,1989
Jacob City,Jackson,300.0,1989
Malone,Jackson,884.0,1989
Marianna,Jackson,7008.0,1989
Sneads,Jackson,1731.0,1989
Monticello,Jefferson,2947.0,1989
Mayo,Lafayette,979.0,1989
Astatula,Lake,1008.0,1989
Clermont,Lake,6642.0,1989
Eustis,Lake,13825.0,1989
Fruitland Park,Lake,2775.0,1989
Groveland,Lake,2251.0,1989
Howey-in-the-Hills,Lake,638.0,1989
Lady Lake,Lake,6384.0,1989
Leesburg,Lake,14939.0,1989
Mascotte,Lake,1755.0,1989
Minneola,Lake,1151.0,1989
Montverde,Lake,530.0,1989
Mount Dora,Lake,7012.0,1989
Tavares,Lake,7403.0,1989
Umatilla,Lake,2545.0,1989
Cape Coral,Lee,62841.0,1989
Fort Myers,Lee,44109.0,1989
Sanibel,Lee,5574.0,1989
Tallahassee,Leon,130284.0,1989
Bronson,Levy,949.0,1989
Cedar Key,Levy,915.0,1989
Chiefland,Levy,2040.0,1989
Inglis,Levy,1647.0,1989
Otter Creek,Levy,166.0,1989
Williston,Levy,2421.0,1989
Yankeetown,Levy,646.0,1989
Bristol,Liberty,1093.0,1989
Greenville,Madison,1061.0,1989
Lee,Madison,255.0,1989
Madison,Madison,3520.0,1989
Anna Maria,Manatee,1756.0,1989
Bradenton,Manatee,40852.0,1989
Bradenton Beach,Manatee,1823.0,1989
Holmes Beach,Manatee,4545.0,1989
Palmetto,Manatee,9227.0,1989
Longboat Key,Manatee/Sarasota,6767.0,1989
Belleview,Marion,2682.0,1989
Dunnellon,Marion,1799.0,1989
McIntosh,Marion,530.0,1989
Ocala,Marion,45814.0,1989
Reddick,Marion,684.0,1989
Jupiter Island,Martin,447.0,1989
Ocean Breeze Park,Martin,300.0,1989
Sewall's Point,Martin,1635.0,1989
Stuart,Martin,10994.0,1989
Bal Harbour,Miami-Dade,3226.0,1989
Bay Harbor Islands,Miami-Dade,4892.0,1989
Biscayne Park,Miami-Dade,3019.0,1989
Coral Gables,Miami-Dade,41712.0,1989
El Portal,Miami-Dade,1741.0,1989
Florida City,Miami-Dade,6450.0,1989
Golden Beach,Miami-Dade,651.0,1989
Hialeah,Miami-Dade,172964.0,1989
Hialeah Gardens,Miami-Dade,4514.0,1989
Homestead,Miami-Dade,24544.0,1989
Indian Creek,Miami-Dade,112.0,1989
Islandia,Miami-Dade,12.0,1989
Medley,Miami-Dade,549.0,1989
Miami,Miami-Dade,371444.0,1989
Miami Beach,Miami-Dade,98047.0,1989
Miami Shores,Miami-Dade,9061.0,1989
Miami Springs,Miami-Dade,12029.0,1989
North Bay Village,Miami-Dade,5201.0,1989
North Miami,Miami-Dade,42201.0,1989
North Miami Beach,Miami-Dade,35423.0,1989
Opa-locka,Miami-Dade,14142.0,1989
South Miami,Miami-Dade,10309.0,1989
Surfside,Miami-Dade,3941.0,1989
Sweetwater,Miami-Dade,10733.0,1989
Virginia Gardens,Miami-Dade,2165.0,1989
West Miami,Miami-Dade,5776.0,1989
Key Colony Beach,Monroe,1325.0,1989
Key West,Monroe,28177.0,1989
Layton,Monroe,122.0,1989
Callahan,Nassau,1026.0,1989
Fernandina Beach,Nassau,9286.0,1989
Hilliard,Nassau,2240.0,1989
Cinco Bayou,Okaloosa,415.0,1989
Crestview,Okaloosa,9190.0,1989
Destin,Okaloosa,7498.0,1989
Fort Walton Beach,Okaloosa,23556.0,1989
Laurel Hill,Okaloosa,663.0,1989
Mary Esther,Okaloosa,4351.0,1989
Niceville,Okaloosa,11083.0,1989
Shalimar,Okaloosa,402.0,1989
Valparaiso,Okaloosa,6703.0,1989
Okeechobee,Okeechobee,4886.0,1989
Apopka,Orange,12422.0,1989
Bay Lake,Orange,19.0,1989
Belle Isle,Orange,4927.0,1989
Eatonville,Orange,2705.0,1989
Edgewood,Orange,1056.0,1989
Lake Buena Vista,Orange,28.0,1989
Maitland,Orange,9363.0,1989
Oakland,Orange,742.0,1989
Ocoee,Orange,11822.0,1989
Orlando,Orange,166181.0,1989
Windermere,Orange,1487.0,1989
Winter Garden,Orange,8866.0,1989
Winter Park,Orange,23117.0,1989
Kissimmee,Osceola,28818.0,1989
St. Cloud,Osceola,12273.0,1989
Atlantis,Palm Beach,1678.0,1989
Belle Glade,Palm Beach,17195.0,1989
Boca Raton,Palm Beach,61531.0,1989
Boynton Beach,Palm Beach,47451.0,1989
Briny Breezes,Palm Beach,371.0,1989
Cloud Lake,Palm Beach,146.0,1989
Delray Beach,Palm Beach,48993.0,1989
Glen Ridge,Palm Beach,223.0,1989
Golf,Palm Beach,132.0,1989
Golfview,Palm Beach,205.0,1989
Greenacres,Palm Beach,27547.0,1989
Gulf Stream,Palm Beach,533.0,1989
Haverhill,Palm Beach,1316.0,1989
Highland Beach,Palm Beach,3270.0,1989
Hypoluxo,Palm Beach,672.0,1989
Juno Beach,Palm Beach,2201.0,1989
Jupiter,Palm Beach,28387.0,1989
Jupiter Inlet Colony,Palm Beach,393.0,1989
Lake Clarke Shores,Palm Beach,3527.0,1989
Lake Park,Palm Beach,6753.0,1989
Lake Worth Beach,Palm Beach,27643.0,1989
Lantana,Palm Beach,8509.0,1989
Manalapan,Palm Beach,378.0,1989
Mangonia Park,Palm Beach,1275.0,1989
North Palm Beach,Palm Beach,12812.0,1989
Ocean Ridge,Palm Beach,1564.0,1989
Pahokee,Palm Beach,6559.0,1989
Palm Beach,Palm Beach,10907.0,1989
Palm Beach Gardens,Palm Beach,26644.0,1989
Palm Beach Shores,Palm Beach,1271.0,1989
Palm Springs,Palm Beach,10403.0,1989
Riviera Beach,Palm Beach,29017.0,1989
Royal Palm Beach,Palm Beach,14404.0,1989
South Bay,Palm Beach,3670.0,1989
South Palm Beach,Palm Beach,1472.0,1989
Tequesta,Palm Beach,4479.0,1989
West Palm Beach,Palm Beach,74284.0,1989
Dade City,Pasco,5623.0,1989
New Port Richey,Pasco,14247.0,1989
Port Richey,Pasco,2663.0,1989
St. Leo,Pasco,982.0,1989
San Antonio,Pasco,663.0,1989
Zephyrhills,Pasco,7063.0,1989
Belleair,Pinellas,3988.0,1989
Belleair Beach,Pinellas,1709.0,1989
Belleair Bluffs,Pinellas,2505.0,1989
Belleair Shore,Pinellas,78.0,1989
Clearwater,Pinellas,101082.0,1989
Dunedin,Pinellas,35190.0,1989
Gulfport,Pinellas,11553.0,1989
Indian Rocks Beach,Pinellas,4521.0,1989
Indian Shores,Pinellas,1479.0,1989
Kenneth City,Pinellas,4285.0,1989
Largo,Pinellas,67015.0,1989
Madeira Beach,Pinellas,5359.0,1989
North Redington Beach,Pinellas,1244.0,1989
Oldsmar,Pinellas,6944.0,1989
Pinellas Park,Pinellas,42437.0,1989
Redington Beach,Pinellas,1732.0,1989
Redington Shores,Pinellas,2720.0,1989
Safety Harbor,Pinellas,14118.0,1989
St. Petersburg,Pinellas,246769.0,1989
St. Pete Beach,Pinellas,10365.0,1989
Seminole,Pinellas,8922.0,1989
South Pasadena,Pinellas,5934.0,1989
Tarpon Springs,Pinellas,18079.0,1989
Treasure Island,Pinellas,7398.0,1989
Auburndale,Polk,8286.0,1989
Bartow,Polk,16638.0,1989
Davenport,Polk,1928.0,1989
Dundee,Polk,2583.0,1989
Eagle Lake,Polk,2034.0,1989
Fort Meade,Polk,5934.0,1989
Frostproof,Polk,3133.0,1989
Haines City,Polk,12872.0,1989
Highland Park,Polk,194.0,1989
Hillcrest Heights,Polk,213.0,1989
Lake Alfred,Polk,3560.0,1989
Lake Hamilton,Polk,1562.0,1989
Lake Wales,Polk,9128.0,1989
Lakeland,Polk,72787.0,1989
Mulberry,Polk,3435.0,1989
Polk City,Polk,1013.0,1989
Winter Haven,Polk,25005.0,1989
Crescent City,Putnam,1690.0,1989
Interlachen,Putnam,1131.0,1989
Palatka,Putnam,10848.0,1989
Pomona Park,Putnam,1002.0,1989
Welaka,Putnam,574.0,1989
Hastings,St. Johns,610.0,1989
St. Augustine,St. Johns,11902.0,1989
St. Augustine Beach,St. Johns,3407.0,1989
Fort Pierce,St. Lucie,39057.0,1989
Port St. Lucie,St. Lucie,48051.0,1989
St. Lucie Village,St. Lucie,601.0,1989
Gulf Breeze,Santa Rosa,6192.0,1989
Jay,Santa Rosa,636.0,1989
Milton,Santa Rosa,7282.0,1989
North Port,Sarasota,9655.0,1989
Sarasota,Sarasota,51781.0,1989
Venice,Sarasota,15554.0,1989
Altamonte Springs,Seminole,37502.0,1989
Casselberry,Seminole,18230.0,1989
Lake Mary,Seminole,5686.0,1989
Longwood,Seminole,13948.0,1989
Oviedo,Seminole,8844.0,1989
Sanford,Seminole,30346.0,1989
Winter Springs,Seminole,21682.0,1989
Bushnell,Sumter,1474.0,1989
Center Hill,Sumter,840.0,1989
Coleman,Sumter,947.0,1989
Webster,Sumter,755.0,1989
Wildwood,Sumter,3906.0,1989
Branford,Suwannee,739.0,1989
Live Oak,Suwannee,7447.0,1989
Perry,Taylor,8244.0,1989
Lake Butler,Union,2244.0,1989
Raiford,Union,242.0,1989
Worthington Springs,Union,209.0,1989
Daytona Beach,Volusia,64854.0,1989
Daytona Beach Shores,Volusia,2502.0,1989
DeLand,Volusia,17226.0,1989
Edgewater,Volusia,13313.0,1989
Holly Hill,Volusia,11625.0,1989
Lake Helen,Volusia,2474.0,1989
New Smyrna Beach,Volusia,16154.0,1989
Oak Hill,Volusia,1085.0,1989
Orange City,Volusia,4181.0,1989
Ormond Beach,Volusia,30677.0,1989
Pierson,Volusia,1782.0,1989
Ponce Inlet,Volusia,1617.0,1989
Port Orange,Volusia,35815.0,1989
South Daytona,Volusia,12790.0,1989
St. Marks,Wakulla,323.0,1989
Sopchoppy,Wakulla,399.0,1989
DeFuniak Springs,Walton,5806.0,1989
Freeport,Walton,827.0,1989
Paxton,Walton,740.0,1989
Caryville,Washington,596.0,1989
Chipley,Washington,3437.0,1989
Ebro,Washington,186.0,1989
Vernon,Washington,835.0,1989
Wausau,Washington,347.0,1989
Incorporated Population,,6466368.0,1989
Total Population,,12797318.0,1989
Incorporated Pop. as % of Total Pop.,,0.5052908742284907,1989
Alachua,Alachua,4670.0,1988
Archer,Alachua,1407.0,1988
Gainesville,Alachua,84815.0,1988
Hawthorne,Alachua,1280.0,1988
High Springs,Alachua,2802.0,1988
La Crosse,Alachua,152.0,1988
Micanopy,Alachua,784.0,1988
Newberry,Alachua,2206.0,1988
Waldo,Alachua,1086.0,1988
Glen St. Mary,Baker,568.0,1988
Macclenny,Baker,4103.0,1988
Callaway,Bay,12678.0,1988
Cedar Grove,Bay,1595.0,1988
Lynn Haven,Bay,9695.0,1988
Mexico Beach,Bay,1193.0,1988
Panama City,Bay,36118.0,1988
Panama City Beach,Bay,4746.0,1988
Parker,Bay,4810.0,1988
Springfield,Bay,9003.0,1988
Brooker,Bradford,429.0,1988
Hampton,Bradford,433.0,1988
Lawtey,Bradford,695.0,1988
Starke,Bradford,5690.0,1988
Cape Canaveral,Brevard,8062.0,1988
Cocoa,Brevard,18107.0,1988
Cocoa Beach,Brevard,12983.0,1988
Indialantic,Brevard,3036.0,1988
Indian Harbour Beach,Brevard,7569.0,1988
Malabar,Brevard,1630.0,1988
Melbourne,Brevard,59856.0,1988
Melbourne Beach,Brevard,3124.0,1988
Melbourne Village,Brevard,1059.0,1988
Palm Bay,Brevard,52452.0,1988
Palm Shores,Brevard,85.0,1988
Rockledge,Brevard,14918.0,1988
Satellite Beach,Brevard,10293.0,1988
Titusville,Brevard,41746.0,1988
West Melbourne,Brevard,8450.0,1988
Coconut Creek,Broward,24195.0,1988
Cooper City,Broward,16523.0,1988
Coral Springs,Broward,69320.0,1988
Dania Beach,Broward,13109.0,1988
Davie,Broward,38980.0,1988
Deerfield Beach,Broward,48585.0,1988
Fort Lauderdale,Broward,150553.0,1988
Hallandale Beach,Broward,38176.0,1988
Hillsboro Beach,Broward,1586.0,1988
Hollywood,Broward,125602.0,1988
Lauderdale Lakes,Broward,27999.0,1988
Lauderdale-By-The-Sea,Broward,2611.0,1988
Lauderhill,Broward,44341.0,1988
Lazy Lake,Broward,35.0,1988
Lighthouse Point,Broward,11436.0,1988
Margate,Broward,41443.0,1988
Miramar,Broward,38760.0,1988
North Lauderdale,Broward,26356.0,1988
Oakland Park,Broward,25505.0,1988
Parkland,Broward,2290.0,1988
Pembroke Park,Broward,6256.0,1988
Pembroke Pines,Broward,57339.0,1988
Plantation,Broward,63499.0,1988
Pompano Beach,Broward,70893.0,1988
Sea Ranch Lakes,Broward,561.0,1988
Sunrise,Broward,56321.0,1988
Tamarac,Broward,39636.0,1988
Wilton Manors,Broward,12334.0,1988
Altha,Calhoun,481.0,1988
Blountstown,Calhoun,2710.0,1988
Punta Gorda,Charlotte,10644.0,1988
Crystal River,Citrus,3733.0,1988
Inverness,Citrus,5838.0,1988
Green Cove Springs,Clay,4398.0,1988
Keystone Heights,Clay,1154.0,1988
Orange Park,Clay,9642.0,1988
Penney Farms,Clay,676.0,1988
Everglades,Collier,546.0,1988
Naples,Collier,19124.0,1988
Fort White,Columbia,371.0,1988
Lake City,Columbia,9086.0,1988
Arcadia,De Soto,6124.0,1988
Cross City,Dixie,2278.0,1988
Horseshoe Beach,Dixie,332.0,1988
Atlantic Beach,Duval,11194.0,1988
Baldwin,Duval,1763.0,1988
Jacksonville,Duval,639146.0,1988
Jacksonville Beach,Duval,18642.0,1988
Neptune Beach,Duval,6262.0,1988
Century,Escambia,2686.0,1988
Pensacola,Escambia,62288.0,1988
Beverly Beach,Flagler,434.0,1988
Bunnell,Flagler,2149.0,1988
Flagler Beach,Flagler,3418.0,1988
Marineland,Flagler/St. Johns,10.0,1988
Apalachicola,Franklin,2634.0,1988
Carrabelle,Franklin,1334.0,1988
Chattahoochee,Gadsden,4797.0,1988
Greensboro,Gadsden,606.0,1988
Gretna,Gadsden,1721.0,1988
Havana,Gadsden,2797.0,1988
Midway,Gadsden,1559.0,1988
Quincy,Gadsden,8589.0,1988
Bell,Gilchrist,234.0,1988
Trenton,Gilchrist,1477.0,1988
Fanning Springs,Gilchrist/Levy,476.0,1988
Moore Haven,Glades,1229.0,1988
Port St. Joe,Gulf,4233.0,1988
Wewahitchka,Gulf,1855.0,1988
Jasper,Hamilton,2150.0,1988
Jennings,Hamilton,870.0,1988
White Springs,Hamilton,758.0,1988
Bowling Green,Hardee,2417.0,1988
Wauchula,Hardee,3302.0,1988
Zolfo Springs,Hardee,1639.0,1988
Clewiston,Hendry,5776.0,1988
LaBelle,Hendry,3169.0,1988
Brooksville,Hernando,7411.0,1988
Weeki Wachee,Hernando,8.0,1988
Avon Park,Highlands,8361.0,1988
Lake Placid,Highlands,1143.0,1988
Sebring,Highlands,10073.0,1988
Plant City,Hillsborough,20823.0,1988
Tampa,Hillsborough,285225.0,1988
Temple Terrace,Hillsborough,15218.0,1988
Bonifay,Holmes,2744.0,1988
Esto,Holmes,394.0,1988
Noma,Holmes,322.0,1988
Ponce de Leon,Holmes,481.0,1988
Westville,Holmes,343.0,1988
Fellsmere,Indian River,1770.0,1988
Indian River Shores,Indian River,1970.0,1988
Orchid,Indian River,4.0,1988
Sebastian,Indian River,7748.0,1988
Vero Beach,Indian River,17783.0,1988
Alford,Jackson,552.0,1988
Bascom,Jackson,118.0,1988
Campbellton,Jackson,335.0,1988
Cottondale,Jackson,1022.0,1988
Graceville,Jackson,2964.0,1988
Grand Ridge,Jackson,678.0,1988
Greenwood,Jackson,587.0,1988
Jacob City,Jackson,311.0,1988
Malone,Jackson,873.0,1988
Marianna,Jackson,7003.0,1988
Sneads,Jackson,1690.0,1988
Monticello,Jefferson,2954.0,1988
Mayo,Lafayette,949.0,1988
Astatula,Lake,997.0,1988
Clermont,Lake,6527.0,1988
Eustis,Lake,13520.0,1988
Fruitland Park,Lake,2787.0,1988
Groveland,Lake,2178.0,1988
Howey-in-the-Hills,Lake,670.0,1988
Lady Lake,Lake,5071.0,1988
Leesburg,Lake,14743.0,1988
Mascotte,Lake,1750.0,1988
Minneola,Lake,1074.0,1988
Montverde,Lake,505.0,1988
Mount Dora,Lake,6835.0,1988
Tavares,Lake,7318.0,1988
Umatilla,Lake,2505.0,1988
Cape Coral,Lee,57773.0,1988
Fort Myers,Lee,43766.0,1988
Sanibel,Lee,5475.0,1988
Tallahassee,Leon,125545.0,1988
Bronson,Levy,1010.0,1988
Cedar Key,Levy,922.0,1988
Chiefland,Levy,2080.0,1988
Inglis,Levy,1638.0,1988
Otter Creek,Levy,179.0,1988
Williston,Levy,2468.0,1988
Yankeetown,Levy,640.0,1988
Bristol,Liberty,1077.0,1988
Greenville,Madison,1057.0,1988
Lee,Madison,263.0,1988
Madison,Madison,3502.0,1988
Anna Maria,Manatee,1736.0,1988
Bradenton,Manatee,39776.0,1988
Bradenton Beach,Manatee,1815.0,1988
Holmes Beach,Manatee,4479.0,1988
Palmetto,Manatee,9105.0,1988
Longboat Key,Manatee/Sarasota,6595.0,1988
Belleview,Marion,2628.0,1988
Dunnellon,Marion,1748.0,1988
McIntosh,Marion,512.0,1988
Ocala,Marion,44386.0,1988
Reddick,Marion,679.0,1988
Jupiter Island,Martin,441.0,1988
Ocean Breeze Park,Martin,469.0,1988
Sewall's Point,Martin,1552.0,1988
Stuart,Martin,10927.0,1988
Bal Harbour,Miami-Dade,3187.0,1988
Bay Harbor Islands,Miami-Dade,4870.0,1988
Biscayne Park,Miami-Dade,3040.0,1988
Coral Gables,Miami-Dade,41756.0,1988
El Portal,Miami-Dade,1917.0,1988
Florida City,Miami-Dade,6479.0,1988
Golden Beach,Miami-Dade,641.0,1988
Hialeah,Miami-Dade,166548.0,1988
Hialeah Gardens,Miami-Dade,3947.0,1988
Homestead,Miami-Dade,24527.0,1988
Indian Creek,Miami-Dade,110.0,1988
Islandia,Miami-Dade,12.0,1988
Medley,Miami-Dade,547.0,1988
Miami,Miami-Dade,369007.0,1988
Miami Beach,Miami-Dade,96988.0,1988
Miami Shores,Miami-Dade,8925.0,1988
Miami Springs,Miami-Dade,12077.0,1988
North Bay Village,Miami-Dade,5649.0,1988
North Miami,Miami-Dade,42998.0,1988
North Miami Beach,Miami-Dade,35617.0,1988
Opa-locka,Miami-Dade,14329.0,1988
South Miami,Miami-Dade,10308.0,1988
Surfside,Miami-Dade,3954.0,1988
Sweetwater,Miami-Dade,9950.0,1988
Virginia Gardens,Miami-Dade,2176.0,1988
West Miami,Miami-Dade,5797.0,1988
Key Colony Beach,Monroe,1269.0,1988
Key West,Monroe,27795.0,1988
Layton,Monroe,118.0,1988
Callahan,Nassau,994.0,1988
Fernandina Beach,Nassau,9143.0,1988
Hilliard,Nassau,2183.0,1988
Cinco Bayou,Okaloosa,403.0,1988
Crestview,Okaloosa,9039.0,1988
Destin,Okaloosa,7319.0,1988
Fort Walton Beach,Okaloosa,23380.0,1988
Laurel Hill,Okaloosa,681.0,1988
Mary Esther,Okaloosa,4326.0,1988
Niceville,Okaloosa,10804.0,1988
Shalimar,Okaloosa,405.0,1988
Valparaiso,Okaloosa,7323.0,1988
Okeechobee,Okeechobee,4801.0,1988
Apopka,Orange,11144.0,1988
Bay Lake,Orange,27.0,1988
Belle Isle,Orange,4646.0,1988
Eatonville,Orange,2668.0,1988
Edgewood,Orange,985.0,1988
Lake Buena Vista,Orange,20.0,1988
Maitland,Orange,9341.0,1988
Oakland,Orange,705.0,1988
Ocoee,Orange,11765.0,1988
Orlando,Orange,158921.0,1988
Windermere,Orange,1461.0,1988
Winter Garden,Orange,8433.0,1988
Winter Park,Orange,22954.0,1988
Kissimmee,Osceola,28551.0,1988
St. Cloud,Osceola,11720.0,1988
Atlantis,Palm Beach,1649.0,1988
Belle Glade,Palm Beach,17009.0,1988
Boca Raton,Palm Beach,59585.0,1988
Boynton Beach,Palm Beach,46310.0,1988
Briny Breezes,Palm Beach,371.0,1988
Cloud Lake,Palm Beach,153.0,1988
Delray Beach,Palm Beach,45441.0,1988
Glen Ridge,Palm Beach,226.0,1988
Golf,Palm Beach,131.0,1988
Golfview,Palm Beach,208.0,1988
Greenacres,Palm Beach,27295.0,1988
Gulf Stream,Palm Beach,537.0,1988
Haverhill,Palm Beach,1262.0,1988
Highland Beach,Palm Beach,3208.0,1988
Hypoluxo,Palm Beach,760.0,1988
Juno Beach,Palm Beach,2037.0,1988
Jupiter,Palm Beach,26258.0,1988
Jupiter Inlet Colony,Palm Beach,394.0,1988
Lake Clarke Shores,Palm Beach,3317.0,1988
Lake Park,Palm Beach,6756.0,1988
Lake Worth Beach,Palm Beach,27471.0,1988
Lantana,Palm Beach,8507.0,1988
Manalapan,Palm Beach,376.0,1988
Mangonia Park,Palm Beach,1278.0,1988
North Palm Beach,Palm Beach,12742.0,1988
Ocean Ridge,Palm Beach,1542.0,1988
Pahokee,Palm Beach,6610.0,1988
Palm Beach,Palm Beach,10859.0,1988
Palm Beach Gardens,Palm Beach,24130.0,1988
Palm Beach Shores,Palm Beach,1263.0,1988
Palm Springs,Palm Beach,10284.0,1988
Riviera Beach,Palm Beach,29191.0,1988
Royal Palm Beach,Palm Beach,11538.0,1988
South Bay,Palm Beach,3736.0,1988
South Palm Beach,Palm Beach,1473.0,1988
Tequesta,Palm Beach,4448.0,1988
West Palm Beach,Palm Beach,73830.0,1988
Dade City,Pasco,5565.0,1988
New Port Richey,Pasco,14024.0,1988
Port Richey,Pasco,2672.0,1988
St. Leo,Pasco,962.0,1988
San Antonio,Pasco,656.0,1988
Zephyrhills,Pasco,6888.0,1988
Belleair,Pinellas,3966.0,1988
Belleair Beach,Pinellas,1680.0,1988
Belleair Bluffs,Pinellas,2493.0,1988
Belleair Shore,Pinellas,79.0,1988
Clearwater,Pinellas,99866.0,1988
Dunedin,Pinellas,34687.0,1988
Gulfport,Pinellas,11486.0,1988
Indian Rocks Beach,Pinellas,4458.0,1988
Indian Shores,Pinellas,1448.0,1988
Kenneth City,Pinellas,4230.0,1988
Largo,Pinellas,64593.0,1988
Madeira Beach,Pinellas,5303.0,1988
North Redington Beach,Pinellas,1233.0,1988
Oldsmar,Pinellas,6744.0,1988
Pinellas Park,Pinellas,41643.0,1988
Redington Beach,Pinellas,1733.0,1988
Redington Shores,Pinellas,2711.0,1988
Safety Harbor,Pinellas,13592.0,1988
St. Petersburg,Pinellas,243306.0,1988
St. Pete Beach,Pinellas,10100.0,1988
Seminole,Pinellas,7872.0,1988
South Pasadena,Pinellas,5647.0,1988
Tarpon Springs,Pinellas,17555.0,1988
Treasure Island,Pinellas,7227.0,1988
Auburndale,Polk,8055.0,1988
Bartow,Polk,16489.0,1988
Davenport,Polk,1917.0,1988
Dundee,Polk,2537.0,1988
Eagle Lake,Polk,2067.0,1988
Fort Meade,Polk,5899.0,1988
Frostproof,Polk,3156.0,1988
Haines City,Polk,12777.0,1988
Highland Park,Polk,194.0,1988
Hillcrest Heights,Polk,208.0,1988
Lake Alfred,Polk,3436.0,1988
Lake Hamilton,Polk,1545.0,1988
Lake Wales,Polk,8946.0,1988
Lakeland,Polk,65248.0,1988
Mulberry,Polk,3385.0,1988
Polk City,Polk,1001.0,1988
Winter Haven,Polk,24932.0,1988
Crescent City,Putnam,1702.0,1988
Interlachen,Putnam,1051.0,1988
Palatka,Putnam,10677.0,1988
Pomona Park,Putnam,983.0,1988
Welaka,Putnam,572.0,1988
Hastings,St. Johns,605.0,1988
St. Augustine,St. Johns,11973.0,1988
St. Augustine Beach,St. Johns,3133.0,1988
Fort Pierce,St. Lucie,38875.0,1988
Port St. Lucie,St. Lucie,42345.0,1988
St. Lucie Village,St. Lucie,608.0,1988
Gulf Breeze,Santa Rosa,5773.0,1988
Jay,Santa Rosa,631.0,1988
Milton,Santa Rosa,7266.0,1988
North Port,Sarasota,9145.0,1988
Sarasota,Sarasota,51442.0,1988
Venice,Sarasota,15252.0,1988
Altamonte Springs,Seminole,35892.0,1988
Casselberry,Seminole,18205.0,1988
Lake Mary,Seminole,4844.0,1988
Longwood,Seminole,13588.0,1988
Oviedo,Seminole,7586.0,1988
Sanford,Seminole,29288.0,1988
Winter Springs,Seminole,20627.0,1988
Bushnell,Sumter,1414.0,1988
Center Hill,Sumter,819.0,1988
Coleman,Sumter,947.0,1988
Webster,Sumter,753.0,1988
Wildwood,Sumter,3682.0,1988
Branford,Suwannee,707.0,1988
Live Oak,Suwannee,7267.0,1988
Perry,Taylor,8257.0,1988
Lake Butler,Union,2208.0,1988
Raiford,Union,222.0,1988
Worthington Springs,Union,210.0,1988
Daytona Beach,Volusia,64022.0,1988
Daytona Beach Shores,Volusia,2472.0,1988
DeLand,Volusia,16824.0,1988
Edgewater,Volusia,12461.0,1988
Holly Hill,Volusia,11464.0,1988
Lake Helen,Volusia,2434.0,1988
New Smyrna Beach,Volusia,15647.0,1988
Oak Hill,Volusia,1067.0,1988
Orange City,Volusia,3954.0,1988
Ormond Beach,Volusia,29817.0,1988
Pierson,Volusia,1789.0,1988
Ponce Inlet,Volusia,1549.0,1988
Port Orange,Volusia,33700.0,1988
South Daytona,Volusia,12756.0,1988
St. Marks,Wakulla,316.0,1988
Sopchoppy,Wakulla,406.0,1988
DeFuniak Springs,Walton,5834.0,1988
Freeport,Walton,835.0,1988
Paxton,Walton,679.0,1988
Caryville,Washington,611.0,1988
Chipley,Washington,3448.0,1988
Ebro,Washington,202.0,1988
Vernon,Washington,867.0,1988
Wausau,Washington,338.0,1988
Incorporated Population,,6309020.0,1988
Total Population,,12417606.0,1988
Incorporated Pop. as % of Total Pop.,,0.508070557239455,1988
Alachua,Alachua,4622.0,1987
Archer,Alachua,1390.0,1987
Gainesville,Alachua,83980.0,1987
Hawthorne,Alachua,1279.0,1987
High Springs,Alachua,2753.0,1987
La Crosse,Alachua,145.0,1987
Micanopy,Alachua,782.0,1987
Newberry,Alachua,2115.0,1987
Waldo,Alachua,1301.0,1987
Glen St. Mary,Baker,553.0,1987
Macclenny,Baker,4109.0,1987
Callaway,Bay,12181.0,1987
Cedar Grove,Bay,1619.0,1987
Lynn Haven,Bay,9308.0,1987
Mexico Beach,Bay,1202.0,1987
Panama City,Bay,35417.0,1987
Panama City Beach,Bay,4240.0,1987
Parker,Bay,4959.0,1987
Springfield,Bay,8797.0,1987
Brooker,Bradford,432.0,1987
Hampton,Bradford,444.0,1987
Lawtey,Bradford,709.0,1987
Starke,Bradford,5647.0,1987
Cape Canaveral,Brevard,7744.0,1987
Cocoa,Brevard,17908.0,1987
Cocoa Beach,Brevard,12638.0,1987
Indialantic,Brevard,3029.0,1987
Indian Harbour Beach,Brevard,7329.0,1987
Malabar,Brevard,1589.0,1987
Melbourne,Brevard,58116.0,1987
Melbourne Beach,Brevard,3094.0,1987
Melbourne Village,Brevard,1042.0,1987
Palm Bay,Brevard,47096.0,1987
Palm Shores,Brevard,90.0,1987
Rockledge,Brevard,14260.0,1987
Satellite Beach,Brevard,10167.0,1987
Titusville,Brevard,40213.0,1987
West Melbourne,Brevard,8067.0,1987
Coconut Creek,Broward,22212.0,1987
Cooper City,Broward,15895.0,1987
Coral Springs,Broward,63745.0,1987
Dania Beach,Broward,13068.0,1987
Davie,Broward,37393.0,1987
Deerfield Beach,Broward,46350.0,1987
Fort Lauderdale,Broward,150892.0,1987
Hallandale Beach,Broward,37951.0,1987
Hillsboro Beach,Broward,1592.0,1987
Hollywood,Broward,125170.0,1987
Lauderdale Lakes,Broward,27938.0,1987
Lauderdale-By-The-Sea,Broward,2608.0,1987
Lauderhill,Broward,44040.0,1987
Lazy Lake,Broward,34.0,1987
Lighthouse Point,Broward,11450.0,1987
Margate,Broward,40779.0,1987
Miramar,Broward,37603.0,1987
North Lauderdale,Broward,24516.0,1987
Oakland Park,Broward,25284.0,1987
Parkland,Broward,1773.0,1987
Pembroke Park,Broward,6203.0,1987
Pembroke Pines,Broward,53706.0,1987
Plantation,Broward,60095.0,1987
Pompano Beach,Broward,70496.0,1987
Sea Ranch Lakes,Broward,569.0,1987
Sunrise,Broward,54735.0,1987
Tamarac,Broward,36956.0,1987
Wilton Manors,Broward,12407.0,1987
Altha,Calhoun,484.0,1987
Blountstown,Calhoun,2683.0,1987
Punta Gorda,Charlotte,10148.0,1987
Crystal River,Citrus,3594.0,1987
Inverness,Citrus,5409.0,1987
Green Cove Springs,Clay,4432.0,1987
Keystone Heights,Clay,1163.0,1987
Orange Park,Clay,9685.0,1987
Penney Farms,Clay,670.0,1987
Everglades,Collier,535.0,1987
Naples,Collier,19068.0,1987
Fort White,Columbia,365.0,1987
Lake City,Columbia,9144.0,1987
Arcadia,De Soto,6174.0,1987
Cross City,Dixie,2265.0,1987
Horseshoe Beach,Dixie,332.0,1987
Atlantic Beach,Duval,10635.0,1987
Baldwin,Duval,1766.0,1987
Jacksonville,Duval,626457.0,1987
Jacksonville Beach,Duval,18849.0,1987
Neptune Beach,Duval,6425.0,1987
Century,Escambia,2664.0,1987
Pensacola,Escambia,62036.0,1987
Beverly Beach,Flagler,411.0,1987
Bunnell,Flagler,2104.0,1987
Flagler Beach,Flagler,3246.0,1987
Marineland,Flagler/St. Johns,6.0,1987
Apalachicola,Franklin,2627.0,1987
Carrabelle,Franklin,1335.0,1987
Chattahoochee,Gadsden,4738.0,1987
Greensboro,Gadsden,582.0,1987
Gretna,Gadsden,1650.0,1987
Havana,Gadsden,2800.0,1987
Midway,Gadsden,1559.0,1987
Quincy,Gadsden,8629.0,1987
Bell,Gilchrist,214.0,1987
Trenton,Gilchrist,1468.0,1987
Fanning Springs,Gilchrist/Levy,467.0,1987
Moore Haven,Glades,1227.0,1987
Port St. Joe,Gulf,4004.0,1987
Ward Ridge,Gulf,129.0,1987
Wewahitchka,Gulf,1846.0,1987
Jasper,Hamilton,2154.0,1987
Jennings,Hamilton,875.0,1987
White Springs,Hamilton,782.0,1987
Bowling Green,Hardee,2366.0,1987
Wauchula,Hardee,3301.0,1987
Zolfo Springs,Hardee,1617.0,1987
Clewiston,Hendry,5828.0,1987
LaBelle,Hendry,3026.0,1987
Brooksville,Hernando,7166.0,1987
Weeki Wachee,Hernando,8.0,1987
Avon Park,Highlands,8406.0,1987
Lake Placid,Highlands,1041.0,1987
Sebring,Highlands,10164.0,1987
Plant City,Hillsborough,19508.0,1987
Tampa,Hillsborough,280970.0,1987
Temple Terrace,Hillsborough,13700.0,1987
Bonifay,Holmes,2738.0,1987
Esto,Holmes,350.0,1987
Noma,Holmes,289.0,1987
Ponce de Leon,Holmes,491.0,1987
Westville,Holmes,343.0,1987
Fellsmere,Indian River,1706.0,1987
Indian River Shores,Indian River,1786.0,1987
Orchid,Indian River,10.0,1987
Sebastian,Indian River,7074.0,1987
Vero Beach,Indian River,17383.0,1987
Alford,Jackson,542.0,1987
Bascom,Jackson,125.0,1987
Campbellton,Jackson,339.0,1987
Cottondale,Jackson,1067.0,1987
Graceville,Jackson,2863.0,1987
Grand Ridge,Jackson,672.0,1987
Greenwood,Jackson,595.0,1987
Jacob City,Jackson,290.0,1987
Malone,Jackson,870.0,1987
Marianna,Jackson,7116.0,1987
Sneads,Jackson,1676.0,1987
Monticello,Jefferson,2898.0,1987
Mayo,Lafayette,938.0,1987
Astatula,Lake,992.0,1987
Clermont,Lake,6379.0,1987
Eustis,Lake,13002.0,1987
Fruitland Park,Lake,2685.0,1987
Groveland,Lake,2143.0,1987
Howey-in-the-Hills,Lake,664.0,1987
Lady Lake,Lake,4068.0,1987
Leesburg,Lake,14659.0,1987
Mascotte,Lake,1770.0,1987
Minneola,Lake,1020.0,1987
Montverde,Lake,464.0,1987
Mount Dora,Lake,6786.0,1987
Tavares,Lake,7137.0,1987
Umatilla,Lake,2405.0,1987
Cape Coral,Lee,50658.0,1987
Fort Myers,Lee,42044.0,1987
Sanibel,Lee,4911.0,1987
Tallahassee,Leon,123060.0,1987
Bronson,Levy,987.0,1987
Cedar Key,Levy,929.0,1987
Chiefland,Levy,2041.0,1987
Inglis,Levy,1612.0,1987
Otter Creek,Levy,133.0,1987
Williston,Levy,2436.0,1987
Yankeetown,Levy,645.0,1987
Bristol,Liberty,1042.0,1987
Greenville,Madison,1056.0,1987
Lee,Madison,255.0,1987
Madison,Madison,3520.0,1987
Anna Maria,Manatee,1713.0,1987
Bradenton,Manatee,38127.0,1987
Bradenton Beach,Manatee,1762.0,1987
Holmes Beach,Manatee,4415.0,1987
Palmetto,Manatee,9140.0,1987
Longboat Key,Manatee/Sarasota,6448.0,1987
Belleview,Marion,2503.0,1987
Dunnellon,Marion,1731.0,1987
McIntosh,Marion,509.0,1987
Ocala,Marion,43267.0,1987
Reddick,Marion,679.0,1987
Jupiter Island,Martin,438.0,1987
Ocean Breeze Park,Martin,469.0,1987
Sewall's Point,Martin,1487.0,1987
Stuart,Martin,10789.0,1987
Bal Harbour,Miami-Dade,3107.0,1987
Bay Harbor Islands,Miami-Dade,4883.0,1987
Biscayne Park,Miami-Dade,3030.0,1987
Coral Gables,Miami-Dade,41671.0,1987
El Portal,Miami-Dade,1912.0,1987
Florida City,Miami-Dade,6372.0,1987
Golden Beach,Miami-Dade,648.0,1987
Hialeah,Miami-Dade,163774.0,1987
Hialeah Gardens,Miami-Dade,3587.0,1987
Homestead,Miami-Dade,23886.0,1987
Indian Creek,Miami-Dade,110.0,1987
Islandia,Miami-Dade,12.0,1987
Medley,Miami-Dade,538.0,1987
Miami,Miami-Dade,368210.0,1987
Miami Beach,Miami-Dade,97727.0,1987
Miami Shores,Miami-Dade,9029.0,1987
Miami Springs,Miami-Dade,12124.0,1987
North Bay Village,Miami-Dade,4741.0,1987
North Miami,Miami-Dade,43180.0,1987
North Miami Beach,Miami-Dade,35805.0,1987
Opa-locka,Miami-Dade,14675.0,1987
South Miami,Miami-Dade,10286.0,1987
Surfside,Miami-Dade,3990.0,1987
Sweetwater,Miami-Dade,9807.0,1987
Virginia Gardens,Miami-Dade,2190.0,1987
West Miami,Miami-Dade,5833.0,1987
Key Colony Beach,Monroe,1162.0,1987
Key West,Monroe,26680.0,1987
Layton,Monroe,114.0,1987
Callahan,Nassau,975.0,1987
Fernandina Beach,Nassau,8913.0,1987
Hilliard,Nassau,2175.0,1987
Cinco Bayou,Okaloosa,396.0,1987
Crestview,Okaloosa,8977.0,1987
Destin,Okaloosa,7167.0,1987
Fort Walton Beach,Okaloosa,23030.0,1987
Laurel Hill,Okaloosa,682.0,1987
Mary Esther,Okaloosa,4302.0,1987
Niceville,Okaloosa,10572.0,1987
Shalimar,Okaloosa,404.0,1987
Valparaiso,Okaloosa,7759.0,1987
Okeechobee,Okeechobee,4702.0,1987
Apopka,Orange,10025.0,1987
Bay Lake,Orange,27.0,1987
Belle Isle,Orange,3576.0,1987
Eatonville,Orange,2700.0,1987
Edgewood,Orange,983.0,1987
Lake Buena Vista,Orange,20.0,1987
Maitland,Orange,9221.0,1987
Oakland,Orange,702.0,1987
Ocoee,Orange,11552.0,1987
Orlando,Orange,154413.0,1987
Windermere,Orange,1444.0,1987
Winter Garden,Orange,8233.0,1987
Winter Park,Orange,23052.0,1987
Kissimmee,Osceola,26562.0,1987
St. Cloud,Osceola,11415.0,1987
Atlantis,Palm Beach,1642.0,1987
Belle Glade,Palm Beach,17184.0,1987
Boca Raton,Palm Beach,57120.0,1987
Boynton Beach,Palm Beach,44056.0,1987
Briny Breezes,Palm Beach,374.0,1987
Cloud Lake,Palm Beach,152.0,1987
Delray Beach,Palm Beach,43428.0,1987
Glen Ridge,Palm Beach,225.0,1987
Golf,Palm Beach,129.0,1987
Golfview,Palm Beach,207.0,1987
Greenacres,Palm Beach,26201.0,1987
Gulf Stream,Palm Beach,526.0,1987
Haverhill,Palm Beach,1265.0,1987
Highland Beach,Palm Beach,3167.0,1987
Hypoluxo,Palm Beach,702.0,1987
Juno Beach,Palm Beach,1926.0,1987
Jupiter,Palm Beach,24679.0,1987
Jupiter Inlet Colony,Palm Beach,398.0,1987
Lake Clarke Shores,Palm Beach,3281.0,1987
Lake Park,Palm Beach,6793.0,1987
Lake Worth Beach,Palm Beach,27249.0,1987
Lantana,Palm Beach,8490.0,1987
Manalapan,Palm Beach,365.0,1987
Mangonia Park,Palm Beach,1291.0,1987
North Palm Beach,Palm Beach,12782.0,1987
Ocean Ridge,Palm Beach,1522.0,1987
Pahokee,Palm Beach,6633.0,1987
Palm Beach,Palm Beach,10851.0,1987
Palm Beach Gardens,Palm Beach,22902.0,1987
Palm Beach Shores,Palm Beach,1268.0,1987
Palm Springs,Palm Beach,10152.0,1987
Riviera Beach,Palm Beach,28001.0,1987
Royal Palm Beach,Palm Beach,8496.0,1987
South Bay,Palm Beach,3666.0,1987
South Palm Beach,Palm Beach,1460.0,1987
Tequesta,Palm Beach,4126.0,1987
West Palm Beach,Palm Beach,71336.0,1987
Dade City,Pasco,5514.0,1987
New Port Richey,Pasco,13700.0,1987
Port Richey,Pasco,2661.0,1987
St. Leo,Pasco,932.0,1987
San Antonio,Pasco,654.0,1987
Zephyrhills,Pasco,6865.0,1987
Belleair,Pinellas,3976.0,1987
Belleair Beach,Pinellas,1735.0,1987
Belleair Bluffs,Pinellas,2493.0,1987
Belleair Shore,Pinellas,72.0,1987
Clearwater,Pinellas,99124.0,1987
Dunedin,Pinellas,33800.0,1987
Gulfport,Pinellas,11503.0,1987
Indian Rocks Beach,Pinellas,4403.0,1987
Indian Shores,Pinellas,1424.0,1987
Kenneth City,Pinellas,4232.0,1987
Largo,Pinellas,63805.0,1987
Madeira Beach,Pinellas,5250.0,1987
North Redington Beach,Pinellas,1229.0,1987
Oldsmar,Pinellas,6453.0,1987
Pinellas Park,Pinellas,41544.0,1987
Redington Beach,Pinellas,1717.0,1987
Redington Shores,Pinellas,2671.0,1987
Safety Harbor,Pinellas,12914.0,1987
St. Petersburg,Pinellas,243646.0,1987
St. Pete Beach,Pinellas,10031.0,1987
Seminole,Pinellas,7702.0,1987
South Pasadena,Pinellas,5424.0,1987
Tarpon Springs,Pinellas,16834.0,1987
Treasure Island,Pinellas,7030.0,1987
Auburndale,Polk,7830.0,1987
Bartow,Polk,16475.0,1987
Davenport,Polk,1853.0,1987
Dundee,Polk,2441.0,1987
Eagle Lake,Polk,2063.0,1987
Fort Meade,Polk,5884.0,1987
Frostproof,Polk,3189.0,1987
Haines City,Polk,12721.0,1987
Highland Park,Polk,194.0,1987
Hillcrest Heights,Polk,202.0,1987
Lake Alfred,Polk,3411.0,1987
Lake Hamilton,Polk,1566.0,1987
Lake Wales,Polk,8999.0,1987
Lakeland,Polk,63712.0,1987
Mulberry,Polk,2867.0,1987
Polk City,Polk,966.0,1987
Winter Haven,Polk,24736.0,1987
Crescent City,Putnam,1697.0,1987
Interlachen,Putnam,1054.0,1987
Palatka,Putnam,10576.0,1987
Pomona Park,Putnam,975.0,1987
Welaka,Putnam,544.0,1987
Hastings,St. Johns,599.0,1987
St. Augustine,St. Johns,11782.0,1987
St. Augustine Beach,St. Johns,3042.0,1987
Fort Pierce,St. Lucie,39188.0,1987
Port St. Lucie,St. Lucie,37885.0,1987
St. Lucie Village,St. Lucie,588.0,1987
Gulf Breeze,Santa Rosa,5775.0,1987
Jay,Santa Rosa,646.0,1987
Milton,Santa Rosa,7219.0,1987
North Port,Sarasota,8828.0,1987
Sarasota,Sarasota,51259.0,1987
Venice,Sarasota,14941.0,1987
Altamonte Springs,Seminole,33156.0,1987
Casselberry,Seminole,17828.0,1987
Lake Mary,Seminole,4445.0,1987
Longwood,Seminole,13298.0,1987
Oviedo,Seminole,6295.0,1987
Sanford,Seminole,29030.0,1987
Winter Springs,Seminole,19344.0,1987
Bushnell,Sumter,1406.0,1987
Center Hill,Sumter,816.0,1987
Coleman,Sumter,957.0,1987
Webster,Sumter,753.0,1987
Wildwood,Sumter,3505.0,1987
Branford,Suwannee,705.0,1987
Live Oak,Suwannee,7244.0,1987
Perry,Taylor,8267.0,1987
Lake Butler,Union,2162.0,1987
Raiford,Union,214.0,1987
Worthington Springs,Union,212.0,1987
Daytona Beach,Volusia,62850.0,1987
Daytona Beach Shores,Volusia,2108.0,1987
DeLand,Volusia,16474.0,1987
Edgewater,Volusia,11718.0,1987
Holly Hill,Volusia,11265.0,1987
Lake Helen,Volusia,2407.0,1987
New Smyrna Beach,Volusia,15344.0,1987
Oak Hill,Volusia,1076.0,1987
Orange City,Volusia,3883.0,1987
Ormond Beach,Volusia,28765.0,1987
Pierson,Volusia,1291.0,1987
Ponce Inlet,Volusia,1466.0,1987
Port Orange,Volusia,31231.0,1987
South Daytona,Volusia,12729.0,1987
St. Marks,Wakulla,319.0,1987
Sopchoppy,Wakulla,408.0,1987
DeFuniak Springs,Walton,5938.0,1987
Freeport,Walton,822.0,1987
Paxton,Walton,699.0,1987
Caryville,Washington,610.0,1987
Chipley,Washington,3423.0,1987
Ebro,Washington,205.0,1987
Vernon,Washington,883.0,1987
Wausau,Washington,347.0,1987
Incorporated Population,,6163954.0,1987
Total Population,,12043608.0,1987
Incorporated Pop. as % of Total Pop.,,0.5118029414441254,1987
Alachua,Alachua,4378.0,1986
Archer,Alachua,1380.0,1986
Gainesville,Alachua,83060.0,1986
Hawthorne,Alachua,1270.0,1986
High Springs,Alachua,2763.0,1986
La Crosse,Alachua,150.0,1986
Micanopy,Alachua,781.0,1986
Newberry,Alachua,2108.0,1986
Waldo,Alachua,1171.0,1986
Glen St. Mary,Baker,546.0,1986
Macclenny,Baker,4118.0,1986
Callaway,Bay,11858.0,1986
Cedar Grove,Bay,1620.0,1986
Lynn Haven,Bay,8701.0,1986
Mexico Beach,Bay,1176.0,1986
Panama City,Bay,34942.0,1986
Panama City Beach,Bay,3801.0,1986
Parker,Bay,4879.0,1986
Springfield,Bay,8273.0,1986
Brooker,Bradford,434.0,1986
Hampton,Bradford,436.0,1986
Lawtey,Bradford,698.0,1986
Starke,Bradford,5674.0,1986
Cape Canaveral,Brevard,7489.0,1986
Cocoa,Brevard,17956.0,1986
Cocoa Beach,Brevard,12489.0,1986
Indialantic,Brevard,3045.0,1986
Indian Harbour Beach,Brevard,7235.0,1986
Malabar,Brevard,1547.0,1986
Melbourne,Brevard,56148.0,1986
Melbourne Beach,Brevard,3094.0,1986
Melbourne Village,Brevard,1036.0,1986
Palm Bay,Brevard,42533.0,1986
Palm Shores,Brevard,88.0,1986
Rockledge,Brevard,13667.0,1986
Satellite Beach,Brevard,10098.0,1986
Titusville,Brevard,39451.0,1986
West Melbourne,Brevard,7320.0,1986
Coconut Creek,Broward,20266.0,1986
Cooper City,Broward,15372.0,1986
Coral Springs,Broward,59773.0,1986
Dania Beach,Broward,12841.0,1986
Davie,Broward,35654.0,1986
Deerfield Beach,Broward,43994.0,1986
Fort Lauderdale,Broward,151048.0,1986
Hallandale Beach,Broward,37919.0,1986
Hillsboro Beach,Broward,1587.0,1986
Hollywood,Broward,124448.0,1986
Lauderdale Lakes,Broward,27238.0,1986
Lauderdale-By-The-Sea,Broward,2613.0,1986
Lauderhill,Broward,42747.0,1986
Lazy Lake,Broward,32.0,1986
Lighthouse Point,Broward,11446.0,1986
Margate,Broward,40117.0,1986
Miramar,Broward,37228.0,1986
North Lauderdale,Broward,23069.0,1986
Oakland Park,Broward,24620.0,1986
Parkland,Broward,1410.0,1986
Pembroke Park,Broward,6131.0,1986
Pembroke Pines,Broward,49750.0,1986
Plantation,Broward,56689.0,1986
Pompano Beach,Broward,68759.0,1986
Sea Ranch Lakes,Broward,572.0,1986
Sunrise,Broward,52719.0,1986
Tamarac,Broward,34403.0,1986
Wilton Manors,Broward,12459.0,1986
Altha,Calhoun,484.0,1986
Blountstown,Calhoun,2692.0,1986
Punta Gorda,Charlotte,9853.0,1986
Crystal River,Citrus,3562.0,1986
Inverness,Citrus,5183.0,1986
Green Cove Springs,Clay,4258.0,1986
Keystone Heights,Clay,1126.0,1986
Orange Park,Clay,9633.0,1986
Penney Farms,Clay,666.0,1986
Everglades,Collier,530.0,1986
Naples,Collier,18974.0,1986
Fort White,Columbia,364.0,1986
Lake City,Columbia,9152.0,1986
Arcadia,De Soto,6187.0,1986
Cross City,Dixie,2270.0,1986
Horseshoe Beach,Dixie,323.0,1986
Atlantic Beach,Duval,9508.0,1986
Baldwin,Duval,1768.0,1986
Jacksonville,Duval,609614.0,1986
Jacksonville Beach,Duval,18546.0,1986
Neptune Beach,Duval,6273.0,1986
Century,Escambia,2655.0,1986
Pensacola,Escambia,61422.0,1986
Beverly Beach,Flagler,369.0,1986
Bunnell,Flagler,2035.0,1986
Flagler Beach,Flagler,3075.0,1986
Marineland,Flagler/St. Johns,6.0,1986
Apalachicola,Franklin,2634.0,1986
Carrabelle,Franklin,1336.0,1986
Chattahoochee,Gadsden,4632.0,1986
Greensboro,Gadsden,561.0,1986
Gretna,Gadsden,1653.0,1986
Havana,Gadsden,2831.0,1986
Quincy,Gadsden,8678.0,1986
Bell,Gilchrist,206.0,1986
Trenton,Gilchrist,1424.0,1986
Fanning Springs,Gilchrist/Levy,419.0,1986
Moore Haven,Glades,1239.0,1986
Port St. Joe,Gulf,3996.0,1986
Ward Ridge,Gulf,123.0,1986
Wewahitchka,Gulf,1820.0,1986
Jasper,Hamilton,2163.0,1986
Jennings,Hamilton,856.0,1986
White Springs,Hamilton,830.0,1986
Bowling Green,Hardee,2341.0,1986
Wauchula,Hardee,3295.0,1986
Zolfo Springs,Hardee,1595.0,1986
Clewiston,Hendry,5705.0,1986
LaBelle,Hendry,2845.0,1986
Brooksville,Hernando,7109.0,1986
Weeki Wachee,Hernando,8.0,1986
Avon Park,Highlands,8420.0,1986
Lake Placid,Highlands,1034.0,1986
Sebring,Highlands,9970.0,1986
Plant City,Hillsborough,18122.0,1986
Tampa,Hillsborough,278755.0,1986
Temple Terrace,Hillsborough,12371.0,1986
Bonifay,Holmes,2688.0,1986
Esto,Holmes,361.0,1986
Noma,Holmes,302.0,1986
Ponce de Leon,Holmes,486.0,1986
Westville,Holmes,391.0,1986
Fellsmere,Indian River,1665.0,1986
Indian River Shores,Indian River,1731.0,1986
Orchid,Indian River,28.0,1986
Sebastian,Indian River,6360.0,1986
Vero Beach,Indian River,17328.0,1986
Alford,Jackson,531.0,1986
Bascom,Jackson,129.0,1986
Campbellton,Jackson,338.0,1986
Cottondale,Jackson,1076.0,1986
Graceville,Jackson,2861.0,1986
Grand Ridge,Jackson,648.0,1986
Greenwood,Jackson,590.0,1986
Jacob City,Jackson,300.0,1986
Malone,Jackson,882.0,1986
Marianna,Jackson,7192.0,1986
Sneads,Jackson,1746.0,1986
Monticello,Jefferson,2897.0,1986
Mayo,Lafayette,933.0,1986
Astatula,Lake,978.0,1986
Clermont,Lake,6114.0,1986
Eustis,Lake,12003.0,1986
Fruitland Park,Lake,2668.0,1986
Groveland,Lake,2117.0,1986
Howey-in-the-Hills,Lake,659.0,1986
Lady Lake,Lake,3024.0,1986
Leesburg,Lake,14457.0,1986
Mascotte,Lake,1708.0,1986
Minneola,Lake,972.0,1986
Montverde,Lake,448.0,1986
Mount Dora,Lake,6534.0,1986
Tavares,Lake,6263.0,1986
Umatilla,Lake,2101.0,1986
Cape Coral,Lee,48001.0,1986
Fort Myers,Lee,39490.0,1986
Sanibel,Lee,4696.0,1986
Tallahassee,Leon,120023.0,1986
Bronson,Levy,952.0,1986
Cedar Key,Levy,870.0,1986
Chiefland,Levy,2007.0,1986
Inglis,Levy,1547.0,1986
Otter Creek,Levy,134.0,1986
Williston,Levy,2447.0,1986
Yankeetown,Levy,634.0,1986
Bristol,Liberty,1048.0,1986
Greenville,Madison,1078.0,1986
Lee,Madison,251.0,1986
Madison,Madison,3556.0,1986
Anna Maria,Manatee,1682.0,1986
Bradenton,Manatee,37374.0,1986
Bradenton Beach,Manatee,1693.0,1986
Holmes Beach,Manatee,4369.0,1986
Palmetto,Manatee,9224.0,1986
Longboat Key,Manatee/Sarasota,6306.0,1986
Belleview,Marion,2377.0,1986
Dunnellon,Marion,1741.0,1986
McIntosh,Marion,483.0,1986
Ocala,Marion,42298.0,1986
Reddick,Marion,693.0,1986
Jupiter Island,Martin,419.0,1986
Ocean Breeze Park,Martin,305.0,1986
Sewall's Point,Martin,1448.0,1986
Stuart,Martin,10595.0,1986
Bal Harbour,Miami-Dade,3074.0,1986
Bay Harbor Islands,Miami-Dade,4890.0,1986
Biscayne Park,Miami-Dade,3041.0,1986
Coral Gables,Miami-Dade,41975.0,1986
El Portal,Miami-Dade,1938.0,1986
Florida City,Miami-Dade,6390.0,1986
Golden Beach,Miami-Dade,638.0,1986
Hialeah,Miami-Dade,161119.0,1986
Hialeah Gardens,Miami-Dade,3396.0,1986
Homestead,Miami-Dade,22741.0,1986
Indian Creek,Miami-Dade,110.0,1986
Islandia,Miami-Dade,12.0,1986
Medley,Miami-Dade,533.0,1986
Miami,Miami-Dade,371975.0,1986
Miami Beach,Miami-Dade,96926.0,1986
Miami Shores,Miami-Dade,9065.0,1986
Miami Springs,Miami-Dade,12122.0,1986
North Bay Village,Miami-Dade,4723.0,1986
North Miami,Miami-Dade,43091.0,1986
North Miami Beach,Miami-Dade,35916.0,1986
Opa-locka,Miami-Dade,14529.0,1986
Pennsuco,Miami-Dade,15.0,1986
South Miami,Miami-Dade,10671.0,1986
Surfside,Miami-Dade,3946.0,1986
Sweetwater,Miami-Dade,9686.0,1986
Virginia Gardens,Miami-Dade,2156.0,1986
West Miami,Miami-Dade,5898.0,1986
Key Colony Beach,Monroe,1136.0,1986
Key West,Monroe,26216.0,1986
Layton,Monroe,111.0,1986
Callahan,Nassau,906.0,1986
Fernandina Beach,Nassau,8663.0,1986
Hilliard,Nassau,2148.0,1986
Cinco Bayou,Okaloosa,399.0,1986
Crestview,Okaloosa,8607.0,1986
Destin,Okaloosa,6505.0,1986
Fort Walton Beach,Okaloosa,22978.0,1986
Laurel Hill,Okaloosa,665.0,1986
Mary Esther,Okaloosa,4218.0,1986
Niceville,Okaloosa,10452.0,1986
Shalimar,Okaloosa,407.0,1986
Valparaiso,Okaloosa,6522.0,1986
Okeechobee,Okeechobee,4501.0,1986
Apopka,Orange,8807.0,1986
Bay Lake,Orange,18.0,1986
Belle Isle,Orange,3166.0,1986
Eatonville,Orange,2700.0,1986
Edgewood,Orange,952.0,1986
Lake Buena Vista,Orange,20.0,1986
Maitland,Orange,9192.0,1986
Oakland,Orange,673.0,1986
Ocoee,Orange,11135.0,1986
Orlando,Orange,148104.0,1986
Windermere,Orange,1398.0,1986
Winter Garden,Orange,7816.0,1986
Winter Park,Orange,22849.0,1986
Kissimmee,Osceola,24869.0,1986
St. Cloud,Osceola,10888.0,1986
Atlantis,Palm Beach,1618.0,1986
Belle Glade,Palm Beach,17175.0,1986
Boca Raton,Palm Beach,55821.0,1986
Boynton Beach,Palm Beach,41915.0,1986
Briny Breezes,Palm Beach,369.0,1986
Cloud Lake,Palm Beach,148.0,1986
Delray Beach,Palm Beach,42800.0,1986
Glen Ridge,Palm Beach,221.0,1986
Golf,Palm Beach,125.0,1986
Golfview,Palm Beach,207.0,1986
Greenacres,Palm Beach,24861.0,1986
Gulf Stream,Palm Beach,527.0,1986
Haverhill,Palm Beach,1265.0,1986
Highland Beach,Palm Beach,3077.0,1986
Hypoluxo,Palm Beach,861.0,1986
Juno Beach,Palm Beach,1918.0,1986
Jupiter,Palm Beach,22071.0,1986
Jupiter Inlet Colony,Palm Beach,392.0,1986
Lake Clarke Shores,Palm Beach,3256.0,1986
Lake Park,Palm Beach,6795.0,1986
Lake Worth Beach,Palm Beach,27138.0,1986
Lantana,Palm Beach,8514.0,1986
Manalapan,Palm Beach,368.0,1986
Mangonia Park,Palm Beach,1339.0,1986
North Palm Beach,Palm Beach,12468.0,1986
Ocean Ridge,Palm Beach,1506.0,1986
Pahokee,Palm Beach,6591.0,1986
Palm Beach,Palm Beach,10653.0,1986
Palm Beach Gardens,Palm Beach,21390.0,1986
Palm Beach Shores,Palm Beach,1256.0,1986
Palm Springs,Palm Beach,9899.0,1986
Riviera Beach,Palm Beach,27694.0,1986
Royal Palm Beach,Palm Beach,7686.0,1986
South Bay,Palm Beach,3631.0,1986
South Palm Beach,Palm Beach,1410.0,1986
Tequesta,Palm Beach,4077.0,1986
West Palm Beach,Palm Beach,67991.0,1986
Dade City,Pasco,5694.0,1986
New Port Richey,Pasco,13052.0,1986
Port Richey,Pasco,2620.0,1986
St. Leo,Pasco,927.0,1986
San Antonio,Pasco,642.0,1986
Zephyrhills,Pasco,6527.0,1986
Belleair,Pinellas,3972.0,1986
Belleair Beach,Pinellas,1722.0,1986
Belleair Bluffs,Pinellas,2496.0,1986
Belleair Shore,Pinellas,72.0,1986
Clearwater,Pinellas,97882.0,1986
Dunedin,Pinellas,32974.0,1986
Gulfport,Pinellas,11555.0,1986
Indian Rocks Beach,Pinellas,4330.0,1986
Indian Shores,Pinellas,1374.0,1986
Kenneth City,Pinellas,4242.0,1986
Largo,Pinellas,62624.0,1986
Madeira Beach,Pinellas,5190.0,1986
North Redington Beach,Pinellas,1212.0,1986
Oldsmar,Pinellas,5933.0,1986
Pinellas Park,Pinellas,40720.0,1986
Redington Beach,Pinellas,1715.0,1986
Redington Shores,Pinellas,2648.0,1986
Safety Harbor,Pinellas,12500.0,1986
St. Petersburg,Pinellas,243090.0,1986
St. Pete Beach,Pinellas,9976.0,1986
Seminole,Pinellas,7271.0,1986
South Pasadena,Pinellas,5260.0,1986
Tarpon Springs,Pinellas,16038.0,1986
Treasure Island,Pinellas,6921.0,1986
Auburndale,Polk,7643.0,1986
Bartow,Polk,16455.0,1986
Davenport,Polk,1784.0,1986
Dundee,Polk,2424.0,1986
Eagle Lake,Polk,2059.0,1986
Fort Meade,Polk,5751.0,1986
Frostproof,Polk,3170.0,1986
Haines City,Polk,12607.0,1986
Highland Park,Polk,186.0,1986
Hillcrest Heights,Polk,205.0,1986
Lake Alfred,Polk,3340.0,1986
Lake Hamilton,Polk,1518.0,1986
Lake Wales,Polk,8814.0,1986
Lakeland,Polk,61353.0,1986
Mulberry,Polk,2908.0,1986
Polk City,Polk,905.0,1986
Winter Haven,Polk,24501.0,1986
Crescent City,Putnam,1669.0,1986
Interlachen,Putnam,1016.0,1986
Palatka,Putnam,10421.0,1986
Pomona Park,Putnam,902.0,1986
Welaka,Putnam,527.0,1986
Hastings,St. Johns,595.0,1986
St. Augustine,St. Johns,11809.0,1986
St. Augustine Beach,St. Johns,2871.0,1986
Fort Pierce,St. Lucie,37904.0,1986
Port St. Lucie,St. Lucie,34696.0,1986
St. Lucie Village,St. Lucie,586.0,1986
Gulf Breeze,Santa Rosa,5731.0,1986
Jay,Santa Rosa,633.0,1986
Milton,Santa Rosa,7290.0,1986
North Port,Sarasota,8490.0,1986
Sarasota,Sarasota,50871.0,1986
Venice,Sarasota,14585.0,1986
Altamonte Springs,Seminole,29535.0,1986
Casselberry,Seminole,17494.0,1986
Lake Mary,Seminole,4290.0,1986
Longwood,Seminole,12932.0,1986
Oviedo,Seminole,4839.0,1986
Sanford,Seminole,28407.0,1986
Winter Springs,Seminole,17849.0,1986
Bushnell,Sumter,1354.0,1986
Center Hill,Sumter,810.0,1986
Coleman,Sumter,964.0,1986
Webster,Sumter,764.0,1986
Wildwood,Sumter,3389.0,1986
Branford,Suwannee,708.0,1986
Live Oak,Suwannee,7199.0,1986
Perry,Taylor,8270.0,1986
Lake Butler,Union,2103.0,1986
Raiford,Union,238.0,1986
Worthington Springs,Union,210.0,1986
Daytona Beach,Volusia,58593.0,1986
Daytona Beach Shores,Volusia,1707.0,1986
DeLand,Volusia,16428.0,1986
Edgewater,Volusia,11039.0,1986
Holly Hill,Volusia,11105.0,1986
Lake Helen,Volusia,2389.0,1986
New Smyrna Beach,Volusia,14801.0,1986
Oak Hill,Volusia,1078.0,1986
Orange City,Volusia,3657.0,1986
Ormond Beach,Volusia,28933.0,1986
Pierson,Volusia,1128.0,1986
Ponce Inlet,Volusia,1420.0,1986
Port Orange,Volusia,29034.0,1986
South Daytona,Volusia,12446.0,1986
St. Marks,Wakulla,325.0,1986
Sopchoppy,Wakulla,414.0,1986
DeFuniak Springs,Walton,5860.0,1986
Freeport,Walton,820.0,1986
Paxton,Walton,636.0,1986
Caryville,Washington,604.0,1986
Chipley,Washington,3441.0,1986
Ebro,Washington,208.0,1986
Vernon,Washington,900.0,1986
Wausau,Washington,364.0,1986
Incorporated Population,,6011779.0,1986
Total Population,,11657843.0,1986
Incorporated Pop. as % of Total Pop.,,0.515685363064162,1986
Alachua,Alachua,4171.0,1985
Archer,Alachua,1394.0,1985
Gainesville,Alachua,82882.0,1985
Hawthorne,Alachua,1288.0,1985
High Springs,Alachua,2729.0,1985
La Crosse,Alachua,162.0,1985
Micanopy,Alachua,749.0,1985
Newberry,Alachua,2015.0,1985
Waldo,Alachua,1154.0,1985
Glen St. Mary,Baker,524.0,1985
Macclenny,Baker,4102.0,1985
Callaway,Bay,10919.0,1985
Cedar Grove,Bay,1515.0,1985
Lynn Haven,Bay,8300.0,1985
Mexico Beach,Bay,1124.0,1985
Panama City,Bay,34623.0,1985
Panama City Beach,Bay,3376.0,1985
Parker,Bay,4698.0,1985
Springfield,Bay,8060.0,1985
Brooker,Bradford,434.0,1985
Hampton,Bradford,461.0,1985
Lawtey,Bradford,694.0,1985
Starke,Bradford,5599.0,1985
Cape Canaveral,Brevard,7023.0,1985
Cocoa,Brevard,16887.0,1985
Cocoa Beach,Brevard,12241.0,1985
Indialantic,Brevard,3069.0,1985
Indian Harbour Beach,Brevard,7012.0,1985
Malabar,Brevard,1486.0,1985
Melbourne,Brevard,52664.0,1985
Melbourne Beach,Brevard,3040.0,1985
Melbourne Village,Brevard,1024.0,1985
Palm Bay,Brevard,36647.0,1985
Palm Shores,Brevard,88.0,1985
Rockledge,Brevard,13038.0,1985
Satellite Beach,Brevard,10008.0,1985
Titusville,Brevard,37981.0,1985
West Melbourne,Brevard,7088.0,1985
Coconut Creek,Broward,16420.0,1985
Cooper City,Broward,14254.0,1985
Coral Springs,Broward,56193.0,1985
Dania Beach,Broward,12823.0,1985
Davie,Broward,35183.0,1985
Deerfield Beach,Broward,43346.0,1985
Fort Lauderdale,Broward,151543.0,1985
Hallandale Beach,Broward,37836.0,1985
Hillsboro Beach,Broward,1576.0,1985
Hollywood,Broward,124025.0,1985
Lauderdale Lakes,Broward,27084.0,1985
Lauderdale-By-The-Sea,Broward,2619.0,1985
Lauderhill,Broward,41998.0,1985
Lazy Lake,Broward,32.0,1985
Lighthouse Point,Broward,11449.0,1985
Margate,Broward,39643.0,1985
Miramar,Broward,36866.0,1985
North Lauderdale,Broward,22315.0,1985
Oakland Park,Broward,23981.0,1985
Parkland,Broward,1047.0,1985
Pembroke Park,Broward,6142.0,1985
Pembroke Pines,Broward,46221.0,1985
Plantation,Broward,54571.0,1985
Pompano Beach,Broward,67068.0,1985
Sea Ranch Lakes,Broward,572.0,1985
Sunrise,Broward,50397.0,1985
Tamarac,Broward,33343.0,1985
Wilton Manors,Broward,12500.0,1985
Altha,Calhoun,484.0,1985
Blountstown,Calhoun,2701.0,1985
Punta Gorda,Charlotte,9435.0,1985
Crystal River,Citrus,3544.0,1985
Inverness,Citrus,4816.0,1985
Green Cove Springs,Clay,4264.0,1985
Keystone Heights,Clay,1136.0,1985
Orange Park,Clay,9586.0,1985
Penney Farms,Clay,664.0,1985
Everglades,Collier,514.0,1985
Naples,Collier,18678.0,1985
Fort White,Columbia,357.0,1985
Lake City,Columbia,9182.0,1985
Arcadia,De Soto,6105.0,1985
Cross City,Dixie,2242.0,1985
Horseshoe Beach,Dixie,323.0,1985
Atlantic Beach,Duval,8992.0,1985
Baldwin,Duval,1773.0,1985
Jacksonville,Duval,580594.0,1985
Jacksonville Beach,Duval,18302.0,1985
Neptune Beach,Duval,6154.0,1985
Century,Escambia,2454.0,1985
Pensacola,Escambia,60819.0,1985
Beverly Beach,Flagler,329.0,1985
Bunnell,Flagler,2020.0,1985
Flagler Beach,Flagler,2923.0,1985
Marineland,Flagler/St. Johns,6.0,1985
Apalachicola,Franklin,2613.0,1985
Carrabelle,Franklin,1323.0,1985
Chattahoochee,Gadsden,4715.0,1985
Greensboro,Gadsden,539.0,1985
Gretna,Gadsden,1611.0,1985
Havana,Gadsden,2825.0,1985
Quincy,Gadsden,8698.0,1985
Bell,Gilchrist,198.0,1985
Trenton,Gilchrist,1405.0,1985
Fanning Springs,Gilchrist/Levy,407.0,1985
Moore Haven,Glades,1250.0,1985
Port St. Joe,Gulf,3993.0,1985
Ward Ridge,Gulf,120.0,1985
Wewahitchka,Gulf,1796.0,1985
Jasper,Hamilton,2139.0,1985
Jennings,Hamilton,830.0,1985
White Springs,Hamilton,828.0,1985
Bowling Green,Hardee,2380.0,1985
Wauchula,Hardee,3294.0,1985
Zolfo Springs,Hardee,1588.0,1985
Clewiston,Hendry,5647.0,1985
LaBelle,Hendry,2809.0,1985
Brooksville,Hernando,6906.0,1985
Weeki Wachee,Hernando,8.0,1985
Avon Park,Highlands,8461.0,1985
Lake Placid,Highlands,992.0,1985
Sebring,Highlands,9962.0,1985
Plant City,Hillsborough,17793.0,1985
Tampa,Hillsborough,276444.0,1985
Temple Terrace,Hillsborough,11688.0,1985
Bonifay,Holmes,2623.0,1985
Esto,Holmes,344.0,1985
Noma,Holmes,286.0,1985
Ponce de Leon,Holmes,489.0,1985
Westville,Holmes,367.0,1985
Fellsmere,Indian River,1624.0,1985
Indian River Shores,Indian River,1668.0,1985
Orchid,Indian River,25.0,1985
Sebastian,Indian River,5604.0,1985
Vero Beach,Indian River,17075.0,1985
Alford,Jackson,534.0,1985
Bascom,Jackson,127.0,1985
Campbellton,Jackson,313.0,1985
Cottondale,Jackson,1062.0,1985
Graceville,Jackson,2918.0,1985
Grand Ridge,Jackson,619.0,1985
Greenwood,Jackson,604.0,1985
Jacob City,Jackson,290.0,1985
Malone,Jackson,877.0,1985
Marianna,Jackson,7157.0,1985
Sneads,Jackson,1690.0,1985
Monticello,Jefferson,2875.0,1985
Mayo,Lafayette,933.0,1985
Astatula,Lake,939.0,1985
Clermont,Lake,5928.0,1985
Eustis,Lake,11722.0,1985
Fruitland Park,Lake,2606.0,1985
Groveland,Lake,2095.0,1985
Howey-in-the-Hills,Lake,667.0,1985
Lady Lake,Lake,2108.0,1985
Leesburg,Lake,14063.0,1985
Mascotte,Lake,1625.0,1985
Minneola,Lake,933.0,1985
Montverde,Lake,450.0,1985
Mount Dora,Lake,6192.0,1985
Tavares,Lake,5895.0,1985
Umatilla,Lake,2052.0,1985
Cape Coral,Lee,45777.0,1985
Fort Myers,Lee,38371.0,1985
Sanibel,Lee,4237.0,1985
Tallahassee,Leon,116239.0,1985
Bronson,Levy,931.0,1985
Cedar Key,Levy,906.0,1985
Chiefland,Levy,2006.0,1985
Inglis,Levy,1468.0,1985
Otter Creek,Levy,136.0,1985
Williston,Levy,2410.0,1985
Yankeetown,Levy,634.0,1985
Bristol,Liberty,1050.0,1985
Greenville,Madison,1028.0,1985
Lee,Madison,270.0,1985
Madison,Madison,3608.0,1985
Anna Maria,Manatee,1664.0,1985
Bradenton,Manatee,36374.0,1985
Bradenton Beach,Manatee,1730.0,1985
Holmes Beach,Manatee,4347.0,1985
Palmetto,Manatee,9265.0,1985
Longboat Key,Manatee/Sarasota,6240.0,1985
Belleview,Marion,2284.0,1985
Dunnellon,Marion,1662.0,1985
McIntosh,Marion,477.0,1985
Ocala,Marion,41120.0,1985
Reddick,Marion,660.0,1985
Jupiter Island,Martin,407.0,1985
Ocean Breeze Park,Martin,466.0,1985
Sewall's Point,Martin,1436.0,1985
Stuart,Martin,10456.0,1985
Bal Harbour,Miami-Dade,3012.0,1985
Bay Harbor Islands,Miami-Dade,4845.0,1985
Biscayne Park,Miami-Dade,3070.0,1985
Coral Gables,Miami-Dade,42281.0,1985
El Portal,Miami-Dade,1985.0,1985
Florida City,Miami-Dade,6315.0,1985
Golden Beach,Miami-Dade,627.0,1985
Hialeah,Miami-Dade,157680.0,1985
Hialeah Gardens,Miami-Dade,5443.0,1985
Homestead,Miami-Dade,22179.0,1985
Indian Creek,Miami-Dade,107.0,1985
Islandia,Miami-Dade,12.0,1985
Medley,Miami-Dade,540.0,1985
Miami,Miami-Dade,380446.0,1985
Miami Beach,Miami-Dade,96913.0,1985
Miami Shores,Miami-Dade,9100.0,1985
Miami Springs,Miami-Dade,12053.0,1985
North Bay Village,Miami-Dade,4703.0,1985
North Miami,Miami-Dade,42575.0,1985
North Miami Beach,Miami-Dade,36381.0,1985
Opa-locka,Miami-Dade,14658.0,1985
Pennsuco,Miami-Dade,16.0,1985
South Miami,Miami-Dade,10742.0,1985
Surfside,Miami-Dade,3943.0,1985
Sweetwater,Miami-Dade,9515.0,1985
Virginia Gardens,Miami-Dade,2166.0,1985
West Miami,Miami-Dade,5904.0,1985
Key Colony Beach,Monroe,1052.0,1985
Key West,Monroe,26001.0,1985
Layton,Monroe,104.0,1985
Callahan,Nassau,853.0,1985
Fernandina Beach,Nassau,8491.0,1985
Hilliard,Nassau,2067.0,1985
Cinco Bayou,Okaloosa,371.0,1985
Crestview,Okaloosa,8200.0,1985
Destin,Okaloosa,6322.0,1985
Fort Walton Beach,Okaloosa,22308.0,1985
Laurel Hill,Okaloosa,673.0,1985
Mary Esther,Okaloosa,4108.0,1985
Niceville,Okaloosa,10142.0,1985
Shalimar,Okaloosa,405.0,1985
Valparaiso,Okaloosa,6484.0,1985
Okeechobee,Okeechobee,4397.0,1985
Apopka,Orange,7935.0,1985
Bay Lake,Orange,18.0,1985
Belle Isle,Orange,3138.0,1985
Eatonville,Orange,2713.0,1985
Edgewood,Orange,973.0,1985
Lake Buena Vista,Orange,20.0,1985
Maitland,Orange,9230.0,1985
Oakland,Orange,670.0,1985
Ocoee,Orange,10682.0,1985
Orlando,Orange,143320.0,1985
Windermere,Orange,1390.0,1985
Winter Garden,Orange,7490.0,1985
Winter Park,Orange,23140.0,1985
Kissimmee,Osceola,22929.0,1985
St. Cloud,Osceola,10191.0,1985
Atlantis,Palm Beach,1595.0,1985
Belle Glade,Palm Beach,17080.0,1985
Boca Raton,Palm Beach,54491.0,1985
Boynton Beach,Palm Beach,40127.0,1985
Briny Breezes,Palm Beach,367.0,1985
Cloud Lake,Palm Beach,152.0,1985
Delray Beach,Palm Beach,41802.0,1985
Glen Ridge,Palm Beach,227.0,1985
Golf,Palm Beach,122.0,1985
Golfview,Palm Beach,210.0,1985
Greenacres,Palm Beach,23067.0,1985
Gulf Stream,Palm Beach,515.0,1985
Haverhill,Palm Beach,1255.0,1985
Highland Beach,Palm Beach,2987.0,1985
Hypoluxo,Palm Beach,886.0,1985
Juno Beach,Palm Beach,1731.0,1985
Jupiter,Palm Beach,18324.0,1985
Jupiter Inlet Colony,Palm Beach,419.0,1985
Lake Clarke Shores,Palm Beach,3207.0,1985
Lake Park,Palm Beach,6797.0,1985
Lake Worth Beach,Palm Beach,26882.0,1985
Lantana,Palm Beach,8411.0,1985
Manalapan,Palm Beach,367.0,1985
Mangonia Park,Palm Beach,1335.0,1985
North Palm Beach,Palm Beach,12379.0,1985
Ocean Ridge,Palm Beach,1502.0,1985
Pahokee,Palm Beach,6644.0,1985
Palm Beach,Palm Beach,10515.0,1985
Palm Beach Gardens,Palm Beach,20339.0,1985
Palm Beach Shores,Palm Beach,1254.0,1985
Palm Springs,Palm Beach,9544.0,1985
Riviera Beach,Palm Beach,27609.0,1985
Royal Palm Beach,Palm Beach,6624.0,1985
South Bay,Palm Beach,3644.0,1985
South Palm Beach,Palm Beach,1418.0,1985
Tequesta,Palm Beach,3928.0,1985
West Palm Beach,Palm Beach,67083.0,1985
Dade City,Pasco,5608.0,1985
New Port Richey,Pasco,12558.0,1985
Port Richey,Pasco,2529.0,1985
St. Leo,Pasco,955.0,1985
San Antonio,Pasco,650.0,1985
Zephyrhills,Pasco,6476.0,1985
Belleair,Pinellas,3955.0,1985
Belleair Beach,Pinellas,1734.0,1985
Belleair Bluffs,Pinellas,2509.0,1985
Belleair Shore,Pinellas,78.0,1985
Clearwater,Pinellas,95330.0,1985
Dunedin,Pinellas,32134.0,1985
Gulfport,Pinellas,11557.0,1985
Indian Rocks Beach,Pinellas,4298.0,1985
Indian Shores,Pinellas,1409.0,1985
Kenneth City,Pinellas,4242.0,1985
Largo,Pinellas,61992.0,1985
Madeira Beach,Pinellas,5189.0,1985
North Redington Beach,Pinellas,1192.0,1985
Oldsmar,Pinellas,5779.0,1985
Pinellas Park,Pinellas,39871.0,1985
Redington Beach,Pinellas,1707.0,1985
Redington Shores,Pinellas,2608.0,1985
Safety Harbor,Pinellas,11605.0,1985
St. Petersburg,Pinellas,243002.0,1985
St. Pete Beach,Pinellas,9920.0,1985
Seminole,Pinellas,5821.0,1985
South Pasadena,Pinellas,5157.0,1985
Tarpon Springs,Pinellas,15449.0,1985
Treasure Island,Pinellas,6834.0,1985
Auburndale,Polk,7509.0,1985
Bartow,Polk,16454.0,1985
Davenport,Polk,1739.0,1985
Dundee,Polk,2406.0,1985
Eagle Lake,Polk,1857.0,1985
Fort Meade,Polk,5796.0,1985
Frostproof,Polk,3155.0,1985
Haines City,Polk,12514.0,1985
Highland Park,Polk,180.0,1985
Hillcrest Heights,Polk,200.0,1985
Lake Alfred,Polk,3289.0,1985
Lake Hamilton,Polk,1522.0,1985
Lake Wales,Polk,8847.0,1985
Lakeland,Polk,57324.0,1985
Mulberry,Polk,2950.0,1985
Polk City,Polk,837.0,1985
Winter Haven,Polk,23804.0,1985
Crescent City,Putnam,1687.0,1985
Interlachen,Putnam,1000.0,1985
Palatka,Putnam,10430.0,1985
Pomona Park,Putnam,871.0,1985
Welaka,Putnam,520.0,1985
Hastings,St. Johns,604.0,1985
St. Augustine,St. Johns,11891.0,1985
St. Augustine Beach,St. Johns,2789.0,1985
Fort Pierce,St. Lucie,37478.0,1985
Port St. Lucie,St. Lucie,31051.0,1985
St. Lucie Village,St. Lucie,586.0,1985
Gulf Breeze,Santa Rosa,5585.0,1985
Jay,Santa Rosa,664.0,1985
Milton,Santa Rosa,7175.0,1985
North Port,Sarasota,8331.0,1985
Sarasota,Sarasota,50782.0,1985
Venice,Sarasota,14218.0,1985
Altamonte Springs,Seminole,28362.0,1985
Casselberry,Seminole,17322.0,1985
Lake Mary,Seminole,4039.0,1985
Longwood,Seminole,12323.0,1985
Oviedo,Seminole,3729.0,1985
Sanford,Seminole,27494.0,1985
Winter Springs,Seminole,16636.0,1985
Bushnell,Sumter,1249.0,1985
Center Hill,Sumter,813.0,1985
Coleman,Sumter,957.0,1985
Webster,Sumter,745.0,1985
Wildwood,Sumter,3233.0,1985
Branford,Suwannee,690.0,1985
Live Oak,Suwannee,6997.0,1985
Perry,Taylor,8267.0,1985
Lake Butler,Union,2125.0,1985
Raiford,Union,253.0,1985
Worthington Springs,Union,220.0,1985
Daytona Beach,Volusia,56978.0,1985
Daytona Beach Shores,Volusia,1634.0,1985
DeLand,Volusia,16323.0,1985
Edgewater,Volusia,9996.0,1985
Holly Hill,Volusia,11003.0,1985
Lake Helen,Volusia,2341.0,1985
New Smyrna Beach,Volusia,14697.0,1985
Oak Hill,Volusia,1073.0,1985
Orange City,Volusia,3131.0,1985
Ormond Beach,Volusia,26376.0,1985
Pierson,Volusia,1107.0,1985
Ponce Inlet,Volusia,1328.0,1985
Port Orange,Volusia,26566.0,1985
South Daytona,Volusia,12140.0,1985
St. Marks,Wakulla,326.0,1985
Sopchoppy,Wakulla,411.0,1985
DeFuniak Springs,Walton,5872.0,1985
Freeport,Walton,774.0,1985
Paxton,Walton,633.0,1985
Caryville,Washington,620.0,1985
Chipley,Washington,3467.0,1985
Ebro,Washington,214.0,1985
Vernon,Washington,917.0,1985
Wausau,Washington,347.0,1985
Incorporated Population,,5867801.0,1985
Total Population,,11278547.0,1985
Incorporated Pop. as % of Total Pop.,,0.5202621401497906,1985
Alachua,Alachua,4230.0,1984
Archer,Alachua,1349.0,1984
Gainesville,Alachua,82124.0,1984
Hawthorne,Alachua,1297.0,1984
High Springs,Alachua,2620.0,1984
La Crosse,Alachua,160.0,1984
Micanopy,Alachua,756.0,1984
Newberry,Alachua,1980.0,1984
Waldo,Alachua,1157.0,1984
Glen St. Mary,Baker,472.0,1984
Macclenny,Baker,4054.0,1984
Callaway,Bay,9981.0,1984
Cedar Grove,Bay,1507.0,1984
Lynn Haven,Bay,7986.0,1984
Mexico Beach,Bay,1054.0,1984
Panama City,Bay,34166.0,1984
Panama City Beach,Bay,2834.0,1984
Parker,Bay,4496.0,1984
Springfield,Bay,7847.0,1984
Brooker,Bradford,423.0,1984
Hampton,Bradford,471.0,1984
Lawtey,Bradford,718.0,1984
Starke,Bradford,5511.0,1984
Cape Canaveral,Brevard,6776.0,1984
Cocoa,Brevard,16848.0,1984
Cocoa Beach,Brevard,12126.0,1984
Indialantic,Brevard,3065.0,1984
Indian Harbour Beach,Brevard,6746.0,1984
Malabar,Brevard,1419.0,1984
Melbourne,Brevard,51116.0,1984
Melbourne Beach,Brevard,3017.0,1984
Melbourne Village,Brevard,1035.0,1984
Palm Bay,Brevard,31276.0,1984
Palm Shores,Brevard,86.0,1984
Rockledge,Brevard,12618.0,1984
Satellite Beach,Brevard,9893.0,1984
Titusville,Brevard,36701.0,1984
West Melbourne,Brevard,6637.0,1984
Coconut Creek,Broward,14285.0,1984
Cooper City,Broward,13178.0,1984
Coral Springs,Broward,52986.0,1984
Dania Beach,Broward,12930.0,1984
Davie,Broward,33816.0,1984
Deerfield Beach,Broward,42398.0,1984
Fort Lauderdale,Broward,152053.0,1984
Hacienda Village,Broward,135.0,1984
Hallandale Beach,Broward,37692.0,1984
Hillsboro Beach,Broward,1590.0,1984
Hollywood,Broward,123483.0,1984
Lauderdale Lakes,Broward,26817.0,1984
Lauderdale-By-The-Sea,Broward,2618.0,1984
Lauderhill,Broward,40616.0,1984
Lazy Lake,Broward,32.0,1984
Lighthouse Point,Broward,11479.0,1984
Margate,Broward,39178.0,1984
Miramar,Broward,36037.0,1984
North Lauderdale,Broward,21027.0,1984
Oakland Park,Broward,23564.0,1984
Parkland,Broward,956.0,1984
Pembroke Park,Broward,6109.0,1984
Pembroke Pines,Broward,43104.0,1984
Plantation,Broward,52744.0,1984
Pompano Beach,Broward,66784.0,1984
Sea Ranch Lakes,Broward,575.0,1984
Sunrise,Broward,47360.0,1984
Tamarac,Broward,32251.0,1984
Wilton Manors,Broward,12541.0,1984
Altha,Calhoun,479.0,1984
Blountstown,Calhoun,2678.0,1984
Punta Gorda,Charlotte,8694.0,1984
Crystal River,Citrus,3522.0,1984
Inverness,Citrus,4548.0,1984
Green Cove Springs,Clay,4054.0,1984
Keystone Heights,Clay,1128.0,1984
Orange Park,Clay,9410.0,1984
Penney Farms,Clay,662.0,1984
Everglades,Collier,510.0,1984
Naples,Collier,18556.0,1984
Fort White,Columbia,383.0,1984
Lake City,Columbia,9212.0,1984
Arcadia,De Soto,6134.0,1984
Cross City,Dixie,2276.0,1984
Horseshoe Beach,Dixie,315.0,1984
Atlantic Beach,Duval,8810.0,1984
Baldwin,Duval,1747.0,1984
Jacksonville,Duval,571427.0,1984
Jacksonville Beach,Duval,17783.0,1984
Neptune Beach,Duval,5913.0,1984
Century,Escambia,2531.0,1984
Pensacola,Escambia,60584.0,1984
Beverly Beach,Flagler,314.0,1984
Bunnell,Flagler,1793.0,1984
Flagler Beach,Flagler,2699.0,1984
Marineland,Flagler/St. Johns,6.0,1984
Apalachicola,Franklin,2587.0,1984
Carrabelle,Franklin,1328.0,1984
Chattahoochee,Gadsden,4897.0,1984
Greensboro,Gadsden,534.0,1984
Gretna,Gadsden,1608.0,1984
Havana,Gadsden,2797.0,1984
Quincy,Gadsden,8653.0,1984
Bell,Gilchrist,204.0,1984
Trenton,Gilchrist,1401.0,1984
Fanning Springs,Gilchrist/Levy,379.0,1984
Moore Haven,Glades,1200.0,1984
Port St. Joe,Gulf,3979.0,1984
Ward Ridge,Gulf,117.0,1984
Wewahitchka,Gulf,1793.0,1984
Jasper,Hamilton,2133.0,1984
Jennings,Hamilton,829.0,1984
White Springs,Hamilton,826.0,1984
Bowling Green,Hardee,2360.0,1984
Wauchula,Hardee,3281.0,1984
Zolfo Springs,Hardee,1598.0,1984
Clewiston,Hendry,5561.0,1984
LaBelle,Hendry,2580.0,1984
Brooksville,Hernando,6639.0,1984
Weeki Wachee,Hernando,8.0,1984
Avon Park,Highlands,8404.0,1984
Lake Placid,Highlands,1002.0,1984
Sebring,Highlands,9991.0,1984
Plant City,Hillsborough,17609.0,1984
Tampa,Hillsborough,275512.0,1984
Temple Terrace,Hillsborough,11388.0,1984
Bonifay,Holmes,2618.0,1984
Esto,Holmes,337.0,1984
Noma,Holmes,275.0,1984
Ponce de Leon,Holmes,497.0,1984
Westville,Holmes,363.0,1984
Fellsmere,Indian River,1621.0,1984
Indian River Shores,Indian River,1585.0,1984
Orchid,Indian River,23.0,1984
Sebastian,Indian River,5145.0,1984
Vero Beach,Indian River,17031.0,1984
Alford,Jackson,534.0,1984
Bascom,Jackson,124.0,1984
Campbellton,Jackson,332.0,1984
Cottondale,Jackson,993.0,1984
Graceville,Jackson,2975.0,1984
Grand Ridge,Jackson,651.0,1984
Greenwood,Jackson,585.0,1984
Malone,Jackson,913.0,1984
Marianna,Jackson,6959.0,1984
Sneads,Jackson,1698.0,1984
Monticello,Jefferson,2925.0,1984
Mayo,Lafayette,938.0,1984
Astatula,Lake,825.0,1984
Clermont,Lake,5745.0,1984
Eustis,Lake,11184.0,1984
Fruitland Park,Lake,2594.0,1984
Groveland,Lake,2095.0,1984
Howey-in-the-Hills,Lake,681.0,1984
Lady Lake,Lake,1723.0,1984
Leesburg,Lake,13646.0,1984
Mascotte,Lake,1726.0,1984
Minneola,Lake,931.0,1984
Montverde,Lake,420.0,1984
Mount Dora,Lake,6152.0,1984
Tavares,Lake,5597.0,1984
Umatilla,Lake,1989.0,1984
Cape Coral,Lee,43016.0,1984
Fort Myers,Lee,38129.0,1984
Sanibel,Lee,4120.0,1984
Tallahassee,Leon,113564.0,1984
Bronson,Levy,875.0,1984
Cedar Key,Levy,850.0,1984
Chiefland,Levy,2036.0,1984
Inglis,Levy,1315.0,1984
Otter Creek,Levy,143.0,1984
Williston,Levy,2366.0,1984
Yankeetown,Levy,629.0,1984
Bristol,Liberty,1043.0,1984
Greenville,Madison,1013.0,1984
Lee,Madison,266.0,1984
Madison,Madison,3590.0,1984
Anna Maria,Manatee,1636.0,1984
Bradenton,Manatee,34913.0,1984
Bradenton Beach,Manatee,1648.0,1984
Holmes Beach,Manatee,4337.0,1984
Palmetto,Manatee,8932.0,1984
Longboat Key,Manatee/Sarasota,5611.0,1984
Belleview,Marion,2137.0,1984
Dunnellon,Marion,1561.0,1984
McIntosh,Marion,471.0,1984
Ocala,Marion,39094.0,1984
Reddick,Marion,655.0,1984
Jupiter Island,Martin,401.0,1984
Ocean Breeze Park,Martin,469.0,1984
Sewall's Point,Martin,1392.0,1984
Stuart,Martin,10239.0,1984
Bal Harbour,Miami-Dade,3086.0,1984
Bay Harbor Islands,Miami-Dade,4841.0,1984
Biscayne Park,Miami-Dade,3035.0,1984
Coral Gables,Miami-Dade,42484.0,1984
El Portal,Miami-Dade,2003.0,1984
Florida City,Miami-Dade,6269.0,1984
Golden Beach,Miami-Dade,620.0,1984
Hialeah,Miami-Dade,157137.0,1984
Hialeah Gardens,Miami-Dade,4264.0,1984
Homestead,Miami-Dade,22062.0,1984
Indian Creek,Miami-Dade,107.0,1984
Islandia,Miami-Dade,12.0,1984
Medley,Miami-Dade,544.0,1984
Miami,Miami-Dade,383027.0,1984
Miami Beach,Miami-Dade,97340.0,1984
Miami Shores,Miami-Dade,9150.0,1984
Miami Springs,Miami-Dade,12109.0,1984
North Bay Village,Miami-Dade,4724.0,1984
North Miami,Miami-Dade,43115.0,1984
North Miami Beach,Miami-Dade,36173.0,1984
Opa-locka,Miami-Dade,15217.0,1984
Pennsuco,Miami-Dade,16.0,1984
South Miami,Miami-Dade,10796.0,1984
Surfside,Miami-Dade,3857.0,1984
Sweetwater,Miami-Dade,9435.0,1984
Virginia Gardens,Miami-Dade,2172.0,1984
West Miami,Miami-Dade,6000.0,1984
Key Colony Beach,Monroe,1041.0,1984
Key West,Monroe,25154.0,1984
Layton,Monroe,104.0,1984
Callahan,Nassau,852.0,1984
Fernandina Beach,Nassau,8247.0,1984
Hilliard,Nassau,2012.0,1984
Cinco Bayou,Okaloosa,249.0,1984
Crestview,Okaloosa,7945.0,1984
Fort Walton Beach,Okaloosa,22009.0,1984
Laurel Hill,Okaloosa,665.0,1984
Mary Esther,Okaloosa,4058.0,1984
Niceville,Okaloosa,9599.0,1984
Shalimar,Okaloosa,405.0,1984
Valparaiso,Okaloosa,6479.0,1984
Okeechobee,Okeechobee,4405.0,1984
Apopka,Orange,7118.0,1984
Bay Lake,Orange,18.0,1984
Belle Isle,Orange,3083.0,1984
Eatonville,Orange,2545.0,1984
Edgewood,Orange,1005.0,1984
Lake Buena Vista,Orange,20.0,1984
Maitland,Orange,9210.0,1984
Oakland,Orange,665.0,1984
Ocoee,Orange,10645.0,1984
Orlando,Orange,137043.0,1984
Windermere,Orange,1359.0,1984
Winter Garden,Orange,7056.0,1984
Winter Park,Orange,23091.0,1984
Kissimmee,Osceola,20659.0,1984
St. Cloud,Osceola,9872.0,1984
Atlantis,Palm Beach,1571.0,1984
Belle Glade,Palm Beach,17144.0,1984
Boca Raton,Palm Beach,53353.0,1984
Boynton Beach,Palm Beach,39187.0,1984
Briny Breezes,Palm Beach,371.0,1984
Cloud Lake,Palm Beach,152.0,1984
Delray Beach,Palm Beach,41011.0,1984
Glen Ridge,Palm Beach,231.0,1984
Golf,Palm Beach,119.0,1984
Golfview,Palm Beach,211.0,1984
Greenacres,Palm Beach,21821.0,1984
Gulf Stream,Palm Beach,502.0,1984
Haverhill,Palm Beach,1258.0,1984
Highland Beach,Palm Beach,2847.0,1984
Hypoluxo,Palm Beach,870.0,1984
Juno Beach,Palm Beach,1634.0,1984
Jupiter,Palm Beach,16425.0,1984
Jupiter Inlet Colony,Palm Beach,414.0,1984
Lake Clarke Shores,Palm Beach,3182.0,1984
Lake Park,Palm Beach,6831.0,1984
Lake Worth Beach,Palm Beach,27307.0,1984
Lantana,Palm Beach,8395.0,1984
Manalapan,Palm Beach,361.0,1984
Mangonia Park,Palm Beach,1342.0,1984
North Palm Beach,Palm Beach,12292.0,1984
Ocean Ridge,Palm Beach,1492.0,1984
Pahokee,Palm Beach,6535.0,1984
Palm Beach,Palm Beach,10496.0,1984
Palm Beach Gardens,Palm Beach,19016.0,1984
Palm Beach Shores,Palm Beach,1256.0,1984
Palm Springs,Palm Beach,9281.0,1984
Riviera Beach,Palm Beach,27318.0,1984
Royal Palm Beach,Palm Beach,5938.0,1984
South Bay,Palm Beach,3633.0,1984
South Palm Beach,Palm Beach,1391.0,1984
Tequesta,Palm Beach,3870.0,1984
West Palm Beach,Palm Beach,65731.0,1984
Dade City,Pasco,5491.0,1984
New Port Richey,Pasco,12249.0,1984
Port Richey,Pasco,2392.0,1984
St. Leo,Pasco,927.0,1984
San Antonio,Pasco,591.0,1984
Zephyrhills,Pasco,6303.0,1984
Belleair,Pinellas,3950.0,1984
Belleair Beach,Pinellas,1728.0,1984
Belleair Bluffs,Pinellas,2534.0,1984
Belleair Shore,Pinellas,80.0,1984
Clearwater,Pinellas,93648.0,1984
Dunedin,Pinellas,31748.0,1984
Gulfport,Pinellas,11564.0,1984
Indian Rocks Beach,Pinellas,4211.0,1984
Indian Shores,Pinellas,1359.0,1984
Kenneth City,Pinellas,4275.0,1984
Largo,Pinellas,61572.0,1984
Madeira Beach,Pinellas,5109.0,1984
North Redington Beach,Pinellas,1158.0,1984
Oldsmar,Pinellas,4407.0,1984
Pinellas Park,Pinellas,36930.0,1984
Redington Beach,Pinellas,1703.0,1984
Redington Shores,Pinellas,2559.0,1984
Safety Harbor,Pinellas,10610.0,1984
St. Petersburg,Pinellas,242115.0,1984
St. Pete Beach,Pinellas,9840.0,1984
Seminole,Pinellas,5046.0,1984
South Pasadena,Pinellas,4959.0,1984
Tarpon Springs,Pinellas,15039.0,1984
Treasure Island,Pinellas,6747.0,1984
Auburndale,Polk,7339.0,1984
Bartow,Polk,15962.0,1984
Davenport,Polk,1670.0,1984
Dundee,Polk,2388.0,1984
Eagle Lake,Polk,1851.0,1984
Fort Meade,Polk,5760.0,1984
Frostproof,Polk,3152.0,1984
Haines City,Polk,12219.0,1984
Highland Park,Polk,182.0,1984
Hillcrest Heights,Polk,195.0,1984
Lake Alfred,Polk,3264.0,1984
Lake Hamilton,Polk,1527.0,1984
Lake Wales,Polk,8709.0,1984
Lakeland,Polk,55613.0,1984
Mulberry,Polk,2924.0,1984
Polk City,Polk,738.0,1984
Winter Haven,Polk,22289.0,1984
Crescent City,Putnam,1647.0,1984
Interlachen,Putnam,1013.0,1984
Palatka,Putnam,10282.0,1984
Pomona Park,Putnam,832.0,1984
Welaka,Putnam,516.0,1984
Hastings,St. Johns,602.0,1984
St. Augustine,St. Johns,12031.0,1984
St. Augustine Beach,St. Johns,2432.0,1984
Fort Pierce,St. Lucie,36888.0,1984
Port St. Lucie,St. Lucie,28205.0,1984
St. Lucie Village,St. Lucie,605.0,1984
Gulf Breeze,Santa Rosa,5491.0,1984
Jay,Santa Rosa,624.0,1984
Milton,Santa Rosa,7254.0,1984
North Port,Sarasota,8006.0,1984
Sarasota,Sarasota,50767.0,1984
Venice,Sarasota,13770.0,1984
Altamonte Springs,Seminole,25515.0,1984
Casselberry,Seminole,17069.0,1984
Lake Mary,Seminole,3484.0,1984
Longwood,Seminole,11940.0,1984
Oviedo,Seminole,3419.0,1984
Sanford,Seminole,26759.0,1984
Winter Springs,Seminole,15185.0,1984
Bushnell,Sumter,1099.0,1984
Center Hill,Sumter,802.0,1984
Coleman,Sumter,947.0,1984
Webster,Sumter,751.0,1984
Wildwood,Sumter,3094.0,1984
Branford,Suwannee,700.0,1984
Live Oak,Suwannee,6986.0,1984
Perry,Taylor,8331.0,1984
Lake Butler,Union,2055.0,1984
Raiford,Union,236.0,1984
Worthington Springs,Union,220.0,1984
Daytona Beach,Volusia,56266.0,1984
Daytona Beach Shores,Volusia,1505.0,1984
DeLand,Volusia,15969.0,1984
Edgewater,Volusia,8879.0,1984
Holly Hill,Volusia,10747.0,1984
Lake Helen,Volusia,2244.0,1984
New Smyrna Beach,Volusia,14104.0,1984
Oak Hill,Volusia,1028.0,1984
Orange City,Volusia,3063.0,1984
Ormond Beach,Volusia,25099.0,1984
Pierson,Volusia,1114.0,1984
Ponce Inlet,Volusia,1184.0,1984
Port Orange,Volusia,25056.0,1984
South Daytona,Volusia,11895.0,1984
St. Marks,Wakulla,306.0,1984
Sopchoppy,Wakulla,418.0,1984
DeFuniak Springs,Walton,5653.0,1984
Freeport,Walton,758.0,1984
Paxton,Walton,634.0,1984
Caryville,Washington,617.0,1984
Chipley,Washington,3455.0,1984
Ebro,Washington,220.0,1984
Vernon,Washington,916.0,1984
Wausau,Washington,355.0,1984
Incorporated Population,,5741801.0,1984
Total Population,,10930389.0,1984
Incorporated Pop. as % of Total Pop.,,0.5253061899260859,1984
Alachua,Alachua,4014.0,1983
Archer,Alachua,1288.0,1983
Gainesville,Alachua,81614.0,1983
Hawthorne,Alachua,1306.0,1983
High Springs,Alachua,2604.0,1983
La Crosse,Alachua,165.0,1983
Micanopy,Alachua,773.0,1983
Newberry,Alachua,1943.0,1983
Waldo,Alachua,997.0,1983
Glen St. Mary,Baker,473.0,1983
Macclenny,Baker,3973.0,1983
Callaway,Bay,8822.0,1983
Cedar Grove,Bay,1321.0,1983
Lynn Haven,Bay,7675.0,1983
Mexico Beach,Bay,962.0,1983
Panama City,Bay,34196.0,1983
Panama City Beach,Bay,2682.0,1983
Parker,Bay,4419.0,1983
Springfield,Bay,7446.0,1983
Brooker,Bradford,411.0,1983
Hampton,Bradford,457.0,1983
Lawtey,Bradford,719.0,1983
Starke,Bradford,5348.0,1983
Cape Canaveral,Brevard,6525.0,1983
Cocoa,Brevard,16578.0,1983
Cocoa Beach,Brevard,12018.0,1983
Indialantic,Brevard,3019.0,1983
Indian Harbour Beach,Brevard,6649.0,1983
Malabar,Brevard,1358.0,1983
Melbourne,Brevard,49904.0,1983
Melbourne Beach,Brevard,2930.0,1983
Melbourne Village,Brevard,1031.0,1983
Palm Bay,Brevard,27734.0,1983
Palm Shores,Brevard,88.0,1983
Rockledge,Brevard,12358.0,1983
Satellite Beach,Brevard,9691.0,1983
Titusville,Brevard,35372.0,1983
West Melbourne,Brevard,6138.0,1983
Coconut Creek,Broward,12545.0,1983
Cooper City,Broward,11753.0,1983
Coral Springs,Broward,46830.0,1983
Dania Beach,Broward,13343.0,1983
Davie,Broward,32502.0,1983
Deerfield Beach,Broward,41782.0,1983
Fort Lauderdale,Broward,153185.0,1983
Hacienda Village,Broward,128.0,1983
Hallandale Beach,Broward,37443.0,1983
Hillsboro Beach,Broward,1554.0,1983
Hollywood,Broward,123363.0,1983
Lauderdale Lakes,Broward,26376.0,1983
Lauderdale-By-The-Sea,Broward,2617.0,1983
Lauderhill,Broward,39287.0,1983
Lazy Lake,Broward,32.0,1983
Lighthouse Point,Broward,11427.0,1983
Margate,Broward,38678.0,1983
Miramar,Broward,34946.0,1983
North Lauderdale,Broward,20248.0,1983
Oakland Park,Broward,23564.0,1983
Parkland,Broward,825.0,1983
Pembroke Park,Broward,6036.0,1983
Pembroke Pines,Broward,42062.0,1983
Plantation,Broward,51650.0,1983
Pompano Beach,Broward,57119.0,1983
Sea Ranch Lakes,Broward,575.0,1983
Sunrise,Broward,44901.0,1983
Tamarac,Broward,31223.0,1983
Wilton Manors,Broward,12544.0,1983
Altha,Calhoun,484.0,1983
Blountstown,Calhoun,2597.0,1983
Punta Gorda,Charlotte,8291.0,1983
Crystal River,Citrus,3396.0,1983
Inverness,Citrus,4303.0,1983
Green Cove Springs,Clay,4099.0,1983
Keystone Heights,Clay,1104.0,1983
Orange Park,Clay,9166.0,1983
Penney Farms,Clay,652.0,1983
Everglades,Collier,521.0,1983
Naples,Collier,18415.0,1983
Fort White,Columbia,388.0,1983
Lake City,Columbia,9241.0,1983
Arcadia,De Soto,5991.0,1983
Cross City,Dixie,2129.0,1983
Horseshoe Beach,Dixie,323.0,1983
Atlantic Beach,Duval,8527.0,1983
Baldwin,Duval,1619.0,1983
Jacksonville,Duval,554378.0,1983
Jacksonville Beach,Duval,16846.0,1983
Neptune Beach,Duval,5706.0,1983
Century,Escambia,2489.0,1983
Pensacola,Escambia,59563.0,1983
Beverly Beach,Flagler,272.0,1983
Bunnell,Flagler,1797.0,1983
Flagler Beach,Flagler,2581.0,1983
Marineland,Flagler/St. Johns,6.0,1983
Apalachicola,Franklin,2478.0,1983
Carrabelle,Franklin,1306.0,1983
Chattahoochee,Gadsden,4942.0,1983
Greensboro,Gadsden,539.0,1983
Gretna,Gadsden,1591.0,1983
Havana,Gadsden,2798.0,1983
Quincy,Gadsden,8639.0,1983
Bell,Gilchrist,214.0,1983
Trenton,Gilchrist,1270.0,1983
Fanning Springs,Gilchrist/Levy,378.0,1983
Moore Haven,Glades,1189.0,1983
Port St. Joe,Gulf,3969.0,1983
Ward Ridge,Gulf,112.0,1983
Wewahitchka,Gulf,1805.0,1983
Jasper,Hamilton,2133.0,1983
Jennings,Hamilton,801.0,1983
White Springs,Hamilton,746.0,1983
Bowling Green,Hardee,2305.0,1983
Wauchula,Hardee,2971.0,1983
Zolfo Springs,Hardee,1592.0,1983
Clewiston,Hendry,5411.0,1983
LaBelle,Hendry,2460.0,1983
Brooksville,Hernando,6410.0,1983
Weeki Wachee,Hernando,8.0,1983
Avon Park,Highlands,8428.0,1983
Lake Placid,Highlands,992.0,1983
Sebring,Highlands,10045.0,1983
Plant City,Hillsborough,17403.0,1983
Tampa,Hillsborough,274336.0,1983
Temple Terrace,Hillsborough,11404.0,1983
Bonifay,Holmes,2562.0,1983
Esto,Holmes,324.0,1983
Noma,Holmes,265.0,1983
Ponce de Leon,Holmes,491.0,1983
Westville,Holmes,347.0,1983
Fellsmere,Indian River,1453.0,1983
Indian River Shores,Indian River,1512.0,1983
Orchid,Indian River,23.0,1983
Sebastian,Indian River,4636.0,1983
Vero Beach,Indian River,16699.0,1983
Alford,Jackson,514.0,1983
Bascom,Jackson,130.0,1983
Campbellton,Jackson,336.0,1983
Cottondale,Jackson,1001.0,1983
Graceville,Jackson,2943.0,1983
Grand Ridge,Jackson,582.0,1983
Greenwood,Jackson,588.0,1983
Malone,Jackson,876.0,1983
Marianna,Jackson,6958.0,1983
Sneads,Jackson,1676.0,1983
Monticello,Jefferson,2948.0,1983
Mayo,Lafayette,925.0,1983
Astatula,Lake,804.0,1983
Clermont,Lake,5598.0,1983
Eustis,Lake,10312.0,1983
Fruitland Park,Lake,2521.0,1983
Groveland,Lake,2117.0,1983
Howey-in-the-Hills,Lake,662.0,1983
Lady Lake,Lake,1514.0,1983
Leesburg,Lake,13538.0,1983
Mascotte,Lake,1677.0,1983
Minneola,Lake,920.0,1983
Montverde,Lake,399.0,1983
Mount Dora,Lake,6118.0,1983
Tavares,Lake,5313.0,1983
Umatilla,Lake,1919.0,1983
Cape Coral,Lee,38899.0,1983
Fort Myers,Lee,37856.0,1983
Sanibel,Lee,3950.0,1983
Tallahassee,Leon,105577.0,1983
Bronson,Levy,918.0,1983
Cedar Key,Levy,785.0,1983
Chiefland,Levy,2083.0,1983
Inglis,Levy,1260.0,1983
Otter Creek,Levy,143.0,1983
Williston,Levy,2290.0,1983
Yankeetown,Levy,600.0,1983
Bristol,Liberty,1024.0,1983
Greenville,Madison,1005.0,1983
Lee,Madison,275.0,1983
Madison,Madison,3548.0,1983
Anna Maria,Manatee,1586.0,1983
Bradenton,Manatee,33927.0,1983
Bradenton Beach,Manatee,1611.0,1983
Holmes Beach,Manatee,4288.0,1983
Palmetto,Manatee,8879.0,1983
Longboat Key,Manatee/Sarasota,5359.0,1983
Belleview,Marion,2111.0,1983
Dunnellon,Marion,1488.0,1983
McIntosh,Marion,449.0,1983
Ocala,Marion,38636.0,1983
Reddick,Marion,619.0,1983
Jupiter Island,Martin,389.0,1983
Ocean Breeze Park,Martin,466.0,1983
Sewall's Point,Martin,1463.0,1983
Stuart,Martin,9979.0,1983
Bal Harbour,Miami-Dade,3027.0,1983
Bay Harbor Islands,Miami-Dade,4839.0,1983
Biscayne Park,Miami-Dade,3046.0,1983
Coral Gables,Miami-Dade,42772.0,1983
El Portal,Miami-Dade,2001.0,1983
Florida City,Miami-Dade,6149.0,1983
Golden Beach,Miami-Dade,613.0,1983
Hialeah,Miami-Dade,156558.0,1983
Hialeah Gardens,Miami-Dade,3327.0,1983
Homestead,Miami-Dade,21850.0,1983
Indian Creek,Miami-Dade,105.0,1983
Islandia,Miami-Dade,12.0,1983
Medley,Miami-Dade,543.0,1983
Miami,Miami-Dade,385142.0,1983
Miami Beach,Miami-Dade,98026.0,1983
Miami Shores,Miami-Dade,9192.0,1983
Miami Springs,Miami-Dade,12165.0,1983
North Bay Village,Miami-Dade,4759.0,1983
North Miami,Miami-Dade,43126.0,1983
North Miami Beach,Miami-Dade,36258.0,1983
Opa-locka,Miami-Dade,15076.0,1983
Pennsuco,Miami-Dade,18.0,1983
South Miami,Miami-Dade,10719.0,1983
Surfside,Miami-Dade,3854.0,1983
Sweetwater,Miami-Dade,9281.0,1983
Virginia Gardens,Miami-Dade,2175.0,1983
West Miami,Miami-Dade,5990.0,1983
Key Colony Beach,Monroe,1027.0,1983
Key West,Monroe,24968.0,1983
Layton,Monroe,99.0,1983
Callahan,Nassau,853.0,1983
Fernandina Beach,Nassau,7817.0,1983
Hilliard,Nassau,1982.0,1983
Cinco Bayou,Okaloosa,213.0,1983
Crestview,Okaloosa,7776.0,1983
Fort Walton Beach,Okaloosa,21560.0,1983
Laurel Hill,Okaloosa,586.0,1983
Mary Esther,Okaloosa,3877.0,1983
Niceville,Okaloosa,9254.0,1983
Shalimar,Okaloosa,412.0,1983
Valparaiso,Okaloosa,6373.0,1983
Okeechobee,Okeechobee,4343.0,1983
Apopka,Orange,6497.0,1983
Bay Lake,Orange,18.0,1983
Belle Isle,Orange,3041.0,1983
Eatonville,Orange,2160.0,1983
Edgewood,Orange,1022.0,1983
Lake Buena Vista,Orange,20.0,1983
Maitland,Orange,9113.0,1983
Oakland,Orange,650.0,1983
Ocoee,Orange,10314.0,1983
Orlando,Orange,133217.0,1983
Windermere,Orange,1347.0,1983
Winter Garden,Orange,6753.0,1983
Winter Park,Orange,23051.0,1983
Kissimmee,Osceola,18322.0,1983
St. Cloud,Osceola,9156.0,1983
Atlantis,Palm Beach,1530.0,1983
Belle Glade,Palm Beach,17057.0,1983
Boca Raton,Palm Beach,52315.0,1983
Boynton Beach,Palm Beach,38102.0,1983
Briny Breezes,Palm Beach,384.0,1983
Cloud Lake,Palm Beach,148.0,1983
Delray Beach,Palm Beach,39470.0,1983
Glen Ridge,Palm Beach,233.0,1983
Golf,Palm Beach,116.0,1983
Golfview,Palm Beach,208.0,1983
Greenacres,Palm Beach,18357.0,1983
Gulf Stream,Palm Beach,498.0,1983
Haverhill,Palm Beach,1255.0,1983
Highland Beach,Palm Beach,2466.0,1983
Hypoluxo,Palm Beach,838.0,1983
Juno Beach,Palm Beach,1588.0,1983
Jupiter,Palm Beach,14917.0,1983
Jupiter Inlet Colony,Palm Beach,400.0,1983
Lake Clarke Shores,Palm Beach,3170.0,1983
Lake Park,Palm Beach,6871.0,1983
Lake Worth Beach,Palm Beach,27189.0,1983
Lantana,Palm Beach,8387.0,1983
Manalapan,Palm Beach,355.0,1983
Mangonia Park,Palm Beach,1367.0,1983
North Palm Beach,Palm Beach,12123.0,1983
Ocean Ridge,Palm Beach,1470.0,1983
Pahokee,Palm Beach,6473.0,1983
Palm Beach,Palm Beach,10499.0,1983
Palm Beach Gardens,Palm Beach,18108.0,1983
Palm Beach Shores,Palm Beach,1248.0,1983
Palm Springs,Palm Beach,9171.0,1983
Riviera Beach,Palm Beach,26573.0,1983
Royal Palm Beach,Palm Beach,5117.0,1983
South Bay,Palm Beach,3675.0,1983
South Palm Beach,Palm Beach,1372.0,1983
Tequesta,Palm Beach,3810.0,1983
West Palm Beach,Palm Beach,63903.0,1983
Dade City,Pasco,5493.0,1983
New Port Richey,Pasco,11835.0,1983
Port Richey,Pasco,2308.0,1983
St. Leo,Pasco,947.0,1983
San Antonio,Pasco,561.0,1983
Zephyrhills,Pasco,6255.0,1983
Belleair,Pinellas,3884.0,1983
Belleair Beach,Pinellas,1720.0,1983
Belleair Bluffs,Pinellas,2520.0,1983
Belleair Shore,Pinellas,81.0,1983
Clearwater,Pinellas,91879.0,1983
Dunedin,Pinellas,31271.0,1983
Gulfport,Pinellas,11514.0,1983
Indian Rocks Beach,Pinellas,4087.0,1983
Indian Shores,Pinellas,1300.0,1983
Kenneth City,Pinellas,4300.0,1983
Largo,Pinellas,60345.0,1983
Madeira Beach,Pinellas,5025.0,1983
North Redington Beach,Pinellas,1125.0,1983
Oldsmar,Pinellas,3677.0,1983
Pinellas Park,Pinellas,35861.0,1983
Redington Beach,Pinellas,1708.0,1983
Redington Shores,Pinellas,2537.0,1983
Safety Harbor,Pinellas,9073.0,1983
St. Petersburg,Pinellas,240933.0,1983
St. Pete Beach,Pinellas,9736.0,1983
Seminole,Pinellas,4627.0,1983
South Pasadena,Pinellas,4804.0,1983
Tarpon Springs,Pinellas,14408.0,1983
Treasure Island,Pinellas,6646.0,1983
Auburndale,Polk,7286.0,1983
Bartow,Polk,15757.0,1983
Davenport,Polk,1537.0,1983
Dundee,Polk,2334.0,1983
Eagle Lake,Polk,1847.0,1983
Fort Meade,Polk,5706.0,1983
Frostproof,Polk,3109.0,1983
Haines City,Polk,11678.0,1983
Highland Park,Polk,182.0,1983
Hillcrest Heights,Polk,189.0,1983
Lake Alfred,Polk,3229.0,1983
Lake Hamilton,Polk,1531.0,1983
Lake Wales,Polk,8692.0,1983
Lakeland,Polk,54130.0,1983
Mulberry,Polk,2926.0,1983
Polk City,Polk,621.0,1983
Winter Haven,Polk,21977.0,1983
Crescent City,Putnam,1694.0,1983
Interlachen,Putnam,995.0,1983
Palatka,Putnam,10488.0,1983
Pomona Park,Putnam,820.0,1983
Welaka,Putnam,504.0,1983
Hastings,St. Johns,597.0,1983
St. Augustine,St. Johns,11944.0,1983
St. Augustine Beach,St. Johns,1981.0,1983
Fort Pierce,St. Lucie,35904.0,1983
Port St. Lucie,St. Lucie,24535.0,1983
St. Lucie Village,St. Lucie,608.0,1983
Gulf Breeze,Santa Rosa,5420.0,1983
Jay,Santa Rosa,697.0,1983
Milton,Santa Rosa,7282.0,1983
North Port,Sarasota,7661.0,1983
Sarasota,Sarasota,50157.0,1983
Venice,Sarasota,13136.0,1983
Altamonte Springs,Seminole,25859.0,1983
Casselberry,Seminole,15976.0,1983
Lake Mary,Seminole,3238.0,1983
Longwood,Seminole,11030.0,1983
Oviedo,Seminole,3249.0,1983
Sanford,Seminole,25509.0,1983
Winter Springs,Seminole,13750.0,1983
Bushnell,Sumter,1085.0,1983
Center Hill,Sumter,782.0,1983
Coleman,Sumter,955.0,1983
Webster,Sumter,724.0,1983
Wildwood,Sumter,3096.0,1983
Branford,Suwannee,629.0,1983
Live Oak,Suwannee,6939.0,1983
Perry,Taylor,8367.0,1983
Lake Butler,Union,1985.0,1983
Raiford,Union,247.0,1983
Worthington Springs,Union,261.0,1983
Daytona Beach,Volusia,55949.0,1983
Daytona Beach Shores,Volusia,1453.0,1983
DeLand,Volusia,15615.0,1983
Edgewater,Volusia,8138.0,1983
Holly Hill,Volusia,10618.0,1983
Lake Helen,Volusia,2139.0,1983
New Smyrna Beach,Volusia,13829.0,1983
Oak Hill,Volusia,957.0,1983
Orange City,Volusia,2921.0,1983
Ormond Beach,Volusia,23997.0,1983
Pierson,Volusia,1075.0,1983
Ponce Inlet,Volusia,1165.0,1983
Port Orange,Volusia,23271.0,1983
South Daytona,Volusia,11688.0,1983
St. Marks,Wakulla,311.0,1983
Sopchoppy,Wakulla,400.0,1983
DeFuniak Springs,Walton,5543.0,1983
Freeport,Walton,766.0,1983
Paxton,Walton,649.0,1983
Caryville,Washington,605.0,1983
Chipley,Washington,3414.0,1983
Ebro,Washington,221.0,1983
Vernon,Washington,927.0,1983
Wausau,Washington,340.0,1983
Incorporated Population,,5604255.0,1983
Total Population,,10591701.0,1983
Incorporated Pop. as % of Total Pop.,,0.5291175610036575,1983
Alachua,Alachua,3985.0,1982
Archer,Alachua,1215.0,1982
Gainesville,Alachua,81305.0,1982
Hawthorne,Alachua,1308.0,1982
High Springs,Alachua,2550.0,1982
La Crosse,Alachua,164.0,1982
Micanopy,Alachua,780.0,1982
Newberry,Alachua,1827.0,1982
Waldo,Alachua,1007.0,1982
Glen St. Mary,Baker,468.0,1982
Macclenny,Baker,3952.0,1982
Callaway,Bay,8273.0,1982
Cedar Grove,Bay,1274.0,1982
Lynn Haven,Bay,7196.0,1982
Mexico Beach,Bay,871.0,1982
Panama City,Bay,34251.0,1982
Panama City Beach,Bay,2407.0,1982
Parker,Bay,4422.0,1982
Springfield,Bay,7422.0,1982
Brooker,Bradford,410.0,1982
Hampton,Bradford,471.0,1982
Lawtey,Bradford,719.0,1982
Starke,Bradford,5199.0,1982
Cape Canaveral,Brevard,6289.0,1982
Cocoa,Brevard,16409.0,1982
Cocoa Beach,Brevard,11896.0,1982
Indialantic,Brevard,3015.0,1982
Indian Harbour Beach,Brevard,6538.0,1982
Malabar,Brevard,1257.0,1982
Melbourne,Brevard,48686.0,1982
Melbourne Beach,Brevard,2973.0,1982
Melbourne Village,Brevard,1016.0,1982
Palm Bay,Brevard,25290.0,1982
Palm Shores,Brevard,87.0,1982
Rockledge,Brevard,12368.0,1982
Satellite Beach,Brevard,9578.0,1982
Titusville,Brevard,34269.0,1982
West Melbourne,Brevard,5579.0,1982
Coconut Creek,Broward,9816.0,1982
Cooper City,Broward,11526.0,1982
Coral Springs,Broward,44272.0,1982
Dania Beach,Broward,12222.0,1982
Davie,Broward,30006.0,1982
Deerfield Beach,Broward,41232.0,1982
Fort Lauderdale,Broward,153167.0,1982
Hacienda Village,Broward,128.0,1982
Hallandale Beach,Broward,37413.0,1982
Hillsboro Beach,Broward,1562.0,1982
Hollywood,Broward,122680.0,1982
Lauderdale Lakes,Broward,26286.0,1982
Lauderdale-By-The-Sea,Broward,2628.0,1982
Lauderhill,Broward,37997.0,1982
Lazy Lake,Broward,31.0,1982
Lighthouse Point,Broward,11474.0,1982
Margate,Broward,38388.0,1982
Miramar,Broward,34276.0,1982
North Lauderdale,Broward,20006.0,1982
Oakland Park,Broward,23343.0,1982
Parkland,Broward,735.0,1982
Pembroke Park,Broward,6014.0,1982
Pembroke Pines,Broward,41784.0,1982
Plantation,Broward,51476.0,1982
Pompano Beach,Broward,56704.0,1982
Sea Ranch Lakes,Broward,584.0,1982
Sunrise,Broward,44022.0,1982
Tamarac,Broward,31158.0,1982
Wilton Manors,Broward,12629.0,1982
Altha,Calhoun,486.0,1982
Blountstown,Calhoun,2623.0,1982
Punta Gorda,Charlotte,7953.0,1982
Crystal River,Citrus,3337.0,1982
Inverness,Citrus,4343.0,1982
Green Cove Springs,Clay,4126.0,1982
Keystone Heights,Clay,1075.0,1982
Orange Park,Clay,9079.0,1982
Penney Farms,Clay,643.0,1982
Everglades,Collier,524.0,1982
Naples,Collier,18103.0,1982
Fort White,Columbia,386.0,1982
Lake City,Columbia,9234.0,1982
Arcadia,De Soto,5986.0,1982
Cross City,Dixie,2158.0,1982
Horseshoe Beach,Dixie,330.0,1982
Atlantic Beach,Duval,8238.0,1982
Baldwin,Duval,1609.0,1982
Jacksonville,Duval,548711.0,1982
Jacksonville Beach,Duval,16518.0,1982
Neptune Beach,Duval,5661.0,1982
Century,Escambia,2207.0,1982
Pensacola,Escambia,58636.0,1982
Beverly Beach,Flagler,258.0,1982
Bunnell,Flagler,1839.0,1982
Flagler Beach,Flagler,2462.0,1982
Marineland,Flagler/St. Johns,6.0,1982
Apalachicola,Franklin,2558.0,1982
Carrabelle,Franklin,1309.0,1982
Chattahoochee,Gadsden,5276.0,1982
Greensboro,Gadsden,562.0,1982
Gretna,Gadsden,1557.0,1982
Havana,Gadsden,2784.0,1982
Quincy,Gadsden,8661.0,1982
Bell,Gilchrist,227.0,1982
Trenton,Gilchrist,1202.0,1982
Fanning Springs,Gilchrist/Levy,333.0,1982
Moore Haven,Glades,1300.0,1982
Port St. Joe,Gulf,3961.0,1982
Ward Ridge,Gulf,113.0,1982
Wewahitchka,Gulf,1765.0,1982
Jasper,Hamilton,2100.0,1982
Jennings,Hamilton,784.0,1982
White Springs,Hamilton,755.0,1982
Bowling Green,Hardee,2377.0,1982
Wauchula,Hardee,3001.0,1982
Zolfo Springs,Hardee,1578.0,1982
Clewiston,Hendry,5292.0,1982
LaBelle,Hendry,2459.0,1982
Brooksville,Hernando,6202.0,1982
Weeki Wachee,Hernando,8.0,1982
Avon Park,Highlands,8129.0,1982
Lake Placid,Highlands,962.0,1982
Sebring,Highlands,9816.0,1982
Plant City,Hillsborough,17179.0,1982
Tampa,Hillsborough,271977.0,1982
Temple Terrace,Hillsborough,11415.0,1982
Bonifay,Holmes,2571.0,1982
Esto,Holmes,327.0,1982
Noma,Holmes,268.0,1982
Ponce de Leon,Holmes,488.0,1982
Westville,Holmes,359.0,1982
Fellsmere,Indian River,1354.0,1982
Indian River Shores,Indian River,1488.0,1982
Orchid,Indian River,23.0,1982
Sebastian,Indian River,4225.0,1982
Vero Beach,Indian River,16398.0,1982
Alford,Jackson,516.0,1982
Bascom,Jackson,130.0,1982
Campbellton,Jackson,342.0,1982
Cottondale,Jackson,1037.0,1982
Graceville,Jackson,2935.0,1982
Grand Ridge,Jackson,592.0,1982
Greenwood,Jackson,588.0,1982
Malone,Jackson,878.0,1982
Marianna,Jackson,6942.0,1982
Sneads,Jackson,1696.0,1982
Monticello,Jefferson,2945.0,1982
Mayo,Lafayette,874.0,1982
Astatula,Lake,764.0,1982
Clermont,Lake,5476.0,1982
Eustis,Lake,10088.0,1982
Fruitland Park,Lake,2483.0,1982
Groveland,Lake,2117.0,1982
Howey-in-the-Hills,Lake,627.0,1982
Lady Lake,Lake,1395.0,1982
Leesburg,Lake,13476.0,1982
Mascotte,Lake,1667.0,1982
Minneola,Lake,911.0,1982
Montverde,Lake,398.0,1982
Mount Dora,Lake,6091.0,1982
Tavares,Lake,5239.0,1982
Umatilla,Lake,1864.0,1982
Cape Coral,Lee,37076.0,1982
Fort Myers,Lee,37709.0,1982
Sanibel,Lee,3820.0,1982
Tallahassee,Leon,95827.0,1982
Bronson,Levy,924.0,1982
Cedar Key,Levy,732.0,1982
Chiefland,Levy,2082.0,1982
Inglis,Levy,1228.0,1982
Otter Creek,Levy,175.0,1982
Williston,Levy,2347.0,1982
Yankeetown,Levy,625.0,1982
Bristol,Liberty,1076.0,1982
Greenville,Madison,1023.0,1982
Lee,Madison,283.0,1982
Madison,Madison,3572.0,1982
Anna Maria,Manatee,1578.0,1982
Bradenton,Manatee,33620.0,1982
Bradenton Beach,Manatee,1603.0,1982
Holmes Beach,Manatee,4228.0,1982
Palmetto,Manatee,8781.0,1982
Longboat Key,Manatee/Sarasota,5227.0,1982
Belleview,Marion,2064.0,1982
Dunnellon,Marion,1492.0,1982
McIntosh,Marion,415.0,1982
Ocala,Marion,38497.0,1982
Reddick,Marion,633.0,1982
Jupiter Island,Martin,383.0,1982
Ocean Breeze Park,Martin,469.0,1982
Sewall's Point,Martin,1345.0,1982
Stuart,Martin,9858.0,1982
Bal Harbour,Miami-Dade,2979.0,1982
Bay Harbor Islands,Miami-Dade,4843.0,1982
Biscayne Park,Miami-Dade,3063.0,1982
Coral Gables,Miami-Dade,43398.0,1982
El Portal,Miami-Dade,2028.0,1982
Florida City,Miami-Dade,6220.0,1982
Golden Beach,Miami-Dade,617.0,1982
Hialeah,Miami-Dade,155579.0,1982
Hialeah Gardens,Miami-Dade,3020.0,1982
Homestead,Miami-Dade,21209.0,1982
Indian Creek,Miami-Dade,105.0,1982
Islandia,Miami-Dade,12.0,1982
Medley,Miami-Dade,558.0,1982
Miami,Miami-Dade,386302.0,1982
Miami Beach,Miami-Dade,97335.0,1982
Miami Shores,Miami-Dade,9239.0,1982
Miami Springs,Miami-Dade,12248.0,1982
North Bay Village,Miami-Dade,4714.0,1982
North Miami,Miami-Dade,43575.0,1982
North Miami Beach,Miami-Dade,36389.0,1982
Opa-locka,Miami-Dade,15415.0,1982
Pennsuco,Miami-Dade,18.0,1982
South Miami,Miami-Dade,10843.0,1982
Surfside,Miami-Dade,3775.0,1982
Sweetwater,Miami-Dade,9093.0,1982
Virginia Gardens,Miami-Dade,2210.0,1982
West Miami,Miami-Dade,6142.0,1982
Key Colony Beach,Monroe,1008.0,1982
Key West,Monroe,24864.0,1982
Layton,Monroe,94.0,1982
Callahan,Nassau,872.0,1982
Fernandina Beach,Nassau,7622.0,1982
Hilliard,Nassau,2008.0,1982
Cinco Bayou,Okaloosa,223.0,1982
Crestview,Okaloosa,7680.0,1982
Fort Walton Beach,Okaloosa,21471.0,1982
Laurel Hill,Okaloosa,595.0,1982
Mary Esther,Okaloosa,3848.0,1982
Niceville,Okaloosa,9100.0,1982
Shalimar,Okaloosa,405.0,1982
Valparaiso,Okaloosa,6192.0,1982
Okeechobee,Okeechobee,4348.0,1982
Apopka,Orange,6404.0,1982
Bay Lake,Orange,18.0,1982
Belle Isle,Orange,3023.0,1982
Eatonville,Orange,2137.0,1982
Edgewood,Orange,1012.0,1982
Lake Buena Vista,Orange,20.0,1982
Maitland,Orange,8949.0,1982
Oakland,Orange,658.0,1982
Ocoee,Orange,9659.0,1982
Orlando,Orange,132200.0,1982
Windermere,Orange,1321.0,1982
Winter Garden,Orange,6750.0,1982
Winter Park,Orange,22560.0,1982
Kissimmee,Osceola,17283.0,1982
St. Cloud,Osceola,8603.0,1982
Atlantis,Palm Beach,1517.0,1982
Belle Glade,Palm Beach,16928.0,1982
Boca Raton,Palm Beach,51302.0,1982
Boynton Beach,Palm Beach,37532.0,1982
Briny Breezes,Palm Beach,381.0,1982
Cloud Lake,Palm Beach,145.0,1982
Delray Beach,Palm Beach,38530.0,1982
Glen Ridge,Palm Beach,235.0,1982
Golf,Palm Beach,114.0,1982
Golfview,Palm Beach,205.0,1982
Greenacres,Palm Beach,16515.0,1982
Gulf Stream,Palm Beach,481.0,1982
Haverhill,Palm Beach,1257.0,1982
Highland Beach,Palm Beach,2354.0,1982
Hypoluxo,Palm Beach,773.0,1982
Juno Beach,Palm Beach,1241.0,1982
Jupiter,Palm Beach,13274.0,1982
Jupiter Inlet Colony,Palm Beach,400.0,1982
Lake Clarke Shores,Palm Beach,3184.0,1982
Lake Park,Palm Beach,6900.0,1982
Lake Worth Beach,Palm Beach,27066.0,1982
Lantana,Palm Beach,8355.0,1982
Manalapan,Palm Beach,348.0,1982
Mangonia Park,Palm Beach,1377.0,1982
North Palm Beach,Palm Beach,12005.0,1982
Ocean Ridge,Palm Beach,1438.0,1982
Pahokee,Palm Beach,6363.0,1982
Palm Beach,Palm Beach,10391.0,1982
Palm Beach Gardens,Palm Beach,17673.0,1982
Palm Beach Shores,Palm Beach,1243.0,1982
Palm Springs,Palm Beach,9146.0,1982
Riviera Beach,Palm Beach,26634.0,1982
Royal Palm Beach,Palm Beach,4712.0,1982
South Bay,Palm Beach,3702.0,1982
South Palm Beach,Palm Beach,1340.0,1982
Tequesta,Palm Beach,3828.0,1982
West Palm Beach,Palm Beach,64090.0,1982
Dade City,Pasco,5046.0,1982
New Port Richey,Pasco,11575.0,1982
Port Richey,Pasco,2249.0,1982
St. Leo,Pasco,962.0,1982
San Antonio,Pasco,554.0,1982
Zephyrhills,Pasco,5928.0,1982
Belleair,Pinellas,3802.0,1982
Belleair Beach,Pinellas,1714.0,1982
Belleair Bluffs,Pinellas,2509.0,1982
Belleair Shore,Pinellas,81.0,1982
Clearwater,Pinellas,89707.0,1982
Dunedin,Pinellas,30918.0,1982
Gulfport,Pinellas,11299.0,1982
Indian Rocks Beach,Pinellas,3938.0,1982
Indian Shores,Pinellas,1175.0,1982
Kenneth City,Pinellas,4289.0,1982
Largo,Pinellas,59839.0,1982
Madeira Beach,Pinellas,4938.0,1982
North Redington Beach,Pinellas,1156.0,1982
Oldsmar,Pinellas,3336.0,1982
Pinellas Park,Pinellas,35111.0,1982
Redington Beach,Pinellas,1715.0,1982
Redington Shores,Pinellas,2436.0,1982
Safety Harbor,Pinellas,8357.0,1982
St. Petersburg,Pinellas,240692.0,1982
St. Pete Beach,Pinellas,9523.0,1982
Seminole,Pinellas,4543.0,1982
South Pasadena,Pinellas,4734.0,1982
Tarpon Springs,Pinellas,14016.0,1982
Treasure Island,Pinellas,6527.0,1982
Auburndale,Polk,7255.0,1982
Bartow,Polk,15568.0,1982
Davenport,Polk,1517.0,1982
Dundee,Polk,2304.0,1982
Eagle Lake,Polk,1820.0,1982
Fort Meade,Polk,5692.0,1982
Frostproof,Polk,3006.0,1982
Haines City,Polk,11488.0,1982
Highland Park,Polk,184.0,1982
Hillcrest Heights,Polk,179.0,1982
Lake Alfred,Polk,3256.0,1982
Lake Hamilton,Polk,1526.0,1982
Lake Wales,Polk,8687.0,1982
Lakeland,Polk,50389.0,1982
Mulberry,Polk,2942.0,1982
Polk City,Polk,616.0,1982
Winter Haven,Polk,21499.0,1982
Crescent City,Putnam,1701.0,1982
Interlachen,Putnam,914.0,1982
Palatka,Putnam,10471.0,1982
Pomona Park,Putnam,793.0,1982
Welaka,Putnam,504.0,1982
Hastings,St. Johns,614.0,1982
St. Augustine,St. Johns,11970.0,1982
St. Augustine Beach,St. Johns,1801.0,1982
Fort Pierce,St. Lucie,34943.0,1982
Port St. Lucie,St. Lucie,22887.0,1982
St. Lucie Village,St. Lucie,609.0,1982
Gulf Breeze,Santa Rosa,5479.0,1982
Jay,Santa Rosa,635.0,1982
Milton,Santa Rosa,7230.0,1982
North Port,Sarasota,7208.0,1982
Sarasota,Sarasota,49492.0,1982
Venice,Sarasota,12886.0,1982
Altamonte Springs,Seminole,24769.0,1982
Casselberry,Seminole,15968.0,1982
Lake Mary,Seminole,3140.0,1982
Longwood,Seminole,10845.0,1982
Oviedo,Seminole,3201.0,1982
Sanford,Seminole,24731.0,1982
Winter Springs,Seminole,12601.0,1982
Bushnell,Sumter,1083.0,1982
Center Hill,Sumter,784.0,1982
Coleman,Sumter,993.0,1982
Webster,Sumter,773.0,1982
Wildwood,Sumter,2986.0,1982
Branford,Suwannee,651.0,1982
Live Oak,Suwannee,6906.0,1982
Perry,Taylor,8317.0,1982
Lake Butler,Union,1973.0,1982
Raiford,Union,259.0,1982
Worthington Springs,Union,220.0,1982
Daytona Beach,Volusia,54982.0,1982
Daytona Beach Shores,Volusia,1450.0,1982
DeLand,Volusia,15435.0,1982
Edgewater,Volusia,7846.0,1982
Holly Hill,Volusia,10481.0,1982
Lake Helen,Volusia,2128.0,1982
New Smyrna Beach,Volusia,13653.0,1982
Oak Hill,Volusia,931.0,1982
Orange City,Volusia,2914.0,1982
Ormond Beach,Volusia,23463.0,1982
Pierson,Volusia,1071.0,1982
Ponce Inlet,Volusia,1153.0,1982
Port Orange,Volusia,22332.0,1982
South Daytona,Volusia,11576.0,1982
St. Marks,Wakulla,305.0,1982
Sopchoppy,Wakulla,429.0,1982
DeFuniak Springs,Walton,5592.0,1982
Freeport,Walton,748.0,1982
Paxton,Walton,665.0,1982
Caryville,Washington,630.0,1982
Chipley,Washington,3456.0,1982
Ebro,Washington,234.0,1982
Vernon,Washington,909.0,1982
Wausau,Washington,350.0,1982
Incorporated Population,,5519224.0,1982
Total Population,,10375332.0,1982
Incorporated Pop. as % of Total Pop.,,0.5319563749863618,1982
Alachua,Alachua,3772.0,1981
Archer,Alachua,1233.0,1981
Gainesville,Alachua,81498.0,1981
Hawthorne,Alachua,1311.0,1981
High Springs,Alachua,2482.0,1981
La Crosse,Alachua,152.0,1981
Micanopy,Alachua,740.0,1981
Newberry,Alachua,1820.0,1981
Waldo,Alachua,993.0,1981
Glen St. Mary,Baker,467.0,1981
Macclenny,Baker,3935.0,1981
Callaway,Bay,7797.0,1981
Cedar Grove,Bay,1178.0,1981
Lynn Haven,Bay,6750.0,1981
Mexico Beach,Bay,825.0,1981
Panama City,Bay,33714.0,1981
Panama City Beach,Bay,2249.0,1981
Parker,Bay,4375.0,1981
Springfield,Bay,7354.0,1981
Brooker,Bradford,429.0,1981
Hampton,Bradford,470.0,1981
Lawtey,Bradford,713.0,1981
Starke,Bradford,5308.0,1981
Cape Canaveral,Brevard,5844.0,1981
Cocoa,Brevard,16215.0,1981
Cocoa Beach,Brevard,11363.0,1981
Indialantic,Brevard,2886.0,1981
Indian Harbour Beach,Brevard,6214.0,1981
Malabar,Brevard,1190.0,1981
Melbourne,Brevard,47380.0,1981
Melbourne Beach,Brevard,2810.0,1981
Melbourne Village,Brevard,1012.0,1981
Palm Bay,Brevard,21720.0,1981
Palm Shores,Brevard,83.0,1981
Rockledge,Brevard,12029.0,1981
Satellite Beach,Brevard,9283.0,1981
Titusville,Brevard,32063.0,1981
West Melbourne,Brevard,5319.0,1981
Coconut Creek,Broward,8527.0,1981
Cooper City,Broward,11053.0,1981
Coral Springs,Broward,40849.0,1981
Dania Beach,Broward,12151.0,1981
Davie,Broward,22756.0,1981
Deerfield Beach,Broward,40138.0,1981
Fort Lauderdale,Broward,153814.0,1981
Hacienda Village,Broward,126.0,1981
Hallandale Beach,Broward,36873.0,1981
Hillsboro Beach,Broward,1562.0,1981
Hollywood,Broward,121955.0,1981
Lauderdale Lakes,Broward,25538.0,1981
Lauderdale-By-The-Sea,Broward,2622.0,1981
Lauderhill,Broward,37893.0,1981
Lazy Lake,Broward,32.0,1981
Lighthouse Point,Broward,11421.0,1981
Margate,Broward,37596.0,1981
Miramar,Broward,33332.0,1981
North Lauderdale,Broward,19320.0,1981
Oakland Park,Broward,23100.0,1981
Parkland,Broward,658.0,1981
Pembroke Park,Broward,5361.0,1981
Pembroke Pines,Broward,40070.0,1981
Plantation,Broward,50420.0,1981
Pompano Beach,Broward,55911.0,1981
Sea Ranch Lakes,Broward,584.0,1981
Sunrise,Broward,42406.0,1981
Tamarac,Broward,30104.0,1981
Wilton Manors,Broward,12658.0,1981
Altha,Calhoun,489.0,1981
Blountstown,Calhoun,2634.0,1981
Punta Gorda,Charlotte,7348.0,1981
Crystal River,Citrus,2806.0,1981
Inverness,Citrus,4256.0,1981
Green Cove Springs,Clay,4136.0,1981
Keystone Heights,Clay,1067.0,1981
Orange Park,Clay,8896.0,1981
Penney Farms,Clay,630.0,1981
Everglades,Collier,519.0,1981
Naples,Collier,17972.0,1981
Fort White,Columbia,386.0,1981
Lake City,Columbia,9173.0,1981
Arcadia,De Soto,6007.0,1981
Cross City,Dixie,2158.0,1981
Horseshoe Beach,Dixie,330.0,1981
Atlantic Beach,Duval,7860.0,1981
Baldwin,Duval,1644.0,1981
Jacksonville,Duval,545031.0,1981
Jacksonville Beach,Duval,15977.0,1981
Neptune Beach,Duval,5372.0,1981
Century,Escambia,2094.0,1981
Pensacola,Escambia,57934.0,1981
Beverly Beach,Flagler,236.0,1981
Bunnell,Flagler,1798.0,1981
Flagler Beach,Flagler,2331.0,1981
Painters Hill,Flagler,40.0,1981
Marineland,Flagler/St. Johns,6.0,1981
Apalachicola,Franklin,2561.0,1981
Carrabelle,Franklin,1297.0,1981
Chattahoochee,Gadsden,5330.0,1981
Greensboro,Gadsden,562.0,1981
Gretna,Gadsden,1448.0,1981
Havana,Gadsden,2802.0,1981
Quincy,Gadsden,8601.0,1981
Bell,Gilchrist,227.0,1981
Trenton,Gilchrist,1159.0,1981
Fanning Springs,Gilchrist/Levy,327.0,1981
Moore Haven,Glades,1250.0,1981
Port St. Joe,Gulf,3984.0,1981
Ward Ridge,Gulf,120.0,1981
Wewahitchka,Gulf,1742.0,1981
Jasper,Hamilton,2080.0,1981
Jennings,Hamilton,774.0,1981
White Springs,Hamilton,748.0,1981
Bowling Green,Hardee,2411.0,1981
Wauchula,Hardee,3022.0,1981
Zolfo Springs,Hardee,1513.0,1981
Clewiston,Hendry,5341.0,1981
LaBelle,Hendry,2346.0,1981
Brooksville,Hernando,5887.0,1981
Weeki Wachee,Hernando,8.0,1981
Avon Park,Highlands,8105.0,1981
Lake Placid,Highlands,983.0,1981
Sebring,Highlands,9128.0,1981
Plant City,Hillsborough,19308.0,1981
Tampa,Hillsborough,271174.0,1981
Temple Terrace,Hillsborough,11252.0,1981
Bonifay,Holmes,2547.0,1981
Esto,Holmes,320.0,1981
Noma,Holmes,123.0,1981
Ponce de Leon,Holmes,466.0,1981
Westville,Holmes,359.0,1981
Fellsmere,Indian River,1250.0,1981
Indian River Shores,Indian River,1463.0,1981
Orchid,Indian River,23.0,1981
Sebastian,Indian River,3520.0,1981
Vero Beach,Indian River,16251.0,1981
Alford,Jackson,548.0,1981
Bascom,Jackson,134.0,1981
Campbellton,Jackson,342.0,1981
Cottondale,Jackson,1056.0,1981
Graceville,Jackson,3013.0,1981
Grand Ridge,Jackson,605.0,1981
Greenwood,Jackson,591.0,1981
Malone,Jackson,897.0,1981
Marianna,Jackson,6937.0,1981
Sneads,Jackson,1706.0,1981
Monticello,Jefferson,2965.0,1981
Mayo,Lafayette,892.0,1981
Astatula,Lake,755.0,1981
Clermont,Lake,5485.0,1981
Eustis,Lake,9849.0,1981
Fruitland Park,Lake,2438.0,1981
Groveland,Lake,2068.0,1981
Howey-in-the-Hills,Lake,629.0,1981
Lady Lake,Lake,1279.0,1981
Leesburg,Lake,13260.0,1981
Mascotte,Lake,1112.0,1981
Minneola,Lake,855.0,1981
Montverde,Lake,397.0,1981
Mount Dora,Lake,6028.0,1981
Tavares,Lake,4565.0,1981
Umatilla,Lake,1872.0,1981
Cape Coral,Lee,35037.0,1981
Fort Myers,Lee,36793.0,1981
Sanibel,Lee,3642.0,1981
Tallahassee,Leon,91568.0,1981
Bronson,Levy,873.0,1981
Cedar Key,Levy,732.0,1981
Chiefland,Levy,2021.0,1981
Inglis,Levy,1209.0,1981
Otter Creek,Levy,175.0,1981
Williston,Levy,2290.0,1981
Yankeetown,Levy,621.0,1981
Bristol,Liberty,1076.0,1981
Greenville,Madison,1086.0,1981
Lee,Madison,288.0,1981
Madison,Madison,3605.0,1981
Anna Maria,Manatee,1551.0,1981
Bradenton,Manatee,32924.0,1981
Bradenton Beach,Manatee,1595.0,1981
Holmes Beach,Manatee,4120.0,1981
Palmetto,Manatee,8681.0,1981
Longboat Key,Manatee/Sarasota,5052.0,1981
Belleview,Marion,1985.0,1981
Dunnellon,Marion,1451.0,1981
McIntosh,Marion,406.0,1981
Ocala,Marion,37489.0,1981
Reddick,Marion,634.0,1981
Jupiter Island,Martin,378.0,1981
Ocean Breeze Park,Martin,469.0,1981
Sewall's Point,Martin,1272.0,1981
Stuart,Martin,9583.0,1981
Bal Harbour,Miami-Dade,3001.0,1981
Bay Harbor Islands,Miami-Dade,4876.0,1981
Biscayne Park,Miami-Dade,3088.0,1981
Coral Gables,Miami-Dade,43647.0,1981
El Portal,Miami-Dade,2051.0,1981
Florida City,Miami-Dade,6266.0,1981
Golden Beach,Miami-Dade,612.0,1981
Hialeah,Miami-Dade,159887.0,1981
Hialeah Gardens,Miami-Dade,2752.0,1981
Homestead,Miami-Dade,20933.0,1981
Indian Creek,Miami-Dade,103.0,1981
Islandia,Miami-Dade,12.0,1981
Medley,Miami-Dade,566.0,1981
Miami,Miami-Dade,387357.0,1981
Miami Beach,Miami-Dade,98121.0,1981
Miami Shores,Miami-Dade,9248.0,1981
Miami Springs,Miami-Dade,12337.0,1981
North Bay Village,Miami-Dade,4802.0,1981
North Miami,Miami-Dade,42982.0,1981
North Miami Beach,Miami-Dade,36653.0,1981
Opa-locka,Miami-Dade,14781.0,1981
Pennsuco,Miami-Dade,15.0,1981
South Miami,Miami-Dade,11029.0,1981
Surfside,Miami-Dade,3723.0,1981
Sweetwater,Miami-Dade,8674.0,1981
Virginia Gardens,Miami-Dade,2186.0,1981
West Miami,Miami-Dade,6160.0,1981
Key Colony Beach,Monroe,1007.0,1981
Key West,Monroe,24709.0,1981
Layton,Monroe,91.0,1981
Callahan,Nassau,871.0,1981
Fernandina Beach,Nassau,7344.0,1981
Hilliard,Nassau,1965.0,1981
Cinco Bayou,Okaloosa,230.0,1981
Crestview,Okaloosa,7641.0,1981
Fort Walton Beach,Okaloosa,20987.0,1981
Laurel Hill,Okaloosa,610.0,1981
Mary Esther,Okaloosa,3653.0,1981
Niceville,Okaloosa,8793.0,1981
Shalimar,Okaloosa,386.0,1981
Valparaiso,Okaloosa,6168.0,1981
Okeechobee,Okeechobee,4274.0,1981
Apopka,Orange,6245.0,1981
Bay Lake,Orange,18.0,1981
Belle Isle,Orange,2904.0,1981
Eatonville,Orange,2197.0,1981
Edgewood,Orange,1034.0,1981
Lake Buena Vista,Orange,20.0,1981
Maitland,Orange,8849.0,1981
Oakland,Orange,658.0,1981
Ocoee,Orange,8456.0,1981
Orlando,Orange,130403.0,1981
Windermere,Orange,1319.0,1981
Winter Garden,Orange,6815.0,1981
Winter Park,Orange,22297.0,1981
Kissimmee,Osceola,16866.0,1981
St. Cloud,Osceola,8050.0,1981
Atlantis,Palm Beach,1454.0,1981
Belle Glade,Palm Beach,16922.0,1981
Boca Raton,Palm Beach,50408.0,1981
Boynton Beach,Palm Beach,36489.0,1981
Briny Breezes,Palm Beach,387.0,1981
Cloud Lake,Palm Beach,160.0,1981
Delray Beach,Palm Beach,36476.0,1981
Glen Ridge,Palm Beach,238.0,1981
Golf,Palm Beach,113.0,1981
Golfview,Palm Beach,211.0,1981
Greenacres,Palm Beach,13123.0,1981
Gulf Stream,Palm Beach,478.0,1981
Haverhill,Palm Beach,1249.0,1981
Highland Beach,Palm Beach,2065.0,1981
Hypoluxo,Palm Beach,652.0,1981
Juno Beach,Palm Beach,1142.0,1981
Jupiter,Palm Beach,10897.0,1981
Jupiter Inlet Colony,Palm Beach,382.0,1981
Lake Clarke Shores,Palm Beach,3179.0,1981
Lake Park,Palm Beach,6916.0,1981
Lake Worth Beach,Palm Beach,27111.0,1981
Lantana,Palm Beach,8214.0,1981
Manalapan,Palm Beach,335.0,1981
Mangonia Park,Palm Beach,1419.0,1981
North Palm Beach,Palm Beach,11393.0,1981
Ocean Ridge,Palm Beach,1390.0,1981
Pahokee,Palm Beach,6388.0,1981
Palm Beach,Palm Beach,10090.0,1981
Palm Beach Gardens,Palm Beach,16153.0,1981
Palm Beach Shores,Palm Beach,1233.0,1981
Palm Springs,Palm Beach,8964.0,1981
Riviera Beach,Palm Beach,26591.0,1981
Royal Palm Beach,Palm Beach,4162.0,1981
South Bay,Palm Beach,3780.0,1981
South Palm Beach,Palm Beach,1345.0,1981
Tequesta,Palm Beach,3750.0,1981
West Palm Beach,Palm Beach,63996.0,1981
Dade City,Pasco,4910.0,1981
New Port Richey,Pasco,11410.0,1981
Port Richey,Pasco,2221.0,1981
St. Leo,Pasco,920.0,1981
San Antonio,Pasco,531.0,1981
Zephyrhills,Pasco,5859.0,1981
Belleair,Pinellas,3778.0,1981
Belleair Beach,Pinellas,1661.0,1981
Belleair Bluffs,Pinellas,2522.0,1981
Belleair Shore,Pinellas,80.0,1981
Clearwater,Pinellas,87859.0,1981
Dunedin,Pinellas,30803.0,1981
Gulfport,Pinellas,11299.0,1981
Indian Rocks Beach,Pinellas,3890.0,1981
Indian Shores,Pinellas,1070.0,1981
Kenneth City,Pinellas,4273.0,1981
Largo,Pinellas,59341.0,1981
Madeira Beach,Pinellas,4787.0,1981
North Redington Beach,Pinellas,1215.0,1981
Oldsmar,Pinellas,3023.0,1981
Pinellas Park,Pinellas,33833.0,1981
Redington Beach,Pinellas,1713.0,1981
Redington Shores,Pinellas,2292.0,1981
Safety Harbor,Pinellas,7427.0,1981
St. Petersburg,Pinellas,239993.0,1981
St. Pete Beach,Pinellas,9425.0,1981
Seminole,Pinellas,4590.0,1981
South Pasadena,Pinellas,4506.0,1981
Tarpon Springs,Pinellas,13509.0,1981
Treasure Island,Pinellas,6402.0,1981
Auburndale,Polk,6905.0,1981
Bartow,Polk,15249.0,1981
Davenport,Polk,1518.0,1981
Dundee,Polk,2289.0,1981
Eagle Lake,Polk,1744.0,1981
Fort Meade,Polk,5767.0,1981
Frostproof,Polk,3015.0,1981
Haines City,Polk,11120.0,1981
Highland Park,Polk,184.0,1981
Hillcrest Heights,Polk,186.0,1981
Lake Alfred,Polk,3134.0,1981
Lake Hamilton,Polk,1552.0,1981
Lake Wales,Polk,8566.0,1981
Lakeland,Polk,49169.0,1981
Mulberry,Polk,2969.0,1981
Polk City,Polk,576.0,1981
Winter Haven,Polk,21241.0,1981
Crescent City,Putnam,1722.0,1981
Interlachen,Putnam,884.0,1981
Palatka,Putnam,10175.0,1981
Pomona Park,Putnam,804.0,1981
Welaka,Putnam,495.0,1981
Hastings,St. Johns,636.0,1981
St. Augustine,St. Johns,11952.0,1981
St. Augustine Beach,St. Johns,1541.0,1981
Fort Pierce,St. Lucie,34613.0,1981
Port St. Lucie,St. Lucie,19288.0,1981
St. Lucie Village,St. Lucie,594.0,1981
Gulf Breeze,Santa Rosa,5485.0,1981
Jay,Santa Rosa,633.0,1981
Milton,Santa Rosa,7280.0,1981
North Port,Sarasota,6807.0,1981
Sarasota,Sarasota,49154.0,1981
Venice,Sarasota,12568.0,1981
Altamonte Springs,Seminole,22792.0,1981
Casselberry,Seminole,15239.0,1981
Lake Mary,Seminole,3029.0,1981
Longwood,Seminole,10604.0,1981
Oviedo,Seminole,3151.0,1981
Sanford,Seminole,23774.0,1981
Winter Springs,Seminole,11543.0,1981
Bushnell,Sumter,1081.0,1981
Center Hill,Sumter,773.0,1981
Coleman,Sumter,1022.0,1981
Webster,Sumter,856.0,1981
Wildwood,Sumter,2796.0,1981
Branford,Suwannee,629.0,1981
Live Oak,Suwannee,6807.0,1981
Perry,Taylor,8254.0,1981
Lake Butler,Union,1839.0,1981
Raiford,Union,259.0,1981
Worthington Springs,Union,224.0,1981
Daytona Beach,Volusia,54357.0,1981
Daytona Beach Shores,Volusia,1403.0,1981
DeLand,Volusia,15411.0,1981
Edgewater,Volusia,7341.0,1981
Holly Hill,Volusia,10377.0,1981
Lake Helen,Volusia,2137.0,1981
New Smyrna Beach,Volusia,13603.0,1981
Oak Hill,Volusia,949.0,1981
Orange City,Volusia,2893.0,1981
Ormond Beach,Volusia,22281.0,1981
Pierson,Volusia,1085.0,1981
Ponce Inlet,Volusia,1124.0,1981
Port Orange,Volusia,20359.0,1981
South Daytona,Volusia,11413.0,1981
St. Marks,Wakulla,270.0,1981
Sopchoppy,Wakulla,444.0,1981
DeFuniak Springs,Walton,5636.0,1981
Freeport,Walton,723.0,1981
Paxton,Walton,665.0,1981
Caryville,Washington,624.0,1981
Chipley,Washington,3395.0,1981
Ebro,Washington,233.0,1981
Vernon,Washington,905.0,1981
Wausau,Washington,347.0,1981
Incorporated Population,,5421213.0,1981
Total Population,,10105957.0,1981
Incorporated Pop. as % of Total Pop.,,0.5364373705528334,1981
Alachua,Alachua,3015.0,1979
Archer,Alachua,1106.0,1979
Gainesville,Alachua,80239.0,1979
Hawthorne,Alachua,1305.0,1979
High Springs,Alachua,2871.0,1979
La Crosse,Alachua,350.0,1979
Micanopy,Alachua,791.0,1979
Newberry,Alachua,1580.0,1979
Waldo,Alachua,1034.0,1979
Glen St. Mary,Baker,440.0,1979
Macclenny,Baker,3409.0,1979
Callaway,Bay,6789.0,1979
Cedar Grove,Bay,1054.0,1979
Lynn Haven,Bay,5563.0,1979
Mexico Beach,Bay,917.0,1979
Panama City,Bay,39747.0,1979
Panama City Beach,Bay,2340.0,1979
Parker,Bay,4492.0,1979
Springfield,Bay,6723.0,1979
Brooker,Bradford,390.0,1979
Hampton,Bradford,466.0,1979
Lawtey,Bradford,693.0,1979
Starke,Bradford,5178.0,1979
Cape Canaveral,Brevard,5797.0,1979
Cocoa,Brevard,17046.0,1979
Cocoa Beach,Brevard,12636.0,1979
Indialantic,Brevard,2991.0,1979
Indian Harbour Beach,Brevard,6971.0,1979
Malabar,Brevard,1200.0,1979
Melbourne,Brevard,46470.0,1979
Melbourne Beach,Brevard,2923.0,1979
Melbourne Village,Brevard,656.0,1979
Palm Bay,Brevard,15564.0,1979
Palm Shores,Brevard,101.0,1979
Rockledge,Brevard,11445.0,1979
Satellite Beach,Brevard,9120.0,1979
Titusville,Brevard,33379.0,1979
West Melbourne,Brevard,5359.0,1979
Coconut Creek,Broward,5583.0,1979
Cooper City,Broward,7541.0,1979
Coral Springs,Broward,28668.0,1979
Dania Beach,Broward,12225.0,1979
Davie,Broward,18054.0,1979
Deerfield Beach,Broward,40243.0,1979
Fort Lauderdale,Broward,155650.0,1979
Hacienda Village,Broward,190.0,1979
Hallandale Beach,Broward,35788.0,1979
Hillsboro Beach,Broward,1769.0,1979
Hollywood,Broward,120172.0,1979
Lauderdale Lakes,Broward,24591.0,1979
Lauderdale-By-The-Sea,Broward,3030.0,1979
Lauderhill,Broward,36442.0,1979
Lazy Lake,Broward,55.0,1979
Lighthouse Point,Broward,12184.0,1979
Margate,Broward,31818.0,1979
Miramar,Broward,29507.0,1979
North Lauderdale,Broward,16460.0,1979
Oakland Park,Broward,23307.0,1979
Parkland,Broward,300.0,1979
Pembroke Park,Broward,4605.0,1979
Pembroke Pines,Broward,32422.0,1979
Plantation,Broward,43299.0,1979
Pompano Beach,Broward,56207.0,1979
Sea Ranch Lakes,Broward,670.0,1979
Sunrise,Broward,34428.0,1979
Tamarac,Broward,26400.0,1979
Wilton Manors,Broward,14268.0,1979
Altha,Calhoun,527.0,1979
Blountstown,Calhoun,2624.0,1979
Punta Gorda,Charlotte,8036.0,1979
Crystal River,Citrus,3123.0,1979
Inverness,Citrus,3398.0,1979
Green Cove Springs,Clay,3513.0,1979
Keystone Heights,Clay,1036.0,1979
Orange Park,Clay,8113.0,1979
Penney Farms,Clay,618.0,1979
Everglades,Collier,587.0,1979
Naples,Collier,17796.0,1979
Fort White,Columbia,410.0,1979
Lake City,Columbia,10033.0,1979
Arcadia,De Soto,6091.0,1979
Cross City,Dixie,2312.0,1979
Horseshoe Beach,Dixie,266.0,1979
Atlantic Beach,Duval,8077.0,1979
Baldwin,Duval,1708.0,1979
Jacksonville,Duval,536573.0,1979
Jacksonville Beach,Duval,15080.0,1979
Neptune Beach,Duval,4982.0,1979
Pensacola,Escambia,68085.0,1979
South Flomaton,Escambia,416.0,1979
Beverly Beach,Flagler,90.0,1979
Bunnell,Flagler,1749.0,1979
Flagler Beach,Flagler,1921.0,1979
Painters Hill,Flagler,19.0,1979
Marineland,Flagler/St. Johns,2.0,1979
Apalachicola,Franklin,2955.0,1979
Carrabelle,Franklin,1263.0,1979
Chattahoochee,Gadsden,4953.0,1979
Greensboro,Gadsden,596.0,1979
Gretna,Gadsden,2150.0,1979
Havana,Gadsden,2227.0,1979
Quincy,Gadsden,8245.0,1979
Bell,Gilchrist,329.0,1979
Trenton,Gilchrist,1287.0,1979
Fanning Springs,Gilchrist/Levy,265.0,1979
Moore Haven,Glades,1309.0,1979
Port St. Joe,Gulf,4194.0,1979
Ward Ridge,Gulf,93.0,1979
Wewahitchka,Gulf,2080.0,1979
Jasper,Hamilton,2016.0,1979
Jennings,Hamilton,582.0,1979
White Springs,Hamilton,859.0,1979
Bowling Green,Hardee,1775.0,1979
Wauchula,Hardee,3453.0,1979
Zolfo Springs,Hardee,1329.0,1979
Clewiston,Hendry,5079.0,1979
LaBelle,Hendry,2416.0,1979
Brooksville,Hernando,6176.0,1979
Weeki Wachee,Hernando,19.0,1979
Avon Park,Highlands,8119.0,1979
Lake Placid,Highlands,929.0,1979
Sebring,Highlands,9247.0,1979
Plant City,Hillsborough,16036.0,1979
Tampa,Hillsborough,275686.0,1979
Temple Terrace,Hillsborough,11095.0,1979
Bonifay,Holmes,2658.0,1979
Esto,Holmes,330.0,1979
Noma,Holmes,230.0,1979
Ponce de Leon,Holmes,495.0,1979
Westville,Holmes,365.0,1979
Fellsmere,Indian River,1036.0,1979
Indian River Shores,Indian River,1402.0,1979
Orchid,Indian River,23.0,1979
Sebastian,Indian River,1918.0,1979
Vero Beach,Indian River,17033.0,1979
Alford,Jackson,459.0,1979
Bascom,Jackson,109.0,1979
Campbellton,Jackson,236.0,1979
Cottondale,Jackson,881.0,1979
Graceville,Jackson,2816.0,1979
Grand Ridge,Jackson,564.0,1979
Greenwood,Jackson,598.0,1979
Malone,Jackson,707.0,1979
Marianna,Jackson,6936.0,1979
Sneads,Jackson,1932.0,1979
Monticello,Jefferson,2561.0,1979
Mayo,Lafayette,834.0,1979
Astatula,Lake,604.0,1979
Clermont,Lake,5605.0,1979
Eustis,Lake,8356.0,1979
Fruitland Park,Lake,2113.0,1979
Groveland,Lake,2174.0,1979
Howey-in-the-Hills,Lake,650.0,1979
Lady Lake,Lake,1112.0,1979
Leesburg,Lake,14217.0,1979
Mascotte,Lake,1618.0,1979
Minneola,Lake,1020.0,1979
Montverde,Lake,413.0,1979
Mount Dora,Lake,6591.0,1979
Tavares,Lake,4453.0,1979
Umatilla,Lake,1893.0,1979
Cape Coral,Lee,27594.0,1979
Fort Myers,Lee,34496.0,1979
Sanibel,Lee,2817.0,1979
Tallahassee,Leon,84937.0,1979
Bronson,Levy,886.0,1979
Cedar Key,Levy,970.0,1979
Chiefland,Levy,2109.0,1979
Inglis,Levy,842.0,1979
Otter Creek,Levy,201.0,1979
Williston,Levy,2106.0,1979
Yankeetown,Levy,580.0,1979
Bristol,Liberty,636.0,1979
Greenville,Madison,1053.0,1979
Lee,Madison,264.0,1979
Madison,Madison,3601.0,1979
Anna Maria,Manatee,1502.0,1979
Bradenton,Manatee,29787.0,1979
Bradenton Beach,Manatee,2530.0,1979
Holmes Beach,Manatee,4642.0,1979
Palmetto,Manatee,8618.0,1979
Longboat Key,Manatee/Sarasota,8008.0,1979
Belleview,Marion,1457.0,1979
Dunnellon,Marion,1307.0,1979
McIntosh,Marion,402.0,1979
Ocala,Marion,34034.0,1979
Reddick,Marion,368.0,1979
Jupiter Island,Martin,371.0,1979
Ocean Breeze Park,Martin,1065.0,1979
Sewall's Point,Martin,1093.0,1979
Stuart,Martin,9879.0,1979
Bal Harbour,Miami-Dade,2657.0,1979
Bay Harbor Islands,Miami-Dade,4813.0,1979
Biscayne Park,Miami-Dade,2701.0,1979
Coral Gables,Miami-Dade,43452.0,1979
El Portal,Miami-Dade,2182.0,1979
Florida City,Miami-Dade,4876.0,1979
Golden Beach,Miami-Dade,875.0,1979
Hialeah,Miami-Dade,127729.0,1979
Hialeah Gardens,Miami-Dade,2154.0,1979
Homestead,Miami-Dade,21791.0,1979
Indian Creek,Miami-Dade,92.0,1979
Islandia,Miami-Dade,8.0,1979
Medley,Miami-Dade,540.0,1979
Miami,Miami-Dade,344755.0,1979
Miami Beach,Miami-Dade,91802.0,1979
Miami Shores,Miami-Dade,9002.0,1979
Miami Springs,Miami-Dade,12569.0,1979
North Bay Village,Miami-Dade,4835.0,1979
North Miami,Miami-Dade,42746.0,1979
North Miami Beach,Miami-Dade,36130.0,1979
Opa-locka,Miami-Dade,13739.0,1979
Pennsuco,Miami-Dade,32.0,1979
South Miami,Miami-Dade,11672.0,1979
Surfside,Miami-Dade,3854.0,1979
Sweetwater,Miami-Dade,7483.0,1979
Virginia Gardens,Miami-Dade,2476.0,1979
West Miami,Miami-Dade,5738.0,1979
Key Colony Beach,Monroe,1085.0,1979
Key West,Monroe,24841.0,1979
Layton,Monroe,295.0,1979
Munson Island,Monroe,2.0,1979
Callahan,Nassau,878.0,1979
Fernandina Beach,Nassau,8354.0,1979
Hilliard,Nassau,1553.0,1979
Cinco Bayou,Okaloosa,385.0,1979
Crestview,Okaloosa,8854.0,1979
Fort Walton Beach,Okaloosa,22974.0,1979
Laurel Hill,Okaloosa,566.0,1979
Mary Esther,Okaloosa,3767.0,1979
Niceville,Okaloosa,7558.0,1979
Shalimar,Okaloosa,850.0,1979
Valparaiso,Okaloosa,5965.0,1979
Okeechobee,Okeechobee,4134.0,1979
Apopka,Orange,5493.0,1979
Bay Lake,Orange,17.0,1979
Belle Isle,Orange,2728.0,1979
Eatonville,Orange,1874.0,1979
Edgewood,Orange,819.0,1979
Lake Buena Vista,Orange,24.0,1979
Maitland,Orange,8746.0,1979
Oakland,Orange,627.0,1979
Ocoee,Orange,6489.0,1979
Orlando,Orange,124658.0,1979
Windermere,Orange,1039.0,1979
Winter Garden,Orange,6678.0,1979
Winter Park,Orange,23214.0,1979
Kissimmee,Osceola,12357.0,1979
St. Cloud,Osceola,7074.0,1979
Atlantis,Palm Beach,1250.0,1979
Belle Glade,Palm Beach,16980.0,1979
Boca Raton,Palm Beach,49744.0,1979
Boynton Beach,Palm Beach,36365.0,1979
Briny Breezes,Palm Beach,617.0,1979
Cloud Lake,Palm Beach,128.0,1979
Delray Beach,Palm Beach,35701.0,1979
Glen Ridge,Palm Beach,221.0,1979
Golf,Palm Beach,155.0,1979
Golfview,Palm Beach,222.0,1979
Greenacres,Palm Beach,6030.0,1979
Gulf Stream,Palm Beach,526.0,1979
Haverhill,Palm Beach,1040.0,1979
Highland Beach,Palm Beach,2701.0,1979
Hypoluxo,Palm Beach,425.0,1979
Juno Beach,Palm Beach,1246.0,1979
Jupiter,Palm Beach,8683.0,1979
Jupiter Inlet Colony,Palm Beach,451.0,1979
Lake Clarke Shores,Palm Beach,2696.0,1979
Lake Park,Palm Beach,8561.0,1979
Lake Worth Beach,Palm Beach,28639.0,1979
Lantana,Palm Beach,8241.0,1979
Manalapan,Palm Beach,338.0,1979
Mangonia Park,Palm Beach,1636.0,1979
North Palm Beach,Palm Beach,11973.0,1979
Ocean Ridge,Palm Beach,1316.0,1979
Pahokee,Palm Beach,5908.0,1979
Palm Beach,Palm Beach,10347.0,1979
Palm Beach Gardens,Palm Beach,12992.0,1979
Palm Beach Shores,Palm Beach,1364.0,1979
Palm Springs,Palm Beach,9204.0,1979
Riviera Beach,Palm Beach,28860.0,1979
Royal Palm Beach,Palm Beach,4173.0,1979
South Bay,Palm Beach,3847.0,1979
South Palm Beach,Palm Beach,1591.0,1979
Tequesta,Palm Beach,3842.0,1979
West Palm Beach,Palm Beach,62834.0,1979
Dade City,Pasco,4596.0,1979
New Port Richey,Pasco,9333.0,1979
Port Richey,Pasco,1867.0,1979
St. Leo,Pasco,1000.0,1979
San Antonio,Pasco,564.0,1979
Zephyrhills,Pasco,5041.0,1979
Belleair,Pinellas,3663.0,1979
Belleair Beach,Pinellas,1827.0,1979
Belleair Bluffs,Pinellas,2970.0,1979
Belleair Shore,Pinellas,93.0,1979
Clearwater,Pinellas,82905.0,1979
Dunedin,Pinellas,29406.0,1979
Gulfport,Pinellas,12484.0,1979
Indian Rocks Beach,Pinellas,3763.0,1979
Indian Shores,Pinellas,1699.0,1979
Kenneth City,Pinellas,4257.0,1979
Largo,Pinellas,58761.0,1979
Madeira Beach,Pinellas,4847.0,1979
North Redington Beach,Pinellas,1240.0,1979
Oldsmar,Pinellas,2497.0,1979
Pinellas Park,Pinellas,32408.0,1979
Redington Beach,Pinellas,1687.0,1979
Redington Shores,Pinellas,2794.0,1979
Safety Harbor,Pinellas,5849.0,1979
St. Petersburg,Pinellas,240427.0,1979
St. Pete Beach,Pinellas,11041.0,1979
Seminole,Pinellas,5215.0,1979
South Pasadena,Pinellas,4708.0,1979
Tarpon Springs,Pinellas,13020.0,1979
Treasure Island,Pinellas,7822.0,1979
Auburndale,Polk,6157.0,1979
Bartow,Polk,13870.0,1979
Davenport,Polk,1319.0,1979
Dundee,Polk,2326.0,1979
Eagle Lake,Polk,1650.0,1979
Fort Meade,Polk,4684.0,1979
Frostproof,Polk,3005.0,1979
Haines City,Polk,9849.0,1979
Highland Park,Polk,162.0,1979
Hillcrest Heights,Polk,170.0,1979
Lake Alfred,Polk,3403.0,1979
Lake Hamilton,Polk,1311.0,1979
Lake Wales,Polk,9178.0,1979
Lakeland,Polk,46743.0,1979
Mulberry,Polk,2653.0,1979
Polk City,Polk,389.0,1979
Winter Haven,Polk,20143.0,1979
Crescent City,Putnam,1697.0,1979
Interlachen,Putnam,767.0,1979
Palatka,Putnam,9228.0,1979
Pomona Park,Putnam,650.0,1979
Welaka,Putnam,612.0,1979
Hastings,St. Johns,620.0,1979
St. Augustine,St. Johns,12590.0,1979
St. Augustine Beach,St. Johns,1227.0,1979
Fort Pierce,St. Lucie,33696.0,1979
Port St. Lucie,St. Lucie,8518.0,1979
St. Lucie Village,St. Lucie,621.0,1979
Gulf Breeze,Santa Rosa,6094.0,1979
Jay,Santa Rosa,591.0,1979
Milton,Santa Rosa,7755.0,1979
North Port,Sarasota,5292.0,1979
Sarasota,Sarasota,51023.0,1979
Venice,Sarasota,12225.0,1979
Altamonte Springs,Seminole,20969.0,1979
Casselberry,Seminole,16668.0,1979
Lake Mary,Seminole,2632.0,1979
Longwood,Seminole,7963.0,1979
Oviedo,Seminole,2796.0,1979
Sanford,Seminole,23157.0,1979
Winter Springs,Seminole,8409.0,1979
Bushnell,Sumter,1017.0,1979
Center Hill,Sumter,692.0,1979
Coleman,Sumter,1106.0,1979
Webster,Sumter,828.0,1979
Wildwood,Sumter,2725.0,1979
Branford,Suwannee,571.0,1979
Live Oak,Suwannee,7463.0,1979
Perry,Taylor,7562.0,1979
Lake Butler,Union,1798.0,1979
Raiford,Union,250.0,1979
Worthington Springs,Union,207.0,1979
Daytona Beach,Volusia,53254.0,1979
Daytona Beach Shores,Volusia,1385.0,1979
DeLand,Volusia,14036.0,1979
Edgewater,Volusia,5748.0,1979
Holly Hill,Volusia,9199.0,1979
Lake Helen,Volusia,1962.0,1979
New Smyrna Beach,Volusia,16500.0,1979
Oak Hill,Volusia,828.0,1979
Orange City,Volusia,2572.0,1979
Ormond Beach,Volusia,20210.0,1979
Pierson,Volusia,720.0,1979
Ponce Inlet,Volusia,1204.0,1979
Port Orange,Volusia,14471.0,1979
South Daytona,Volusia,11284.0,1979
St. Marks,Wakulla,302.0,1979
Sopchoppy,Wakulla,426.0,1979
DeFuniak Springs,Walton,5070.0,1979
Freeport,Walton,569.0,1979
Paxton,Walton,693.0,1979
Caryville,Washington,855.0,1979
Chipley,Washington,3659.0,1979
Ebro,Washington,181.0,1979
Vernon,Washington,810.0,1979
Wausau,Washington,275.0,1979
Incorporated Population,,5181546.0,1979
Total Population,,9245231.0,1979
Incorporated Pop. as % of Total Pop.,,0.5604560881172141,1979
